Loan_ID,Customer_ID,Branch,City,State,Gender,Age,Occupation,Annual_Income,Credit_Score,Existing_Loans,Loan_Type,Loan_Amount,Interest_Rate,Loan_Term_Months,EMI,Application_Date,Approval_Date,Loan_Status,Disbursed_Amount,Default_Flag,Days_Past_Due,Recovery_Amount,Relationship_Years,Account_Type,Digital_Banking
L00001,C10001,Chandigarh,Chandigarh,Chandigarh,Male,22,Business,89196,709,4,Home,371208,7.79,36,11596.38,2024-08-11,21-08-2024,Approved,371208,Yes,80,187700,13,Savings,No
L00002,C10002,Kolkata West,Kolkata,West Bengal,Female,21,Self-employed,66853,802,3,Personal,40379,9.44,60,846.85,2024-04-14,16-04-2024,Approved,40379,No,0,0,11,Current,Yes
L00003,C10003,Kochi,Kochi,Kerala,Female,55,Salaried,124230,741,4,Business,269600,12.7,180,3358.05,2024-03-12,16-03-2024,Approved,269600,No,0,0,2,Savings,Yes
L00004,C10004,Ahmedabad,Ahmedabad,Gujarat,Female,50,Business,120638,717,1,Personal,47460,13.53,180,617.13,2025-11-30,10-12-2025,Approved,47460,No,0,0,7,Savings,No
L00005,C10005,Ahmedabad,Ahmedabad,Gujarat,Female,56,Salaried,110008,756,1,Education,135518,10.34,60,2902.08,2024-03-08,18-03-2024,Approved,135518,No,0,0,10,Savings,No
L00006,C10006,Ahmedabad,Ahmedabad,Gujarat,Female,30,Salaried,89651,588,4,Personal,117912,12.76,120,1743.9,2025-02-12,,Rejected,0,No,0,0,4,Current,Yes
L00007,C10007,Bhopal,Bhopal,Madhya Pradesh,Male,28,Salaried,66938,709,0,Personal,98104,16.47,120,1672.22,2024-09-14,,Pending,0,No,0,0,0,Savings,No
L00008,C10008,Bhopal,Bhopal,Madhya Pradesh,Female,28,Salaried,66460,619,3,Home,528584,15.38,60,12680.66,2025-05-27,,Rejected,0,No,0,0,3,Current,Yes
L00009,C10009,Bengaluru East,Bengaluru,Karnataka,Female,31,Salaried,164029,772,3,Home,340306,15.41,60,8169.28,2024-09-02,12-09-2024,Approved,340306,No,0,0,2,Current,Yes
L00010,C10010,Bhopal,Bhopal,Madhya Pradesh,Male,29,Business,169127,643,1,Home,468029,11.31,48,12167.03,2025-07-06,,Rejected,0,No,0,0,6,Current,No
L00011,C10011,Chandigarh,Chandigarh,Chandigarh,Female,49,Self-employed,143354,726,2,Home,440414,9.57,48,11079.31,2024-01-08,09-01-2024,Approved,440414,No,0,0,1,Current,Yes
L00012,C10012,Lucknow,Lucknow,Uttar Pradesh,Male,38,Business,81160,724,4,Home,449391,12.69,48,11987.01,2025-04-29,03-05-2025,Approved,449391,No,0,0,13,Current,No
L00013,C10013,Ahmedabad,Ahmedabad,Gujarat,Female,24,Business,50799,794,0,Home,249724,12.33,48,6616.73,2025-03-08,16-03-2025,Approved,249724,No,0,0,2,Current,Yes
L00014,C10014,Delhi Central,Delhi,Delhi,Male,26,Self-employed,86965,731,1,Personal,83092,9.42,84,1354.65,2024-03-01,02-03-2024,Approved,83092,No,0,0,8,Current,No
L00015,C10015,Ahmedabad,Ahmedabad,Gujarat,Female,30,Salaried,82068,780,4,Home,314419,8.01,120,3816.43,2025-05-03,12-05-2025,Approved,314419,No,0,0,2,Savings,Yes
L00016,C10016,Kolkata West,Kolkata,West Bengal,Male,36,Salaried,174336,672,1,Auto,60418,13.07,84,1101.42,2025-11-04,13-11-2025,Approved,60418,No,0,0,8,Savings,No
L00017,C10017,Chennai North,Chennai,Tamil Nadu,Female,46,Salaried,103642,534,0,Home,475666,16.49,36,16838.3,2024-03-16,,Rejected,0,No,0,0,8,Savings,No
L00018,C10018,Bhubaneswar,Bhubaneswar,Odisha,Male,36,Salaried,66352,732,3,Education,122214,10.22,180,1329.82,2025-06-25,04-07-2025,Approved,122214,No,0,0,3,Savings,No
L00019,C10019,Mumbai South,Mumbai,Maharashtra,Male,56,Salaried,98860,601,1,Auto,119201,12.05,60,2654.57,2024-02-22,29-02-2024,Approved,119201,No,0,0,1,Savings,No
L00020,C10020,Bhopal,Bhopal,Madhya Pradesh,Male,37,Salaried,140824,621,4,Education,103519,7.59,36,3224.37,2025-12-08,,Pending,0,No,0,0,1,Current,Yes
L00021,C10021,Ahmedabad,Ahmedabad,Gujarat,Male,23,Salaried,35458,728,1,Auto,142714,14.52,84,2715.62,2025-09-27,,Rejected,0,No,0,0,7,Savings,Yes
L00022,C10022,Bhubaneswar,Bhubaneswar,Odisha,Female,22,Salaried,112080,661,3,Education,143254,14.12,48,3923.26,2024-09-30,02-10-2024,Approved,143254,No,0,0,1,Current,Yes
L00023,C10023,Chennai North,Chennai,Tamil Nadu,Female,43,Salaried,84662,707,3,Personal,29099,16.2,60,710.73,2024-12-25,01-01-2025,Approved,29099,No,0,0,10,Savings,Yes
L00024,C10024,Bhubaneswar,Bhubaneswar,Odisha,Female,32,Business,94590,791,0,Home,377836,10.61,60,8141.77,2025-03-22,31-03-2025,Approved,377836,No,0,0,6,Current,Yes
L00025,C10025,Kochi,Kochi,Kerala,Female,21,Salaried,166151,625,1,Personal,29171,16.04,60,710,2025-09-30,02-10-2025,Approved,29171,No,0,0,9,Current,No
L00026,C10026,Pune East,Pune,Maharashtra,Female,39,Business,75289,536,3,Auto,149390,13.6,48,4052.39,2025-09-22,,Rejected,0,No,0,0,12,Savings,No
L00027,C10027,Hyderabad Central,Hyderabad,Telangana,Male,48,Self-employed,109475,616,1,Personal,116463,9.03,36,3705.12,2024-10-17,,Rejected,0,No,0,0,10,Savings,Yes
L00028,C10028,Chandigarh,Chandigarh,Chandigarh,Female,35,Self-employed,63627,706,0,Home,399108,13,36,13447.53,2025-04-11,21-04-2025,Approved,399108,No,0,0,12,Current,No
L00029,C10029,Chennai North,Chennai,Tamil Nadu,Male,21,Self-employed,52941,698,4,Personal,93060,9.74,36,2991.44,2025-04-12,20-04-2025,Approved,93060,No,0,0,10,Current,No
L00030,C10030,Patna,Patna,Bihar,Female,31,Business,149433,641,3,Home,279624,15.06,60,6661.05,2025-06-17,,Rejected,0,No,0,0,7,Current,No
L00031,C10031,Mumbai South,Mumbai,Maharashtra,Female,36,Salaried,108809,712,1,Home,513829,8.88,48,12757.4,2024-03-06,12-03-2024,Approved,513829,No,0,0,13,Savings,Yes
L00032,C10032,Patna,Patna,Bihar,Female,45,Self-employed,178112,672,0,Business,381827,10.92,36,12486.07,2024-12-26,02-01-2025,Approved,381827,No,0,0,13,Savings,No
L00033,C10033,Chennai North,Chennai,Tamil Nadu,Female,48,Salaried,126936,635,3,Education,140166,11.71,48,3671.18,2025-09-29,,Rejected,0,No,0,0,12,Savings,Yes
L00034,C10034,Chandigarh,Chandigarh,Chandigarh,Female,29,Self-employed,72639,780,0,Home,321627,9.4,60,6739.06,2024-12-11,18-12-2024,Approved,321627,No,0,0,13,Current,Yes
L00035,C10035,Jaipur,Jaipur,Rajasthan,Male,55,Salaried,116740,694,0,Education,62411,9.29,36,1993.09,2025-09-28,01-10-2025,Approved,62411,No,0,0,3,Savings,No
L00036,C10036,Kochi,Kochi,Kerala,Female,44,Salaried,55024,716,1,Business,136674,12.71,60,3089.5,2025-08-12,19-08-2025,Approved,136674,No,0,0,6,Savings,Yes
L00037,C10037,Mumbai South,Mumbai,Maharashtra,Female,59,Self-employed,173355,703,3,Auto,68076,12.05,60,1516.03,2024-01-13,,Rejected,0,No,0,0,15,Savings,No
L00038,C10038,Pune East,Pune,Maharashtra,Female,30,Salaried,161772,626,2,Auto,191078,14.47,84,3630.6,2025-03-22,,Rejected,0,No,0,0,8,Current,Yes
L00039,C10039,Patna,Patna,Bihar,Male,38,Self-employed,88927,690,3,Personal,84789,15.16,48,2366.62,2025-05-14,19-05-2025,Approved,84789,No,0,0,8,Savings,Yes
L00040,C10040,Mumbai South,Mumbai,Maharashtra,Male,47,Salaried,87999,599,3,Auto,178665,11.53,36,5894.21,2024-04-05,12-04-2024,Approved,178665,No,0,0,9,Current,No
L00041,C10041,Lucknow,Lucknow,Uttar Pradesh,Female,48,Student,169281,636,2,Personal,50217,8.59,48,1239.9,2024-11-19,28-11-2024,Approved,50217,No,0,0,5,Savings,Yes
L00042,C10042,Kochi,Kochi,Kerala,Female,38,Business,162530,785,4,Home,202704,14.99,60,4821.25,2024-08-20,25-08-2024,Approved,202704,Yes,166,16591,8,Savings,Yes
L00043,C10043,Lucknow,Lucknow,Uttar Pradesh,Female,29,Business,153680,698,2,Personal,77733,10.57,36,2529.08,2024-09-15,,Pending,0,No,0,0,15,Savings,Yes
L00044,C10044,Ahmedabad,Ahmedabad,Gujarat,Female,25,Business,39053,696,1,Home,445090,16.04,36,15656.83,2024-09-11,18-09-2024,Approved,445090,No,0,0,7,Current,No
L00045,C10045,Bhubaneswar,Bhubaneswar,Odisha,Female,40,Self-employed,137415,656,4,Business,132026,16.03,48,3743.68,2025-10-02,04-10-2025,Approved,132026,No,0,0,5,Savings,Yes
L00046,C10046,Delhi Central,Delhi,Delhi,Female,49,Business,148184,781,2,Home,301049,13.86,180,3980.92,2025-04-09,13-04-2025,Approved,301049,No,0,0,6,Current,Yes
L00047,C10047,Lucknow,Lucknow,Uttar Pradesh,Male,30,Self-employed,62286,727,2,Auto,199214,15.79,84,3933.01,2024-05-07,12-05-2024,Approved,199214,No,0,0,8,Current,No
L00048,C10048,Mumbai South,Mumbai,Maharashtra,Male,48,Business,90632,708,0,Home,503526,15.02,120,8129.8,2025-08-24,,Pending,0,No,0,0,8,Savings,Yes
L00049,C10049,Jaipur,Jaipur,Rajasthan,Female,38,Salaried,178440,571,0,Personal,73523,10.5,180,812.72,2024-04-17,,Pending,0,No,0,0,10,Current,No
L00050,C10050,Hyderabad Central,Hyderabad,Telangana,Female,56,Salaried,48084,740,2,Home,210776,16.23,84,4214.1,2025-06-10,,Rejected,0,No,0,0,0,Current,No
L00051,C10051,Delhi Central,Delhi,Delhi,Male,54,Salaried,155676,606,1,Home,218688,15.85,84,4324.93,2025-12-16,,Rejected,0,No,0,0,0,Savings,Yes
L00052,C10052,Hyderabad Central,Hyderabad,Telangana,Male,56,Salaried,83903,606,0,Personal,35396,13.33,48,955.39,2025-05-25,,Pending,0,No,0,0,9,Current,No
L00053,C10053,Patna,Patna,Bihar,Female,51,Salaried,169510,717,4,Personal,37892,15.28,60,907.03,2025-02-28,09-03-2025,Approved,37892,No,0,0,0,Current,No
L00054,C10054,Patna,Patna,Bihar,Female,30,Salaried,151967,725,2,Personal,119991,12.39,84,2143.28,2024-11-25,,Rejected,0,No,0,0,7,Current,Yes
L00055,C10055,Patna,Patna,Bihar,Female,23,Salaried,148987,654,3,Business,159746,11.96,36,5302.8,2024-05-09,19-05-2024,Approved,159746,No,0,0,3,Current,Yes
L00056,C10056,Lucknow,Lucknow,Uttar Pradesh,Female,21,Business,132473,567,1,Home,559744,16.22,60,13677.4,2025-09-30,,Rejected,0,No,0,0,2,Current,No
L00057,C10057,Pune East,Pune,Maharashtra,Female,55,Salaried,42936,700,2,Business,127384,11.41,36,4195.17,2025-10-10,,Rejected,0,No,0,0,3,Current,Yes
L00058,C10058,Kochi,Kochi,Kerala,Female,22,Salaried,39711,795,2,Personal,76450,8.81,120,960.59,2025-02-25,28-02-2025,Approved,76450,No,0,0,2,Current,Yes
L00059,C10059,Jaipur,Jaipur,Rajasthan,Male,35,Salaried,91578,589,3,Business,366574,8.92,84,5882.97,2024-12-19,,Pending,0,No,0,0,9,Current,No
L00060,C10060,Jaipur,Jaipur,Rajasthan,Female,33,Student,151670,716,0,Home,449852,10.73,60,9720.41,2025-12-17,24-12-2025,Approved,449852,No,0,0,1,Current,No
L00061,C10061,Bhopal,Bhopal,Madhya Pradesh,Male,59,Self-employed,82410,626,1,Auto,60334,10.28,84,1010.37,2024-02-04,,Rejected,0,No,0,0,4,Savings,No
L00062,C10062,Pune East,Pune,Maharashtra,Female,32,Salaried,166402,616,2,Personal,55720,14.97,60,1324.7,2025-05-08,,Pending,0,No,0,0,9,Current,Yes
L00063,C10063,Jaipur,Jaipur,Rajasthan,Male,30,Self-employed,84143,761,3,Business,372192,10.79,84,6331.81,2024-01-15,17-01-2024,Approved,372192,No,0,0,8,Current,No
L00064,C10064,Mumbai South,Mumbai,Maharashtra,Male,51,Salaried,172169,603,2,Business,196060,13.33,180,2523.36,2025-04-20,,Pending,0,No,0,0,9,Current,Yes
L00065,C10065,Bengaluru East,Bengaluru,Karnataka,Male,23,Salaried,154138,728,4,Home,387839,10.84,180,4369.28,2025-12-14,,Pending,0,No,0,0,13,Savings,No
L00066,C10066,Chandigarh,Chandigarh,Chandigarh,Male,52,Business,98332,724,0,Auto,106955,11.49,48,2789.83,2025-01-06,12-01-2025,Approved,106955,No,0,0,11,Savings,No
L00067,C10067,Hyderabad Central,Hyderabad,Telangana,Male,28,Self-employed,144201,730,4,Business,106517,14.58,48,2941.82,2024-05-08,12-05-2024,Approved,106517,No,0,0,6,Savings,Yes
L00068,C10068,Pune East,Pune,Maharashtra,Male,59,Salaried,62929,716,1,Personal,42871,8.49,36,1353.13,2024-05-14,18-05-2024,Approved,42871,No,0,0,0,Savings,No
L00069,C10069,Delhi Central,Delhi,Delhi,Male,47,Salaried,41661,569,4,Auto,168490,12.03,120,2420.26,2024-02-14,,Rejected,0,No,0,0,9,Current,Yes
L00070,C10070,Delhi Central,Delhi,Delhi,Female,46,Salaried,53301,708,3,Education,88138,8.16,36,2768.43,2024-11-25,27-11-2024,Approved,88138,No,0,0,10,Current,No
L00071,C10071,Jaipur,Jaipur,Rajasthan,Female,27,Self-employed,54992,751,4,Education,58183,11.37,48,1514.25,2025-02-27,07-03-2025,Approved,58183,No,0,0,3,Current,No
L00072,C10072,Pune East,Pune,Maharashtra,Female,44,Student,149326,608,0,Home,194755,8.34,36,6133.51,2025-01-16,,Rejected,0,No,0,0,1,Current,Yes
L00073,C10073,Ahmedabad,Ahmedabad,Gujarat,Female,48,Self-employed,38486,782,2,Home,416030,9.41,180,4321.72,2025-05-08,10-05-2025,Approved,416030,No,0,0,11,Savings,No
L00074,C10074,Kolkata West,Kolkata,West Bengal,Male,48,Self-employed,170945,671,0,Auto,120109,7.76,60,2421.61,2025-12-20,,Rejected,0,No,0,0,10,Current,Yes
L00075,C10075,Bengaluru East,Bengaluru,Karnataka,Male,57,Business,43241,752,0,Home,428125,9.44,84,6984.12,2025-04-09,15-04-2025,Approved,428125,No,0,0,10,Savings,Yes
L00076,C10076,Bengaluru East,Bengaluru,Karnataka,Male,60,Salaried,46386,767,2,Personal,75576,11.87,84,1328.87,2025-02-28,09-03-2025,Approved,75576,No,0,0,13,Savings,No
L00077,C10077,Chandigarh,Chandigarh,Chandigarh,Female,54,Business,36905,727,0,Home,308030,16.01,48,8731.23,2024-09-18,20-09-2024,Approved,308030,Yes,140,46057,4,Current,Yes
L00078,C10078,Lucknow,Lucknow,Uttar Pradesh,Female,25,Salaried,36089,850,3,Home,190822,15.26,120,3109.08,2025-03-15,22-03-2025,Approved,190822,No,0,0,12,Savings,No
L00079,C10079,Bengaluru East,Bengaluru,Karnataka,Female,44,Salaried,52751,693,4,Home,312673,14.21,48,8577.23,2024-12-07,,Rejected,0,No,0,0,2,Savings,Yes
L00080,C10080,Bhubaneswar,Bhubaneswar,Odisha,Female,43,Business,63716,783,1,Home,284201,9.28,120,3643.35,2024-06-05,07-06-2024,Approved,284201,No,0,0,15,Current,No
L00081,C10081,Chandigarh,Chandigarh,Chandigarh,Female,41,Salaried,42900,592,2,Auto,142259,12.07,60,3169.51,2025-04-17,,Rejected,0,No,0,0,1,Current,No
L00082,C10082,Mumbai South,Mumbai,Maharashtra,Male,60,Business,125789,709,3,Auto,60753,11.55,120,855.9,2025-10-29,08-11-2025,Approved,60753,No,0,0,4,Savings,No
L00083,C10083,Mumbai South,Mumbai,Maharashtra,Female,26,Salaried,70235,796,3,Personal,99928,8.93,60,2070.95,2024-10-16,22-10-2024,Approved,99928,No,0,0,1,Current,Yes
L00084,C10084,Pune East,Pune,Maharashtra,Male,56,Business,99487,716,2,Education,116057,16.18,120,1957.15,2024-06-02,12-06-2024,Approved,116057,No,0,0,11,Current,No
L00085,C10085,Bengaluru East,Bengaluru,Karnataka,Male,40,Business,111108,730,4,Home,501512,11.31,60,10981.78,2024-01-19,22-01-2024,Approved,501512,No,0,0,10,Current,Yes
L00086,C10086,Chennai North,Chennai,Tamil Nadu,Male,30,Salaried,51513,593,4,Education,139460,14.15,120,2177.94,2024-02-08,,Rejected,0,No,0,0,4,Current,Yes
L00087,C10087,Bengaluru East,Bengaluru,Karnataka,Male,60,Self-employed,68395,686,2,Auto,112267,16.23,120,1896.74,2024-10-18,,Rejected,0,No,0,0,14,Savings,Yes
L00088,C10088,Hyderabad Central,Hyderabad,Telangana,Female,33,Salaried,174532,669,3,Personal,56932,14.5,120,901.16,2025-06-24,27-06-2025,Approved,56932,No,0,0,4,Current,Yes
L00089,C10089,Chandigarh,Chandigarh,Chandigarh,Female,44,Business,51893,669,0,Home,550092,8.94,84,8833.73,2025-06-09,16-06-2025,Approved,550092,Yes,86,236520,11,Savings,No
L00090,C10090,Delhi Central,Delhi,Delhi,Female,53,Salaried,126231,608,0,Personal,23694,10.37,36,768.66,2025-10-27,30-10-2025,Approved,23694,Yes,103,13594,15,Savings,No
L00091,C10091,Jaipur,Jaipur,Rajasthan,Male,26,Salaried,81532,734,4,Personal,34573,14.49,48,953.28,2024-11-04,08-11-2024,Approved,34573,No,0,0,14,Savings,Yes
L00092,C10092,Patna,Patna,Bihar,Female,59,Salaried,160102,613,4,Home,225275,10.12,36,7281.69,2025-09-21,,Rejected,0,No,0,0,13,Savings,Yes
L00093,C10093,Lucknow,Lucknow,Uttar Pradesh,Female,25,Student,167627,481,4,Home,396486,7.89,84,6158.01,2025-01-17,18-01-2025,Approved,396486,No,0,0,2,Current,Yes
L00094,C10094,Kochi,Kochi,Kerala,Male,58,Business,112167,680,1,Home,436268,10.55,180,4836.03,2024-06-28,,Rejected,0,No,0,0,14,Current,Yes
L00095,C10095,Bhopal,Bhopal,Madhya Pradesh,Male,25,Business,144977,735,1,Business,245463,15.9,120,4096.54,2025-02-11,,Pending,0,No,0,0,15,Current,Yes
L00096,C10096,Bhopal,Bhopal,Madhya Pradesh,Male,39,Salaried,37531,700,2,Home,569085,10.81,84,9687.36,2025-03-26,,Rejected,0,No,0,0,12,Current,Yes
L00097,C10097,Jaipur,Jaipur,Rajasthan,Female,44,Self-employed,161125,686,3,Home,465859,16.46,48,13312.58,2025-07-12,14-07-2025,Approved,465859,Yes,105,160692,14,Current,Yes
L00098,C10098,Kochi,Kochi,Kerala,Female,43,Salaried,117421,718,4,Business,223946,13.26,36,7573.7,2024-03-17,24-03-2024,Approved,223946,No,0,0,5,Savings,Yes
L00099,C10099,Patna,Patna,Bihar,Female,23,Salaried,86864,701,3,Business,96979,12.95,180,1223.83,2025-04-05,,Pending,0,No,0,0,11,Current,Yes
L00100,C10100,Kolkata West,Kolkata,West Bengal,Male,54,Salaried,107414,624,2,Home,209479,7.73,48,5087.49,2025-05-26,,Rejected,0,No,0,0,3,Current,No
L00101,C10101,Kochi,Kochi,Kerala,Female,34,Student,99862,602,1,Home,597126,8.17,48,14625.29,2025-12-31,,Rejected,0,No,0,0,2,Current,No
L00102,C10102,Kochi,Kochi,Kerala,Male,56,Salaried,103631,451,1,Education,121779,13.24,60,2785.83,2025-06-04,08-06-2025,Approved,121779,No,0,0,7,Current,Yes
L00103,C10103,Pune East,Pune,Maharashtra,Female,50,Self-employed,169610,789,0,Personal,113969,13.97,120,1767.5,2025-02-24,06-03-2025,Approved,113969,No,0,0,10,Savings,No
L00104,C10104,Jaipur,Jaipur,Rajasthan,Female,29,Self-employed,169520,795,4,Home,217650,11.39,36,7165.85,2024-05-07,12-05-2024,Approved,217650,No,0,0,10,Savings,No
L00105,C10105,Lucknow,Lucknow,Uttar Pradesh,Female,26,Salaried,169399,674,4,Personal,85873,13.27,120,1295.89,2025-08-17,27-08-2025,Approved,85873,No,0,0,10,Savings,Yes
L00106,C10106,Mumbai South,Mumbai,Maharashtra,Male,57,Salaried,80262,786,4,Personal,103753,7.77,180,977.79,2025-07-12,17-07-2025,Approved,103753,No,0,0,12,Current,No
L00107,C10107,Mumbai South,Mumbai,Maharashtra,Male,31,Salaried,151943,627,1,Personal,114157,10.37,60,2446.33,2025-02-12,18-02-2025,Approved,114157,No,0,0,3,Current,Yes
L00108,C10108,Jaipur,Jaipur,Rajasthan,Male,38,Salaried,61930,704,0,Home,351405,15.28,84,6836.3,2024-09-11,,Pending,0,No,0,0,5,Current,No
L00109,C10109,Chennai North,Chennai,Tamil Nadu,Male,52,Student,147372,629,0,Home,356172,12.05,48,9388.12,2024-08-08,,Rejected,0,No,0,0,1,Savings,No
L00110,C10110,Jaipur,Jaipur,Rajasthan,Female,39,Salaried,53179,690,3,Home,288659,14.05,84,5417.45,2025-01-09,10-01-2025,Approved,288659,No,0,0,6,Current,No
L00111,C10111,Mumbai South,Mumbai,Maharashtra,Female,53,Salaried,169141,650,4,Home,200688,11.05,60,4368.45,2025-07-25,,Pending,0,No,0,0,4,Savings,No
L00112,C10112,Lucknow,Lucknow,Uttar Pradesh,Male,23,Salaried,112304,850,3,Personal,39521,12.96,120,589.16,2024-05-23,02-06-2024,Approved,39521,No,0,0,12,Current,No
L00113,C10113,Lucknow,Lucknow,Uttar Pradesh,Female,57,Salaried,29361,619,3,Auto,56985,12.87,60,1292.79,2025-11-02,,Rejected,0,No,0,0,7,Savings,No
L00114,C10114,Bengaluru East,Bengaluru,Karnataka,Female,30,Self-employed,88490,767,0,Auto,78808,9.22,84,1276.76,2024-11-17,24-11-2024,Approved,78808,No,0,0,13,Current,Yes
L00115,C10115,Kochi,Kochi,Kerala,Male,54,Salaried,110209,769,3,Personal,42699,11.64,120,603.75,2024-12-16,21-12-2024,Approved,42699,No,0,0,6,Savings,No
L00116,C10116,Lucknow,Lucknow,Uttar Pradesh,Female,35,Self-employed,103017,689,2,Education,120471,13.84,60,2793.17,2025-05-06,11-05-2025,Approved,120471,No,0,0,12,Current,No
L00117,C10117,Bhopal,Bhopal,Madhya Pradesh,Male,39,Salaried,45717,646,2,Education,58047,9.32,120,745.41,2024-10-04,,Pending,0,No,0,0,8,Savings,Yes
L00118,C10118,Kolkata West,Kolkata,West Bengal,Male,36,Salaried,164209,752,1,Auto,63760,8.4,60,1305.06,2025-04-28,01-05-2025,Approved,63760,Yes,170,10350,13,Current,No
L00119,C10119,Chandigarh,Chandigarh,Chandigarh,Male,39,Salaried,40509,715,4,Home,537284,14.01,36,18365.7,2024-06-28,01-07-2024,Approved,537284,No,0,0,1,Current,No
L00120,C10120,Bengaluru East,Bengaluru,Karnataka,Female,23,Salaried,173887,673,4,Home,325658,10.06,180,3511.5,2025-07-10,13-07-2025,Approved,325658,No,0,0,14,Current,Yes
L00121,C10121,Bhopal,Bhopal,Madhya Pradesh,Male,42,Salaried,145301,623,0,Education,133647,10.16,180,1449.29,2024-07-16,23-07-2024,Approved,133647,No,0,0,10,Savings,No
L00122,C10122,Chandigarh,Chandigarh,Chandigarh,Male,32,Student,150161,600,2,Business,83580,9.85,48,2113.79,2025-04-02,,Rejected,0,No,0,0,10,Current,Yes
L00123,C10123,Hyderabad Central,Hyderabad,Telangana,Female,36,Salaried,55991,649,4,Business,243042,13.71,180,3189.48,2024-10-29,,Rejected,0,No,0,0,7,Savings,Yes
L00124,C10124,Jaipur,Jaipur,Rajasthan,Male,50,Business,122943,698,3,Education,149642,11.74,120,2124.5,2025-11-11,,Rejected,0,No,0,0,7,Savings,No
L00125,C10125,Lucknow,Lucknow,Uttar Pradesh,Female,25,Self-employed,54414,771,4,Home,431364,8.85,60,8923.04,2025-06-16,20-06-2025,Approved,431364,No,0,0,15,Savings,No
L00126,C10126,Bhopal,Bhopal,Madhya Pradesh,Male,50,Salaried,133901,723,3,Auto,196485,11.66,60,4337.02,2024-01-23,24-01-2024,Approved,196485,No,0,0,2,Savings,No
L00127,C10127,Pune East,Pune,Maharashtra,Male,55,Student,43092,768,2,Personal,37750,14.39,180,512.66,2025-10-23,,Pending,0,No,0,0,11,Current,No
L00128,C10128,Patna,Patna,Bihar,Female,45,Salaried,166374,683,1,Auto,141165,8.57,120,1755.53,2025-02-06,10-02-2025,Approved,141165,No,0,0,0,Current,No
L00129,C10129,Chandigarh,Chandigarh,Chandigarh,Female,55,Salaried,85205,691,2,Home,530121,14.39,36,18218.86,2025-11-07,08-11-2025,Approved,530121,No,0,0,2,Savings,Yes
L00130,C10130,Jaipur,Jaipur,Rajasthan,Male,36,Business,130451,754,3,Home,263911,14.29,36,9057.07,2024-05-23,28-05-2024,Approved,263911,No,0,0,10,Current,Yes
L00131,C10131,Hyderabad Central,Hyderabad,Telangana,Male,54,Salaried,103774,675,4,Business,171820,13.13,84,3137.9,2025-07-23,29-07-2025,Approved,171820,No,0,0,12,Current,No
L00132,C10132,Ahmedabad,Ahmedabad,Gujarat,Male,40,Salaried,166014,778,3,Home,268145,10.21,180,2916.05,2024-05-27,28-05-2024,Approved,268145,No,0,0,13,Savings,No
L00133,C10133,Chennai North,Chennai,Tamil Nadu,Female,34,Salaried,45727,809,0,Personal,44966,7.96,84,699.95,2025-11-20,21-11-2025,Approved,44966,No,0,0,6,Savings,No
L00134,C10134,Chennai North,Chennai,Tamil Nadu,Female,40,Student,29019,626,1,Business,141507,14.22,84,2669.07,2024-09-05,,Rejected,0,No,0,0,6,Current,Yes
L00135,C10135,Lucknow,Lucknow,Uttar Pradesh,Female,39,Salaried,164893,654,2,Personal,85179,11.69,180,1005.36,2025-04-25,,Rejected,0,No,0,0,10,Savings,No
L00136,C10136,Pune East,Pune,Maharashtra,Female,23,Business,83005,641,1,Home,440094,15.91,120,7347.49,2025-03-03,07-03-2025,Approved,440094,No,0,0,12,Savings,No
L00137,C10137,Lucknow,Lucknow,Uttar Pradesh,Female,37,Self-employed,153089,788,3,Personal,116045,14.65,48,3209.07,2024-05-23,31-05-2024,Approved,116045,No,0,0,1,Savings,Yes
L00138,C10138,Patna,Patna,Bihar,Male,21,Salaried,85668,669,0,Education,31198,9.47,84,509.42,2025-01-17,27-01-2025,Approved,31198,No,0,0,15,Savings,Yes
L00139,C10139,Lucknow,Lucknow,Uttar Pradesh,Female,21,Salaried,97021,633,4,Education,118346,11.38,48,3080.6,2024-04-19,,Pending,0,No,0,0,4,Savings,Yes
L00140,C10140,Kolkata West,Kolkata,West Bengal,Female,43,Salaried,129044,677,0,Personal,73218,11.63,48,1914.84,2025-12-14,16-12-2025,Approved,73218,No,0,0,1,Savings,No
L00141,C10141,Ahmedabad,Ahmedabad,Gujarat,Female,56,Salaried,27477,681,3,Auto,136840,12.59,36,4583.7,2025-06-24,,Pending,0,No,0,0,7,Savings,No
L00142,C10142,Hyderabad Central,Hyderabad,Telangana,Male,25,Business,98498,662,4,Auto,58625,9.11,60,1220.09,2024-01-17,,Pending,0,No,0,0,4,Current,Yes
L00143,C10143,Hyderabad Central,Hyderabad,Telangana,Male,57,Salaried,127015,651,3,Education,48343,14.61,180,663.74,2024-03-21,27-03-2024,Approved,48343,Yes,141,7606,2,Current,No
L00144,C10144,Bhopal,Bhopal,Madhya Pradesh,Female,22,Business,143109,611,3,Home,439951,15.97,84,8730.82,2024-07-09,,Rejected,0,No,0,0,12,Savings,No
L00145,C10145,Bhopal,Bhopal,Madhya Pradesh,Male,25,Salaried,65428,600,1,Education,71507,10.75,36,2332.59,2024-01-06,,Pending,0,No,0,0,14,Current,No
L00146,C10146,Mumbai South,Mumbai,Maharashtra,Male,26,Salaried,142661,773,4,Auto,156966,8.43,36,4949.94,2024-12-28,07-01-2025,Approved,156966,No,0,0,10,Current,Yes
L00147,C10147,Hyderabad Central,Hyderabad,Telangana,Female,45,Self-employed,171679,850,4,Personal,109825,10.93,48,2834.75,2024-10-02,10-10-2024,Approved,109825,No,0,0,5,Current,No
L00148,C10148,Ahmedabad,Ahmedabad,Gujarat,Female,51,Self-employed,119666,581,2,Business,339943,12.84,48,9092.85,2025-04-13,18-04-2025,Approved,339943,Yes,131,87088,12,Current,No
L00149,C10149,Pune East,Pune,Maharashtra,Female,59,Salaried,109060,603,3,Personal,72198,16.22,60,1764.17,2025-12-12,,Rejected,0,No,0,0,7,Current,No
L00150,C10150,Hyderabad Central,Hyderabad,Telangana,Female,44,Salaried,172810,624,1,Auto,193033,9.12,120,2457.81,2024-01-28,,Pending,0,No,0,0,14,Savings,No
L00151,C10151,Bhopal,Bhopal,Madhya Pradesh,Female,25,Self-employed,132254,672,2,Home,495329,8.89,84,7941.76,2025-01-21,31-01-2025,Approved,495329,No,0,0,12,Current,Yes
L00152,C10152,Bhopal,Bhopal,Madhya Pradesh,Female,55,Business,47277,656,0,Education,116193,13.48,48,3144.92,2025-10-24,03-11-2025,Approved,116193,No,0,0,12,Current,No
L00153,C10153,Mumbai South,Mumbai,Maharashtra,Male,27,Salaried,158870,688,4,Home,346146,11.02,180,3938.63,2025-08-25,28-08-2025,Approved,346146,No,0,0,0,Current,Yes
L00154,C10154,Hyderabad Central,Hyderabad,Telangana,Female,26,Salaried,62139,600,2,Personal,79681,14.56,120,1264.15,2025-05-09,11-05-2025,Approved,79681,No,0,0,14,Current,Yes
L00155,C10155,Hyderabad Central,Hyderabad,Telangana,Male,28,Salaried,114935,627,1,Business,207880,12.14,120,2999.32,2024-06-12,19-06-2024,Approved,207880,No,0,0,7,Current,Yes
L00156,C10156,Bengaluru East,Bengaluru,Karnataka,Female,46,Salaried,76727,605,3,Auto,151930,7.54,48,3676.34,2024-07-29,31-07-2024,Approved,151930,No,0,0,5,Current,No
L00157,C10157,Chennai North,Chennai,Tamil Nadu,Female,28,Salaried,153315,591,4,Personal,71451,12.78,60,1617.69,2024-12-26,,Rejected,0,No,0,0,5,Current,Yes
L00158,C10158,Chandigarh,Chandigarh,Chandigarh,Male,41,Salaried,105053,672,0,Home,513560,8.77,84,8202.89,2025-03-04,14-03-2025,Approved,513560,No,0,0,5,Current,Yes
L00159,C10159,Lucknow,Lucknow,Uttar Pradesh,Male,52,Salaried,74046,659,0,Business,85024,11.86,48,2233.17,2025-01-28,,Pending,0,No,0,0,15,Current,No
L00160,C10160,Ahmedabad,Ahmedabad,Gujarat,Female,52,Salaried,173215,760,0,Education,58905,10.13,60,1255.33,2024-08-18,21-08-2024,Approved,58905,No,0,0,15,Savings,Yes
L00161,C10161,Hyderabad Central,Hyderabad,Telangana,Female,55,Self-employed,35907,694,1,Business,133695,14.12,180,1791.26,2024-09-10,11-09-2024,Approved,133695,No,0,0,11,Savings,No
L00162,C10162,Patna,Patna,Bihar,Male,36,Salaried,179120,614,2,Business,399952,13.19,48,10767.47,2025-09-22,26-09-2025,Approved,399952,No,0,0,1,Current,No
L00163,C10163,Kolkata West,Kolkata,West Bengal,Male,41,Student,101712,676,4,Business,129925,8.72,84,2071.96,2024-03-01,,Pending,0,No,0,0,4,Savings,Yes
L00164,C10164,Bengaluru East,Bengaluru,Karnataka,Female,36,Self-employed,127944,743,3,Home,481560,9.92,84,7974.57,2025-01-19,21-01-2025,Approved,481560,No,0,0,8,Current,No
L00165,C10165,Jaipur,Jaipur,Rajasthan,Female,58,Salaried,49416,680,2,Business,360192,11.08,84,6182.53,2024-08-04,10-08-2024,Approved,360192,No,0,0,10,Savings,No
L00166,C10166,Bhopal,Bhopal,Madhya Pradesh,Female,24,Salaried,145476,613,0,Home,599656,8.92,84,9623.58,2024-01-01,,Pending,0,No,0,0,13,Savings,Yes
L00167,C10167,Bhubaneswar,Bhubaneswar,Odisha,Female,31,Self-employed,96832,745,0,Personal,105054,8.99,84,1689.69,2025-10-02,06-10-2025,Approved,105054,No,0,0,2,Savings,Yes
L00168,C10168,Chennai North,Chennai,Tamil Nadu,Female,25,Salaried,84294,726,4,Auto,52434,7.57,60,1052.41,2024-05-03,,Pending,0,No,0,0,13,Savings,No
L00169,C10169,Mumbai South,Mumbai,Maharashtra,Male,45,Salaried,51850,743,2,Home,555516,14.82,48,15409.79,2025-10-18,,Pending,0,No,0,0,4,Savings,Yes
L00170,C10170,Kolkata West,Kolkata,West Bengal,Male,49,Salaried,80851,730,1,Business,311936,15.24,36,10850.06,2024-04-12,14-04-2024,Approved,311936,No,0,0,12,Current,No
L00171,C10171,Pune East,Pune,Maharashtra,Male,36,Salaried,47085,691,4,Home,512008,7.74,180,4816.47,2024-11-04,14-11-2024,Approved,512008,No,0,0,12,Current,Yes
L00172,C10172,Bhopal,Bhopal,Madhya Pradesh,Male,52,Salaried,88198,784,3,Auto,68615,12.25,36,2287.2,2025-01-04,,Pending,0,No,0,0,4,Current,No
L00173,C10173,Pune East,Pune,Maharashtra,Male,51,Student,44134,716,2,Home,181703,16.04,84,3613.14,2025-06-02,11-06-2025,Approved,181703,No,0,0,13,Current,Yes
L00174,C10174,Chandigarh,Chandigarh,Chandigarh,Male,38,Salaried,45715,692,4,Business,161462,12.33,84,2878.82,2025-08-23,25-08-2025,Approved,161462,No,0,0,13,Savings,Yes
L00175,C10175,Chennai North,Chennai,Tamil Nadu,Male,48,Salaried,39425,648,1,Home,521143,8.73,36,16506.8,2024-06-16,,Rejected,0,No,0,0,11,Current,Yes
L00176,C10176,Pune East,Pune,Maharashtra,Male,38,Business,55947,797,0,Personal,76272,9.95,36,2459.29,2024-09-26,06-10-2024,Approved,76272,No,0,0,15,Current,No
L00177,C10177,Delhi Central,Delhi,Delhi,Female,57,Salaried,66237,688,4,Auto,80234,9.56,120,1040.85,2024-01-03,04-01-2024,Approved,80234,No,0,0,15,Current,No
L00178,C10178,Bhubaneswar,Bhubaneswar,Odisha,Male,32,Self-employed,34270,722,4,Education,123588,14.17,84,2327.66,2024-08-17,24-08-2024,Approved,123588,No,0,0,10,Current,Yes
L00179,C10179,Kolkata West,Kolkata,West Bengal,Female,28,Salaried,38807,744,0,Business,116137,15.39,60,2786.72,2024-11-14,23-11-2024,Approved,116137,No,0,0,11,Savings,No
L00180,C10180,Kolkata West,Kolkata,West Bengal,Female,60,Salaried,121540,804,4,Business,182457,14.09,120,2842.83,2024-09-08,15-09-2024,Approved,182457,Yes,168,45406,0,Current,Yes
L00181,C10181,Bhopal,Bhopal,Madhya Pradesh,Female,40,Salaried,163887,762,0,Business,154644,13.9,36,5277.86,2024-02-14,,Rejected,0,No,0,0,13,Current,No
L00182,C10182,Kochi,Kochi,Kerala,Male,58,Salaried,59999,682,3,Home,447701,8.06,180,4293.99,2024-05-13,18-05-2024,Approved,447701,No,0,0,12,Current,No
L00183,C10183,Jaipur,Jaipur,Rajasthan,Female,35,Salaried,78139,768,0,Home,236179,11.55,60,5200.12,2025-02-20,26-02-2025,Approved,236179,No,0,0,6,Current,No
L00184,C10184,Jaipur,Jaipur,Rajasthan,Female,28,Salaried,104748,780,4,Home,588265,15.21,48,16434.54,2024-04-03,09-04-2024,Approved,588265,No,0,0,1,Current,No
L00185,C10185,Patna,Patna,Bihar,Male,22,Student,143541,606,0,Personal,38322,8.59,36,1211.33,2024-08-15,22-08-2024,Approved,38322,No,0,0,2,Current,Yes
L00186,C10186,Delhi Central,Delhi,Delhi,Male,33,Self-employed,141242,659,1,Home,594216,14.96,60,14123.88,2024-05-05,13-05-2024,Approved,594216,Yes,176,227098,12,Current,Yes
L00187,C10187,Ahmedabad,Ahmedabad,Gujarat,Female,32,Salaried,74060,678,1,Home,474626,13.05,180,6020.79,2024-10-29,07-11-2024,Approved,474626,No,0,0,2,Current,No
L00188,C10188,Bengaluru East,Bengaluru,Karnataka,Female,33,Business,162839,765,1,Auto,192516,14.65,84,3677.23,2025-12-31,09-01-2026,Approved,192516,No,0,0,11,Current,No
L00189,C10189,Hyderabad Central,Hyderabad,Telangana,Male,22,Salaried,82414,815,2,Home,397298,12.26,120,5759.95,2024-08-26,,Pending,0,No,0,0,3,Savings,Yes
L00190,C10190,Hyderabad Central,Hyderabad,Telangana,Male,35,Business,126822,713,2,Business,171075,9.08,120,2174.52,2024-11-21,,Rejected,0,No,0,0,11,Savings,No
L00191,C10191,Kolkata West,Kolkata,West Bengal,Male,57,Self-employed,154034,648,0,Home,271961,12.91,36,9151.66,2025-06-23,,Rejected,0,No,0,0,10,Savings,Yes
L00192,C10192,Pune East,Pune,Maharashtra,Male,41,Salaried,63721,678,4,Education,48566,14.47,120,767.85,2025-01-08,,Pending,0,No,0,0,11,Current,Yes
L00193,C10193,Pune East,Pune,Maharashtra,Female,41,Salaried,66288,681,3,Auto,95666,13.86,120,1477.33,2025-12-11,,Rejected,0,No,0,0,11,Savings,Yes
L00194,C10194,Ahmedabad,Ahmedabad,Gujarat,Female,39,Salaried,25471,615,4,Personal,94381,7.79,120,1134.66,2024-11-21,,Pending,0,No,0,0,7,Savings,No
L00195,C10195,Bengaluru East,Bengaluru,Karnataka,Female,25,Salaried,108759,761,0,Education,117821,13.25,60,2695.89,2025-04-02,06-04-2025,Approved,117821,No,0,0,2,Current,No
L00196,C10196,Bhopal,Bhopal,Madhya Pradesh,Male,21,Salaried,139876,816,3,Business,297065,11.94,84,5234.48,2024-12-25,27-12-2024,Approved,297065,No,0,0,7,Savings,No
L00197,C10197,Mumbai South,Mumbai,Maharashtra,Male,39,Salaried,93453,716,1,Business,164360,14.09,120,2560.86,2024-04-05,15-04-2024,Approved,164360,No,0,0,0,Current,Yes
L00198,C10198,Kolkata West,Kolkata,West Bengal,Female,31,Salaried,111794,681,1,Business,294580,13.77,180,3877.63,2025-07-07,12-07-2025,Approved,294580,No,0,0,3,Savings,No
L00199,C10199,Kolkata West,Kolkata,West Bengal,Female,30,Salaried,26000,637,4,Personal,32712,7.73,48,794.46,2025-10-15,17-10-2025,Approved,32712,No,0,0,3,Current,No
L00200,C10200,Jaipur,Jaipur,Rajasthan,Female,37,Salaried,167639,715,3,Home,349987,10.82,84,5959.56,2024-02-15,23-02-2024,Approved,349987,No,0,0,8,Savings,Yes
L00201,C10201,Bhopal,Bhopal,Madhya Pradesh,Male,26,Business,166937,589,1,Auto,151477,14.87,84,2911.98,2025-07-02,,Rejected,0,No,0,0,15,Savings,No
L00202,C10202,Hyderabad Central,Hyderabad,Telangana,Male,46,Self-employed,34103,750,4,Auto,185480,14.7,180,2557.95,2025-09-27,05-10-2025,Approved,185480,No,0,0,5,Savings,Yes
L00203,C10203,Bengaluru East,Bengaluru,Karnataka,Male,48,Salaried,139135,728,1,Education,63801,10.38,180,700.52,2024-03-09,18-03-2024,Approved,63801,No,0,0,10,Current,No
L00204,C10204,Bhubaneswar,Bhubaneswar,Odisha,Male,60,Business,134994,814,0,Personal,39424,12.6,120,579.38,2024-04-12,,Rejected,0,No,0,0,3,Current,No
L00205,C10205,Bhubaneswar,Bhubaneswar,Odisha,Female,37,Salaried,152293,618,1,Home,225420,13.06,180,2861.01,2025-12-11,,Rejected,0,No,0,0,12,Current,Yes
L00206,C10206,Delhi Central,Delhi,Delhi,Female,38,Self-employed,30303,655,2,Education,69722,10.3,84,1168.3,2025-12-13,17-12-2025,Approved,69722,No,0,0,14,Current,No
L00207,C10207,Kochi,Kochi,Kerala,Female,59,Business,74266,545,3,Education,129548,12.15,60,2891.55,2024-02-27,,Rejected,0,No,0,0,5,Savings,No
L00208,C10208,Kochi,Kochi,Kerala,Female,29,Self-employed,162438,745,4,Home,251063,15.38,48,7035.73,2024-02-29,08-03-2024,Approved,251063,No,0,0,11,Savings,No
L00209,C10209,Pune East,Pune,Maharashtra,Female,53,Salaried,57472,668,3,Auto,96552,16.14,84,1925.43,2025-08-23,29-08-2025,Approved,96552,No,0,0,8,Savings,No
L00210,C10210,Delhi Central,Delhi,Delhi,Female,24,Salaried,175014,642,1,Business,198023,13.6,60,4566.69,2025-10-29,,Rejected,0,No,0,0,0,Savings,No
L00211,C10211,Bhubaneswar,Bhubaneswar,Odisha,Male,32,Business,27218,705,2,Education,122978,13.28,84,2255.97,2025-01-20,,Rejected,0,No,0,0,14,Current,Yes
L00212,C10212,Jaipur,Jaipur,Rajasthan,Female,54,Self-employed,129111,784,4,Home,418180,16.49,60,10278.52,2025-07-28,07-08-2025,Approved,418180,No,0,0,3,Current,Yes
L00213,C10213,Pune East,Pune,Maharashtra,Female,41,Self-employed,93458,593,2,Home,421210,14.39,36,14475.87,2025-09-06,,Rejected,0,No,0,0,10,Savings,Yes
L00214,C10214,Chandigarh,Chandigarh,Chandigarh,Female,39,Salaried,134724,546,3,Personal,24629,12.75,120,364.11,2024-07-13,17-07-2024,Approved,24629,No,0,0,15,Current,No
L00215,C10215,Patna,Patna,Bihar,Male,56,Salaried,50586,576,4,Education,53995,16.02,60,1313.63,2025-11-01,07-11-2025,Approved,53995,No,0,0,9,Current,No
L00216,C10216,Pune East,Pune,Maharashtra,Female,58,Salaried,55875,711,3,Home,482606,12.75,120,7134.84,2024-03-13,17-03-2024,Approved,482606,No,0,0,12,Current,No
L00217,C10217,Delhi Central,Delhi,Delhi,Male,29,Student,114828,613,3,Home,525216,9.12,36,16731.08,2025-05-14,17-05-2025,Approved,525216,No,0,0,1,Savings,No
L00218,C10218,Hyderabad Central,Hyderabad,Telangana,Male,31,Business,66532,739,3,Education,132203,8.29,120,1624.32,2025-03-20,27-03-2025,Approved,132203,No,0,0,15,Current,Yes
L00219,C10219,Delhi Central,Delhi,Delhi,Male,44,Student,109466,693,0,Auto,115227,9.54,60,2422.23,2024-11-15,22-11-2024,Approved,115227,No,0,0,9,Savings,Yes
L00220,C10220,Patna,Patna,Bihar,Male,40,Self-employed,144518,603,4,Auto,138561,11.4,180,1609.86,2024-05-17,25-05-2024,Approved,138561,No,0,0,6,Savings,No
L00221,C10221,Delhi Central,Delhi,Delhi,Male,35,Business,59394,693,4,Home,342199,13.9,36,11678.94,2025-01-19,,Rejected,0,No,0,0,8,Savings,Yes
L00222,C10222,Chandigarh,Chandigarh,Chandigarh,Male,22,Salaried,55353,704,3,Personal,36199,12.43,84,647.37,2025-12-19,20-12-2025,Approved,36199,No,0,0,3,Current,Yes
L00223,C10223,Ahmedabad,Ahmedabad,Gujarat,Male,53,Business,55863,664,3,Home,254726,14.5,120,4031.98,2024-07-25,01-08-2024,Approved,254726,No,0,0,1,Current,Yes
L00224,C10224,Kochi,Kochi,Kerala,Female,42,Salaried,28342,810,0,Business,381021,13.52,48,10320.45,2024-04-02,,Rejected,0,No,0,0,2,Savings,No
L00225,C10225,Chandigarh,Chandigarh,Chandigarh,Male,50,Student,102600,688,1,Business,232340,10.74,180,2602.96,2024-11-16,18-11-2024,Approved,232340,Yes,41,2535,4,Savings,No
L00226,C10226,Pune East,Pune,Maharashtra,Female,60,Salaried,49366,712,2,Education,53969,8.52,84,855.22,2025-04-12,19-04-2025,Approved,53969,No,0,0,15,Current,Yes
L00227,C10227,Mumbai South,Mumbai,Maharashtra,Male,24,Student,66784,812,3,Education,118918,11.44,120,1667.85,2025-01-23,02-02-2025,Approved,118918,Yes,63,63318,15,Savings,No
L00228,C10228,Jaipur,Jaipur,Rajasthan,Male,25,Salaried,107375,783,0,Education,118857,12.22,180,1443.35,2025-08-13,17-08-2025,Approved,118857,No,0,0,10,Savings,No
L00229,C10229,Chandigarh,Chandigarh,Chandigarh,Male,51,Salaried,125893,767,4,Home,487326,15.91,120,8136.04,2025-04-25,,Rejected,0,No,0,0,5,Savings,No
L00230,C10230,Pune East,Pune,Maharashtra,Male,42,Student,38199,795,4,Home,487283,10.91,48,12572.8,2024-03-21,31-03-2024,Approved,487283,No,0,0,15,Current,No
L00231,C10231,Mumbai South,Mumbai,Maharashtra,Female,22,Salaried,133092,776,0,Education,111142,13.24,120,1675.24,2025-07-29,06-08-2025,Approved,111142,No,0,0,11,Savings,Yes
L00232,C10232,Patna,Patna,Bihar,Female,42,Business,149029,709,2,Education,44945,8.38,180,439.44,2024-08-15,21-08-2024,Approved,44945,No,0,0,9,Current,Yes
L00233,C10233,Delhi Central,Delhi,Delhi,Male,52,Salaried,132272,765,1,Home,596795,11.04,84,10231.14,2024-07-14,16-07-2024,Approved,596795,No,0,0,1,Savings,No
L00234,C10234,Jaipur,Jaipur,Rajasthan,Male,52,Salaried,37732,749,4,Business,386771,11.85,120,5515.55,2024-06-30,03-07-2024,Approved,386771,No,0,0,4,Savings,No
L00235,C10235,Chandigarh,Chandigarh,Chandigarh,Female,53,Self-employed,134750,844,1,Home,329756,16.23,84,6592.9,2024-05-16,26-05-2024,Approved,329756,No,0,0,9,Current,Yes
L00236,C10236,Chennai North,Chennai,Tamil Nadu,Male,60,Business,115516,669,1,Business,173225,12.04,180,2083.45,2025-10-14,16-10-2025,Approved,173225,No,0,0,15,Current,No
L00237,C10237,Bhubaneswar,Bhubaneswar,Odisha,Female,21,Salaried,31624,673,0,Home,543313,14.57,60,12803.07,2025-11-30,01-12-2025,Approved,543313,No,0,0,9,Savings,Yes
L00238,C10238,Pune East,Pune,Maharashtra,Female,27,Business,172294,705,1,Education,103566,11,120,1426.62,2025-12-13,14-12-2025,Approved,103566,No,0,0,12,Current,No
L00239,C10239,Lucknow,Lucknow,Uttar Pradesh,Male,21,Business,78238,601,3,Education,149470,13.2,180,1910.87,2025-10-25,,Rejected,0,No,0,0,6,Savings,No
L00240,C10240,Jaipur,Jaipur,Rajasthan,Male,25,Salaried,70559,606,4,Home,171304,11.36,120,2394.76,2024-09-27,07-10-2024,Approved,171304,No,0,0,0,Current,No
L00241,C10241,Kochi,Kochi,Kerala,Male,23,Salaried,109575,591,4,Education,69472,11.91,120,993.11,2025-07-17,,Rejected,0,No,0,0,10,Savings,Yes
L00242,C10242,Lucknow,Lucknow,Uttar Pradesh,Male,53,Salaried,167365,621,4,Personal,65796,9.49,48,1652.69,2025-11-10,16-11-2025,Approved,65796,No,0,0,15,Savings,Yes
L00243,C10243,Chandigarh,Chandigarh,Chandigarh,Female,49,Salaried,88917,792,2,Personal,34860,10.97,120,479.6,2024-10-16,25-10-2024,Approved,34860,No,0,0,11,Current,No
L00244,C10244,Delhi Central,Delhi,Delhi,Female,33,Salaried,46586,662,0,Home,555441,12.34,36,18538.92,2025-10-03,07-10-2025,Approved,555441,No,0,0,13,Savings,Yes
L00245,C10245,Lucknow,Lucknow,Uttar Pradesh,Female,25,Business,65305,799,0,Home,178452,9.1,60,3713.04,2025-07-25,29-07-2025,Approved,178452,No,0,0,13,Current,No
L00246,C10246,Chandigarh,Chandigarh,Chandigarh,Female,48,Salaried,127105,706,0,Personal,104072,13.98,36,3555.92,2025-08-22,24-08-2025,Approved,104072,No,0,0,3,Current,No
L00247,C10247,Kolkata West,Kolkata,West Bengal,Male,39,Self-employed,139734,594,0,Personal,89922,9.48,180,937.9,2025-02-04,,Rejected,0,No,0,0,9,Savings,No
L00248,C10248,Chandigarh,Chandigarh,Chandigarh,Female,21,Business,170508,778,1,Home,152637,12.65,84,2747.81,2025-07-04,06-07-2025,Approved,152637,No,0,0,11,Savings,No
L00249,C10249,Bhubaneswar,Bhubaneswar,Odisha,Male,31,Salaried,91254,705,4,Business,367756,11.65,120,5202.09,2024-03-15,17-03-2024,Approved,367756,No,0,0,6,Current,No
L00250,C10250,Pune East,Pune,Maharashtra,Male,36,Salaried,43299,731,1,Personal,79067,10.46,180,872.05,2024-11-09,12-11-2024,Approved,79067,No,0,0,11,Current,No
L00251,C10251,Bengaluru East,Bengaluru,Karnataka,Male,41,Salaried,83071,666,2,Education,47603,13.62,60,1098.28,2025-05-06,12-05-2025,Approved,47603,No,0,0,15,Savings,Yes
L00252,C10252,Chandigarh,Chandigarh,Chandigarh,Male,38,Self-employed,61700,592,4,Home,534588,15.48,36,18657.57,2024-03-18,,Pending,0,No,0,0,0,Current,Yes
L00253,C10253,Bhubaneswar,Bhubaneswar,Odisha,Male,56,Salaried,166473,570,2,Personal,97280,14.1,60,2268.58,2024-05-17,,Rejected,0,No,0,0,2,Current,No
L00254,C10254,Lucknow,Lucknow,Uttar Pradesh,Male,36,Self-employed,68474,711,4,Home,233478,9.11,120,2971.52,2025-11-06,,Rejected,0,No,0,0,4,Current,No
L00255,C10255,Delhi Central,Delhi,Delhi,Male,52,Salaried,94299,675,1,Personal,67349,10.99,84,1152.82,2024-02-17,23-02-2024,Approved,67349,No,0,0,8,Current,Yes
L00256,C10256,Ahmedabad,Ahmedabad,Gujarat,Female,44,Business,45404,705,4,Home,266863,12.15,60,5956.47,2024-12-19,27-12-2024,Approved,266863,No,0,0,0,Savings,No
L00257,C10257,Bengaluru East,Bengaluru,Karnataka,Male,25,Salaried,98612,700,2,Auto,81019,13.45,84,1493.79,2024-12-04,,Rejected,0,No,0,0,15,Current,No
L00258,C10258,Chennai North,Chennai,Tamil Nadu,Male,47,Salaried,36310,733,1,Auto,92239,8.71,120,1154.02,2024-02-10,,Rejected,0,No,0,0,4,Savings,Yes
L00259,C10259,Hyderabad Central,Hyderabad,Telangana,Male,54,Student,172745,596,2,Business,193557,11.54,84,3369.38,2025-05-08,15-05-2025,Approved,193557,No,0,0,5,Current,Yes
L00260,C10260,Kochi,Kochi,Kerala,Female,50,Business,43046,580,1,Personal,37329,8.48,48,919.74,2025-06-19,,Pending,0,No,0,0,13,Savings,Yes
L00261,C10261,Bengaluru East,Bengaluru,Karnataka,Female,60,Business,164311,655,3,Auto,191370,14.95,180,2671.84,2025-10-26,02-11-2025,Approved,191370,No,0,0,1,Current,Yes
L00262,C10262,Bhopal,Bhopal,Madhya Pradesh,Female,45,Salaried,176026,689,0,Personal,53360,11.79,48,1399.68,2024-03-26,04-04-2024,Approved,53360,No,0,0,6,Savings,Yes
L00263,C10263,Kolkata West,Kolkata,West Bengal,Male,54,Salaried,78849,666,2,Home,373384,13.36,60,8564.6,2024-09-24,,Rejected,0,No,0,0,13,Current,No
L00264,C10264,Chandigarh,Chandigarh,Chandigarh,Female,34,Salaried,171161,633,3,Home,443126,12.49,60,9967.17,2024-11-10,,Rejected,0,No,0,0,12,Savings,Yes
L00265,C10265,Kochi,Kochi,Kerala,Male,49,Self-employed,67413,757,2,Education,110481,13.77,180,1454.29,2024-02-23,24-02-2024,Approved,110481,No,0,0,4,Current,No
L00266,C10266,Mumbai South,Mumbai,Maharashtra,Male,37,Salaried,45981,739,4,Home,351497,15.88,84,6957.45,2025-09-20,25-09-2025,Approved,351497,No,0,0,1,Savings,No
L00267,C10267,Jaipur,Jaipur,Rajasthan,Male,33,Self-employed,160830,685,4,Personal,111547,9.59,48,2807.21,2025-11-21,25-11-2025,Approved,111547,No,0,0,5,Savings,No
L00268,C10268,Bhopal,Bhopal,Madhya Pradesh,Female,43,Business,131286,707,4,Home,158056,14.13,36,5411.96,2024-04-02,11-04-2024,Approved,158056,No,0,0,11,Current,No
L00269,C10269,Chennai North,Chennai,Tamil Nadu,Male,50,Self-employed,175708,733,4,Home,187951,12.03,60,4183.72,2024-04-29,04-05-2024,Approved,187951,No,0,0,8,Current,No
L00270,C10270,Kolkata West,Kolkata,West Bengal,Female,36,Self-employed,145284,691,3,Business,94339,11.84,60,2090.9,2024-03-10,14-03-2024,Approved,94339,No,0,0,7,Current,No
L00271,C10271,Pune East,Pune,Maharashtra,Male,37,Salaried,49381,596,2,Home,243577,11.79,60,5392.42,2024-08-11,,Pending,0,No,0,0,8,Savings,Yes
L00272,C10272,Jaipur,Jaipur,Rajasthan,Male,36,Business,94574,759,1,Home,587749,9.75,120,7686.01,2024-12-30,01-01-2025,Approved,587749,No,0,0,2,Current,Yes
L00273,C10273,Bhopal,Bhopal,Madhya Pradesh,Male,51,Salaried,107684,486,4,Business,337323,9.15,120,4300.5,2024-10-13,,Rejected,0,No,0,0,4,Savings,No
L00274,C10274,Jaipur,Jaipur,Rajasthan,Male,53,Salaried,70822,699,3,Business,351688,11.64,180,4139.74,2024-01-09,13-01-2024,Approved,351688,No,0,0,3,Current,No
L00275,C10275,Kolkata West,Kolkata,West Bengal,Female,32,Salaried,87164,668,2,Personal,85374,11.32,84,1476.21,2025-12-18,,Rejected,0,No,0,0,11,Current,No
L00276,C10276,Jaipur,Jaipur,Rajasthan,Male,57,Salaried,175966,850,1,Education,124478,9.93,48,3152.9,2025-07-22,29-07-2025,Approved,124478,No,0,0,4,Current,Yes
L00277,C10277,Bengaluru East,Bengaluru,Karnataka,Female,52,Salaried,160530,630,3,Personal,93680,15.23,36,3258.01,2025-02-11,14-02-2025,Approved,93680,Yes,95,31230,3,Current,No
L00278,C10278,Hyderabad Central,Hyderabad,Telangana,Female,44,Business,92558,677,2,Home,213563,10.66,180,2381.95,2025-09-12,22-09-2025,Approved,213563,No,0,0,5,Current,No
L00279,C10279,Pune East,Pune,Maharashtra,Female,49,Self-employed,124895,630,1,Business,256888,11.3,120,3582.4,2025-08-08,,Rejected,0,No,0,0,2,Savings,Yes
L00280,C10280,Pune East,Pune,Maharashtra,Male,41,Salaried,101377,638,2,Auto,153666,9.94,84,2546.28,2025-01-06,,Rejected,0,No,0,0,14,Current,Yes
L00281,C10281,Bengaluru East,Bengaluru,Karnataka,Male,29,Business,90967,791,0,Home,358166,8.43,36,11294.8,2025-04-29,30-04-2025,Approved,358166,No,0,0,2,Savings,No
L00282,C10282,Kolkata West,Kolkata,West Bengal,Male,26,Business,127195,650,2,Home,536711,10.06,180,5787.24,2024-05-09,12-05-2024,Approved,536711,Yes,121,170499,15,Current,No
L00283,C10283,Lucknow,Lucknow,Uttar Pradesh,Female,29,Student,166371,731,4,Personal,103858,13.26,60,2376.93,2024-12-21,25-12-2024,Approved,103858,No,0,0,14,Current,No
L00284,C10284,Ahmedabad,Ahmedabad,Gujarat,Female,30,Salaried,25024,774,4,Education,141142,8.73,60,2911.42,2025-04-25,03-05-2025,Approved,141142,No,0,0,15,Current,Yes
L00285,C10285,Bhopal,Bhopal,Madhya Pradesh,Female,39,Business,26892,646,4,Personal,52754,8.97,180,534.13,2025-10-23,,Rejected,0,No,0,0,12,Savings,No
L00286,C10286,Mumbai South,Mumbai,Maharashtra,Female,36,Salaried,96267,676,2,Auto,189445,14.78,84,3632.33,2024-07-11,,Rejected,0,No,0,0,5,Savings,No
L00287,C10287,Mumbai South,Mumbai,Maharashtra,Female,60,Salaried,153973,695,0,Business,91602,9.17,36,2920.17,2024-10-15,23-10-2024,Approved,91602,No,0,0,7,Savings,Yes
L00288,C10288,Delhi Central,Delhi,Delhi,Female,34,Salaried,106677,702,3,Business,323104,13.77,36,11006.87,2024-12-04,07-12-2024,Approved,323104,Yes,130,18713,15,Savings,Yes
L00289,C10289,Bhubaneswar,Bhubaneswar,Odisha,Female,45,Self-employed,56971,799,3,Education,88059,9.72,36,2829.85,2024-07-22,24-07-2024,Approved,88059,No,0,0,6,Current,No
L00290,C10290,Chandigarh,Chandigarh,Chandigarh,Female,41,Salaried,36058,672,4,Personal,53202,11.83,60,1178.88,2024-07-22,23-07-2024,Approved,53202,No,0,0,6,Savings,Yes
L00291,C10291,Chandigarh,Chandigarh,Chandigarh,Female,41,Salaried,97377,629,1,Home,172016,12.73,180,2145.95,2025-05-01,,Rejected,0,No,0,0,4,Current,Yes
L00292,C10292,Chennai North,Chennai,Tamil Nadu,Male,52,Salaried,113715,654,0,Home,487942,8.89,120,6152.03,2024-04-19,23-04-2024,Approved,487942,No,0,0,11,Current,Yes
L00293,C10293,Delhi Central,Delhi,Delhi,Female,43,Business,90718,754,3,Auto,192274,13.77,48,5232.01,2025-08-03,09-08-2025,Approved,192274,No,0,0,14,Current,Yes
L00294,C10294,Mumbai South,Mumbai,Maharashtra,Male,49,Salaried,94035,642,4,Personal,20094,14.48,120,317.82,2025-01-23,,Rejected,0,No,0,0,0,Current,Yes
L00295,C10295,Pune East,Pune,Maharashtra,Male,55,Self-employed,74773,608,4,Home,298441,10.4,180,3280.49,2024-11-25,04-12-2024,Approved,298441,No,0,0,1,Savings,Yes
L00296,C10296,Patna,Patna,Bihar,Male,33,Salaried,75231,677,0,Home,486462,15.03,180,6818.46,2025-05-16,26-05-2025,Approved,486462,No,0,0,11,Savings,Yes
L00297,C10297,Delhi Central,Delhi,Delhi,Male,52,Self-employed,45960,592,2,Auto,159039,14.9,180,2215.01,2024-02-29,,Rejected,0,No,0,0,8,Savings,Yes
L00298,C10298,Patna,Patna,Bihar,Female,25,Self-employed,161179,709,0,Home,271119,12.28,48,7176.93,2024-07-16,20-07-2024,Approved,271119,No,0,0,5,Current,Yes
L00299,C10299,Bhopal,Bhopal,Madhya Pradesh,Female,50,Business,136955,721,1,Personal,86151,10.54,48,2207.42,2025-06-30,,Pending,0,No,0,0,14,Current,No
L00300,C10300,Lucknow,Lucknow,Uttar Pradesh,Female,44,Salaried,137876,661,2,Auto,197625,12.41,84,3532.1,2025-07-17,,Pending,0,No,0,0,8,Current,No
L00301,C10301,Jaipur,Jaipur,Rajasthan,Female,21,Business,99575,620,2,Home,266332,9.43,60,5584.36,2024-01-23,,Rejected,0,No,0,0,8,Savings,Yes
L00302,C10302,Delhi Central,Delhi,Delhi,Female,43,Salaried,94465,642,2,Business,210996,9.6,60,4441.63,2024-04-04,,Rejected,0,No,0,0,6,Savings,No
L00303,C10303,Bhopal,Bhopal,Madhya Pradesh,Female,32,Salaried,176055,703,2,Home,573803,12.69,36,19248.12,2024-02-27,,Pending,0,No,0,0,10,Current,No
L00304,C10304,Ahmedabad,Ahmedabad,Gujarat,Male,35,Business,27997,661,3,Home,424927,7.87,120,5126.39,2025-08-01,10-08-2025,Approved,424927,No,0,0,4,Savings,No
L00305,C10305,Jaipur,Jaipur,Rajasthan,Male,35,Salaried,128369,727,3,Auto,62926,12.43,60,1413.47,2024-03-28,04-04-2024,Approved,62926,No,0,0,4,Savings,No
L00306,C10306,Lucknow,Lucknow,Uttar Pradesh,Male,52,Salaried,174770,740,1,Auto,187428,9.72,36,6023.17,2024-09-29,05-10-2024,Approved,187428,No,0,0,2,Savings,No
L00307,C10307,Ahmedabad,Ahmedabad,Gujarat,Female,43,Salaried,115315,677,2,Home,333352,13.05,84,6073.39,2025-09-30,01-10-2025,Approved,333352,No,0,0,7,Savings,No
L00308,C10308,Bengaluru East,Bengaluru,Karnataka,Male,28,Business,88713,681,4,Business,230829,7.62,180,2155.58,2024-04-23,01-05-2024,Approved,230829,Yes,83,55541,6,Current,No
L00309,C10309,Kolkata West,Kolkata,West Bengal,Male,22,Salaried,163097,731,2,Home,515180,13.06,36,17373.34,2025-04-21,22-04-2025,Approved,515180,No,0,0,8,Current,Yes
L00310,C10310,Delhi Central,Delhi,Delhi,Female,45,Salaried,124798,701,4,Business,132221,15.63,84,2598.4,2025-09-03,06-09-2025,Approved,132221,No,0,0,14,Savings,Yes
L00311,C10311,Chennai North,Chennai,Tamil Nadu,Female,42,Salaried,66157,795,2,Auto,111919,16.46,120,1907,2024-10-09,14-10-2024,Approved,111919,No,0,0,0,Current,Yes
L00312,C10312,Bengaluru East,Bengaluru,Karnataka,Female,46,Business,48014,702,3,Personal,108866,13.01,180,1378.13,2025-12-03,07-12-2025,Approved,108866,No,0,0,13,Current,No
L00313,C10313,Jaipur,Jaipur,Rajasthan,Male,34,Business,177313,568,1,Personal,112423,15.59,48,3162.54,2025-03-16,,Pending,0,No,0,0,4,Savings,No
L00314,C10314,Mumbai South,Mumbai,Maharashtra,Male,32,Salaried,63147,657,0,Education,145360,16.26,84,2908.72,2024-11-06,11-11-2024,Approved,145360,No,0,0,6,Savings,Yes
L00315,C10315,Bengaluru East,Bengaluru,Karnataka,Male,60,Business,173646,618,1,Auto,144178,8.22,84,2263.02,2024-05-17,,Rejected,0,No,0,0,15,Current,Yes
L00316,C10316,Patna,Patna,Bihar,Female,52,Salaried,67935,628,1,Home,364218,14.38,36,12515.43,2024-10-03,,Pending,0,No,0,0,7,Savings,Yes
L00317,C10317,Mumbai South,Mumbai,Maharashtra,Male,49,Self-employed,153435,636,1,Personal,25482,12.97,84,463.15,2024-11-16,,Rejected,0,No,0,0,1,Savings,No
L00318,C10318,Jaipur,Jaipur,Rajasthan,Male,36,Salaried,128707,560,0,Auto,185299,14.39,36,6368.24,2024-07-13,20-07-2024,Approved,185299,No,0,0,9,Current,Yes
L00319,C10319,Ahmedabad,Ahmedabad,Gujarat,Female,60,Self-employed,160520,754,3,Home,412488,8.52,120,5118.67,2025-12-13,20-12-2025,Approved,412488,No,0,0,14,Savings,Yes
L00320,C10320,Jaipur,Jaipur,Rajasthan,Male,50,Salaried,109954,645,1,Education,46193,8.32,180,450.02,2025-04-05,,Rejected,0,No,0,0,2,Current,Yes
L00321,C10321,Ahmedabad,Ahmedabad,Gujarat,Female,23,Self-employed,112868,595,1,Home,225815,9.11,180,2305.17,2024-02-22,,Rejected,0,No,0,0,9,Current,No
L00322,C10322,Chandigarh,Chandigarh,Chandigarh,Male,28,Self-employed,78176,648,0,Auto,116351,7.61,84,1790.95,2025-05-25,,Rejected,0,No,0,0,0,Current,Yes
L00323,C10323,Chennai North,Chennai,Tamil Nadu,Female,50,Salaried,45815,683,4,Home,479586,12.52,48,12752.13,2024-02-20,21-02-2024,Approved,479586,No,0,0,1,Savings,Yes
L00324,C10324,Chandigarh,Chandigarh,Chandigarh,Female,42,Self-employed,37853,685,0,Personal,43363,8.95,60,899.09,2025-09-17,27-09-2025,Approved,43363,No,0,0,5,Current,No
L00325,C10325,Bhubaneswar,Bhubaneswar,Odisha,Male,26,Self-employed,109625,643,0,Education,140534,12.45,60,3158.15,2025-04-27,02-05-2025,Approved,140534,No,0,0,13,Savings,Yes
L00326,C10326,Kolkata West,Kolkata,West Bengal,Male,27,Business,163660,740,0,Personal,110263,12.94,180,1390.74,2024-10-21,27-10-2024,Approved,110263,No,0,0,11,Savings,No
L00327,C10327,Lucknow,Lucknow,Uttar Pradesh,Female,52,Self-employed,86006,639,0,Home,393733,13.13,36,13291.09,2024-07-31,,Rejected,0,No,0,0,13,Current,Yes
L00328,C10328,Pune East,Pune,Maharashtra,Female,56,Self-employed,80663,501,0,Auto,123826,9.79,36,3983.32,2024-11-11,20-11-2024,Approved,123826,No,0,0,0,Savings,No
L00329,C10329,Pune East,Pune,Maharashtra,Female,57,Business,32632,712,2,Business,331190,15.75,36,11602.82,2025-10-23,26-10-2025,Approved,331190,No,0,0,10,Current,No
L00330,C10330,Bhubaneswar,Bhubaneswar,Odisha,Male,54,Salaried,107707,649,4,Personal,47297,12.7,60,1068.9,2024-12-28,31-12-2024,Approved,47297,No,0,0,0,Current,No
L00331,C10331,Chandigarh,Chandigarh,Chandigarh,Male,57,Business,74120,574,2,Education,71222,13.89,60,1653.15,2025-02-27,03-03-2025,Approved,71222,No,0,0,9,Savings,No
L00332,C10332,Bengaluru East,Bengaluru,Karnataka,Male,44,Self-employed,77978,611,0,Personal,23268,14.69,120,370.99,2024-06-06,14-06-2024,Approved,23268,No,0,0,9,Current,Yes
L00333,C10333,Bhopal,Bhopal,Madhya Pradesh,Male,54,Business,59791,695,3,Education,98464,8.54,60,2022.04,2024-02-15,25-02-2024,Approved,98464,No,0,0,10,Current,Yes
L00334,C10334,Mumbai South,Mumbai,Maharashtra,Female,22,Business,106826,708,1,Personal,45237,10.08,120,599.82,2024-11-22,,Rejected,0,No,0,0,3,Current,Yes
L00335,C10335,Bengaluru East,Bengaluru,Karnataka,Female,28,Salaried,171702,642,2,Personal,55527,8.77,180,555.62,2024-10-17,,Rejected,0,No,0,0,5,Savings,No
L00336,C10336,Kolkata West,Kolkata,West Bengal,Female,55,Salaried,59098,685,0,Personal,108538,7.95,84,1688.99,2024-02-25,03-03-2024,Approved,108538,No,0,0,14,Current,No
L00337,C10337,Pune East,Pune,Maharashtra,Male,55,Salaried,147079,661,3,Home,312734,13.66,180,4093.61,2025-04-21,25-04-2025,Approved,312734,No,0,0,8,Current,No
L00338,C10338,Bengaluru East,Bengaluru,Karnataka,Female,41,Salaried,32933,677,0,Personal,66064,11.81,48,1733.56,2024-10-16,,Rejected,0,No,0,0,4,Savings,No
L00339,C10339,Patna,Patna,Bihar,Male,41,Business,43592,712,3,Auto,112541,13.09,120,1686.34,2024-06-11,,Pending,0,No,0,0,12,Savings,No
L00340,C10340,Chennai North,Chennai,Tamil Nadu,Female,48,Business,114705,606,4,Auto,95373,13.46,36,3234.67,2025-12-29,,Rejected,0,No,0,0,15,Savings,No
L00341,C10341,Pune East,Pune,Maharashtra,Male,49,Salaried,131376,720,4,Education,79664,10.45,180,878.14,2025-11-07,11-11-2025,Approved,79664,No,0,0,0,Savings,Yes
L00342,C10342,Jaipur,Jaipur,Rajasthan,Female,45,Business,142220,704,1,Home,315988,10.2,180,3434.39,2024-11-07,,Pending,0,No,0,0,13,Current,Yes
L00343,C10343,Kolkata West,Kolkata,West Bengal,Male,60,Student,130957,768,0,Personal,91943,16.21,36,3241.98,2025-12-21,27-12-2025,Approved,91943,No,0,0,9,Savings,Yes
L00344,C10344,Ahmedabad,Ahmedabad,Gujarat,Female,41,Business,131439,578,3,Personal,47684,13.46,84,879.43,2024-05-22,29-05-2024,Approved,47684,No,0,0,11,Current,Yes
L00345,C10345,Hyderabad Central,Hyderabad,Telangana,Male,29,Salaried,29117,779,3,Business,151185,8.26,180,1467.59,2025-03-01,,Rejected,0,No,0,0,13,Savings,No
L00346,C10346,Lucknow,Lucknow,Uttar Pradesh,Female,56,Self-employed,125850,804,2,Home,372702,12.94,120,5551.66,2025-05-25,29-05-2025,Approved,372702,No,0,0,8,Current,No
L00347,C10347,Delhi Central,Delhi,Delhi,Male,57,Salaried,121620,750,0,Home,533408,12.24,60,11930.16,2025-04-21,30-04-2025,Approved,533408,No,0,0,2,Savings,No
L00348,C10348,Chandigarh,Chandigarh,Chandigarh,Male,55,Self-employed,106919,742,4,Home,330117,12.32,36,11015.13,2025-04-25,03-05-2025,Approved,330117,No,0,0,10,Current,No
L00349,C10349,Bhopal,Bhopal,Madhya Pradesh,Female,39,Salaried,104710,677,0,Auto,94323,12.66,180,1172.39,2024-10-25,,Rejected,0,No,0,0,0,Current,No
L00350,C10350,Mumbai South,Mumbai,Maharashtra,Male,53,Salaried,97836,600,2,Home,297310,9.98,60,6314.03,2024-01-15,,Rejected,0,No,0,0,5,Savings,No
L00351,C10351,Pune East,Pune,Maharashtra,Male,37,Self-employed,86917,565,0,Personal,31062,16.21,120,524.4,2024-06-06,,Rejected,0,No,0,0,13,Current,Yes
L00352,C10352,Chandigarh,Chandigarh,Chandigarh,Female,31,Salaried,115459,701,0,Auto,80407,7.97,84,1252.04,2025-02-12,20-02-2025,Approved,80407,No,0,0,7,Current,No
L00353,C10353,Jaipur,Jaipur,Rajasthan,Female,30,Salaried,138962,849,3,Personal,61377,16.16,180,908.3,2024-02-12,21-02-2024,Approved,61377,No,0,0,13,Current,No
L00354,C10354,Hyderabad Central,Hyderabad,Telangana,Female,27,Salaried,178138,701,3,Personal,108511,14.24,180,1462.62,2025-11-19,23-11-2025,Approved,108511,No,0,0,5,Current,Yes
L00355,C10355,Chandigarh,Chandigarh,Chandigarh,Male,25,Salaried,50611,584,2,Home,298529,9.77,36,9600.49,2024-01-25,,Rejected,0,No,0,0,1,Savings,Yes
L00356,C10356,Kochi,Kochi,Kerala,Male,26,Self-employed,59054,673,3,Auto,198391,14.73,48,5494.26,2024-04-23,28-04-2024,Approved,198391,No,0,0,2,Current,No
L00357,C10357,Bhopal,Bhopal,Madhya Pradesh,Female,41,Salaried,44397,685,3,Personal,27872,9.82,60,589.73,2024-07-01,09-07-2024,Approved,27872,No,0,0,6,Current,Yes
L00358,C10358,Chandigarh,Chandigarh,Chandigarh,Female,27,Salaried,138050,714,1,Auto,77852,15.71,180,1127.71,2024-09-22,24-09-2024,Approved,77852,Yes,94,29221,0,Current,Yes
L00359,C10359,Chandigarh,Chandigarh,Chandigarh,Male,23,Business,94844,726,3,Auto,185104,13.87,84,3455.57,2025-05-04,06-05-2025,Approved,185104,No,0,0,0,Current,No
L00360,C10360,Mumbai South,Mumbai,Maharashtra,Female,42,Business,130018,741,0,Auto,73767,10.79,60,1596.16,2024-03-23,28-03-2024,Approved,73767,No,0,0,5,Savings,No
L00361,C10361,Chandigarh,Chandigarh,Chandigarh,Male,40,Business,52988,644,0,Business,309629,14.12,48,8479.72,2024-02-06,16-02-2024,Approved,309629,No,0,0,12,Savings,No
L00362,C10362,Jaipur,Jaipur,Rajasthan,Female,22,Salaried,39694,641,2,Education,35611,11.15,48,922.98,2025-10-31,,Rejected,0,No,0,0,14,Savings,Yes
L00363,C10363,Bhubaneswar,Bhubaneswar,Odisha,Male,23,Business,153160,645,4,Home,517681,13.34,36,17527.62,2024-06-25,,Rejected,0,No,0,0,9,Savings,No
L00364,C10364,Kolkata West,Kolkata,West Bengal,Male,58,Salaried,52874,624,0,Personal,100691,9.49,48,2529.19,2025-03-12,19-03-2025,Approved,100691,No,0,0,4,Current,Yes
L00365,C10365,Bhopal,Bhopal,Madhya Pradesh,Male,58,Salaried,41573,718,3,Home,343948,12.48,84,6160.27,2024-09-06,,Pending,0,No,0,0,1,Savings,Yes
L00366,C10366,Bhopal,Bhopal,Madhya Pradesh,Female,31,Salaried,152655,716,0,Home,244064,15.84,180,3557.38,2025-10-29,03-11-2025,Approved,244064,No,0,0,15,Savings,Yes
L00367,C10367,Bengaluru East,Bengaluru,Karnataka,Female,54,Salaried,87718,778,0,Auto,181042,13.01,36,6100.89,2025-10-04,09-10-2025,Approved,181042,No,0,0,0,Savings,Yes
L00368,C10368,Mumbai South,Mumbai,Maharashtra,Male,60,Salaried,166485,653,4,Home,553875,13.14,48,14897.59,2024-10-10,12-10-2024,Approved,553875,No,0,0,15,Current,Yes
L00369,C10369,Bengaluru East,Bengaluru,Karnataka,Male,24,Business,99727,703,4,Education,129406,11.58,36,4272.22,2024-02-23,,Pending,0,No,0,0,5,Savings,Yes
L00370,C10370,Jaipur,Jaipur,Rajasthan,Male,25,Self-employed,141607,741,4,Auto,159855,9.29,180,1649.05,2024-11-29,01-12-2024,Approved,159855,No,0,0,3,Savings,No
L00371,C10371,Patna,Patna,Bihar,Male,45,Self-employed,44275,610,3,Home,469518,11.59,84,8185.68,2025-01-17,21-01-2025,Approved,469518,No,0,0,8,Savings,No
L00372,C10372,Bengaluru East,Bengaluru,Karnataka,Male,57,Salaried,60783,704,0,Business,320427,11.26,60,7008.48,2024-08-13,,Rejected,0,No,0,0,5,Savings,Yes
L00373,C10373,Mumbai South,Mumbai,Maharashtra,Female,54,Salaried,81739,578,2,Home,374453,14.13,48,10256.92,2024-09-10,20-09-2024,Approved,374453,No,0,0,4,Savings,No
L00374,C10374,Delhi Central,Delhi,Delhi,Male,51,Business,157177,617,0,Personal,71684,11.81,180,851.59,2024-04-10,,Rejected,0,No,0,0,7,Savings,Yes
L00375,C10375,Kochi,Kochi,Kerala,Female,34,Salaried,102539,707,0,Personal,59955,8.96,84,963.4,2025-08-07,,Rejected,0,No,0,0,0,Current,No
L00376,C10376,Bhopal,Bhopal,Madhya Pradesh,Male,46,Salaried,122103,850,3,Education,30178,15.24,36,1049.68,2025-01-29,,Rejected,0,No,0,0,10,Savings,No
L00377,C10377,Ahmedabad,Ahmedabad,Gujarat,Female,60,Salaried,79302,696,2,Education,37184,12.13,180,449.39,2025-01-07,,Rejected,0,No,0,0,3,Current,No
L00378,C10378,Jaipur,Jaipur,Rajasthan,Male,44,Salaried,171483,662,0,Auto,103664,8.75,60,2139.34,2024-09-01,09-09-2024,Approved,103664,No,0,0,6,Savings,No
L00379,C10379,Pune East,Pune,Maharashtra,Female,53,Business,97651,753,3,Personal,89033,14.97,84,1716.55,2025-12-27,05-01-2026,Approved,89033,No,0,0,14,Current,Yes
L00380,C10380,Chennai North,Chennai,Tamil Nadu,Female,26,Salaried,71874,712,2,Business,120342,8.48,60,2467.84,2024-04-24,02-05-2024,Approved,120342,No,0,0,6,Savings,No
L00381,C10381,Ahmedabad,Ahmedabad,Gujarat,Male,51,Salaried,141355,688,1,Home,570473,9.59,120,7409.92,2025-10-22,01-11-2025,Approved,570473,No,0,0,10,Current,No
L00382,C10382,Jaipur,Jaipur,Rajasthan,Female,57,Salaried,105345,675,1,Education,59724,11.86,60,1324.31,2024-02-18,23-02-2024,Approved,59724,No,0,0,5,Savings,No
L00383,C10383,Bengaluru East,Bengaluru,Karnataka,Male,30,Salaried,55649,749,1,Personal,68453,9.16,120,873.07,2025-12-25,31-12-2025,Approved,68453,No,0,0,4,Current,No
L00384,C10384,Lucknow,Lucknow,Uttar Pradesh,Male,55,Salaried,31533,705,3,Business,156223,16.03,60,3801.53,2024-06-08,17-06-2024,Approved,156223,No,0,0,10,Current,No
L00385,C10385,Bhubaneswar,Bhubaneswar,Odisha,Female,57,Business,173172,668,2,Auto,175562,15.6,48,4939.58,2025-11-25,30-11-2025,Approved,175562,Yes,86,58454,11,Savings,No
L00386,C10386,Delhi Central,Delhi,Delhi,Male,58,Salaried,97856,533,1,Home,432283,15.15,180,6094.65,2025-11-18,,Pending,0,No,0,0,12,Savings,No
L00387,C10387,Pune East,Pune,Maharashtra,Male,44,Salaried,137103,643,2,Personal,60381,16.3,120,1022.78,2024-03-30,07-04-2024,Approved,60381,No,0,0,13,Current,No
L00388,C10388,Bengaluru East,Bengaluru,Karnataka,Female,47,Salaried,178925,739,4,Home,258938,10.23,120,3454.95,2024-12-09,19-12-2024,Approved,258938,No,0,0,2,Savings,No
L00389,C10389,Chandigarh,Chandigarh,Chandigarh,Female,47,Salaried,146141,660,1,Home,586356,10.94,120,8057.15,2025-05-17,22-05-2025,Approved,586356,No,0,0,9,Current,No
L00390,C10390,Chennai North,Chennai,Tamil Nadu,Male,21,Salaried,103687,576,3,Home,499130,15.53,84,9780.61,2024-07-02,,Rejected,0,No,0,0,7,Savings,Yes
L00391,C10391,Bhopal,Bhopal,Madhya Pradesh,Female,52,Student,42491,636,3,Auto,117609,13.15,84,2149.14,2025-12-11,,Rejected,0,No,0,0,11,Savings,No
L00392,C10392,Bengaluru East,Bengaluru,Karnataka,Male,30,Salaried,60519,651,2,Home,292957,10.75,180,3283.9,2024-12-30,04-01-2025,Approved,292957,No,0,0,2,Savings,Yes
L00393,C10393,Bhopal,Bhopal,Madhya Pradesh,Male,59,Self-employed,167530,663,2,Home,515935,13.7,36,17558.35,2025-07-01,04-07-2025,Approved,515935,Yes,162,147543,11,Current,No
L00394,C10394,Pune East,Pune,Maharashtra,Male,27,Salaried,156958,744,1,Education,134216,15.57,120,2212.46,2025-12-07,16-12-2025,Approved,134216,No,0,0,3,Current,No
L00395,C10395,Bhubaneswar,Bhubaneswar,Odisha,Male,28,Self-employed,29555,630,2,Home,381702,15.51,120,6277.94,2025-06-19,,Rejected,0,No,0,0,10,Savings,No
L00396,C10396,Delhi Central,Delhi,Delhi,Male,35,Salaried,62318,697,1,Personal,47504,8.67,36,1503.33,2025-03-11,13-03-2025,Approved,47504,Yes,153,24816,13,Savings,Yes
L00397,C10397,Mumbai South,Mumbai,Maharashtra,Male,53,Business,147967,729,0,Personal,21346,14.29,36,732.57,2025-09-08,12-09-2025,Approved,21346,No,0,0,11,Savings,Yes
L00398,C10398,Bengaluru East,Bengaluru,Karnataka,Female,58,Salaried,67089,726,4,Education,110341,9.68,120,1438.68,2024-03-10,20-03-2024,Approved,110341,No,0,0,6,Savings,No
L00399,C10399,Bengaluru East,Bengaluru,Karnataka,Male,27,Self-employed,157171,737,4,Home,503121,16.12,48,14289.53,2024-12-29,,Pending,0,No,0,0,13,Savings,Yes
L00400,C10400,Ahmedabad,Ahmedabad,Gujarat,Male,41,Salaried,53918,626,4,Home,549650,10.75,60,11882.31,2025-07-24,,Rejected,0,No,0,0,2,Current,No
L00401,C10401,Mumbai South,Mumbai,Maharashtra,Female,39,Salaried,106790,638,1,Auto,126176,16.36,84,2532.06,2024-07-12,,Pending,0,No,0,0,15,Current,Yes
L00402,C10402,Delhi Central,Delhi,Delhi,Female,27,Salaried,162012,566,0,Home,356994,11.11,120,4939.85,2024-04-14,,Rejected,0,No,0,0,5,Savings,No
L00403,C10403,Chennai North,Chennai,Tamil Nadu,Female,33,Business,130981,785,3,Home,524076,14.39,120,8260.48,2024-10-06,13-10-2024,Approved,524076,No,0,0,12,Current,No
L00404,C10404,Bengaluru East,Bengaluru,Karnataka,Female,27,Salaried,153277,783,3,Home,220573,7.77,180,2078.73,2024-02-24,03-03-2024,Approved,220573,No,0,0,5,Current,No
L00405,C10405,Bengaluru East,Bengaluru,Karnataka,Female,60,Business,45058,645,3,Education,56467,10.14,84,941.51,2025-05-17,,Rejected,0,No,0,0,10,Savings,Yes
L00406,C10406,Ahmedabad,Ahmedabad,Gujarat,Male,45,Salaried,123654,618,3,Personal,24306,9.09,180,247.83,2024-11-06,,Pending,0,No,0,0,5,Current,No
L00407,C10407,Bengaluru East,Bengaluru,Karnataka,Female,45,Salaried,53673,616,4,Auto,173160,11.78,48,4541.28,2025-06-02,07-06-2025,Approved,173160,No,0,0,12,Current,No
L00408,C10408,Pune East,Pune,Maharashtra,Male,22,Business,58606,655,2,Personal,117262,12.76,180,1465.18,2024-12-15,22-12-2024,Approved,117262,No,0,0,11,Current,No
L00409,C10409,Delhi Central,Delhi,Delhi,Male,36,Salaried,106815,561,0,Business,140015,10.54,36,4553.47,2025-07-05,13-07-2025,Approved,140015,No,0,0,13,Current,No
L00410,C10410,Delhi Central,Delhi,Delhi,Female,58,Salaried,107972,605,3,Auto,134520,12.65,84,2421.66,2024-04-12,,Rejected,0,No,0,0,6,Current,No
L00411,C10411,Lucknow,Lucknow,Uttar Pradesh,Female,31,Business,120245,736,0,Education,100232,9.43,60,2101.63,2024-02-18,28-02-2024,Approved,100232,No,0,0,7,Savings,Yes
L00412,C10412,Kolkata West,Kolkata,West Bengal,Female,38,Salaried,164215,681,3,Personal,65523,14.66,180,901.84,2024-11-05,10-11-2024,Approved,65523,No,0,0,10,Savings,No
L00413,C10413,Ahmedabad,Ahmedabad,Gujarat,Female,60,Salaried,168540,695,4,Business,382432,11.99,180,4587.37,2025-04-23,02-05-2025,Approved,382432,No,0,0,13,Savings,Yes
L00414,C10414,Pune East,Pune,Maharashtra,Female,30,Salaried,103715,702,3,Personal,28444,13.21,84,520.71,2024-09-30,,Rejected,0,No,0,0,5,Current,Yes
L00415,C10415,Ahmedabad,Ahmedabad,Gujarat,Male,28,Salaried,32262,693,3,Personal,77164,11.3,36,2537.23,2024-07-25,28-07-2024,Approved,77164,Yes,101,43166,5,Savings,No
L00416,C10416,Bhopal,Bhopal,Madhya Pradesh,Male,24,Self-employed,47001,821,2,Auto,66667,15.61,84,1309.38,2025-01-07,09-01-2025,Approved,66667,No,0,0,4,Savings,Yes
L00417,C10417,Kolkata West,Kolkata,West Bengal,Male,54,Business,177153,844,2,Personal,31829,9.64,36,1021.66,2024-11-16,26-11-2024,Approved,31829,No,0,0,7,Current,Yes
L00418,C10418,Bengaluru East,Bengaluru,Karnataka,Male,32,Salaried,96970,639,3,Personal,97264,8,120,1180.08,2025-01-18,,Rejected,0,No,0,0,3,Current,No
L00419,C10419,Jaipur,Jaipur,Rajasthan,Male,38,Self-employed,62987,617,2,Home,467621,7.81,180,4417.69,2025-11-09,,Rejected,0,No,0,0,1,Savings,No
L00420,C10420,Lucknow,Lucknow,Uttar Pradesh,Female,40,Business,120120,774,0,Personal,50983,15.22,84,990.11,2024-01-09,,Rejected,0,No,0,0,12,Current,No
L00421,C10421,Mumbai South,Mumbai,Maharashtra,Male,40,Salaried,67002,775,3,Education,65918,15.3,84,1283.12,2025-04-27,03-05-2025,Approved,65918,No,0,0,3,Savings,No
L00422,C10422,Lucknow,Lucknow,Uttar Pradesh,Male,43,Salaried,168583,640,2,Personal,23584,14.36,180,319.8,2025-10-18,26-10-2025,Approved,23584,No,0,0,4,Savings,No
L00423,C10423,Chennai North,Chennai,Tamil Nadu,Female,41,Business,54052,736,1,Education,119883,11.19,60,2617.92,2025-04-07,10-04-2025,Approved,119883,No,0,0,10,Current,Yes
L00424,C10424,Mumbai South,Mumbai,Maharashtra,Female,44,Salaried,123912,760,4,Home,162042,15.81,180,2358.48,2025-09-18,20-09-2025,Approved,162042,No,0,0,6,Current,Yes
L00425,C10425,Delhi Central,Delhi,Delhi,Female,60,Salaried,93198,794,1,Business,141525,7.63,120,1689.54,2025-03-21,29-03-2025,Approved,141525,No,0,0,15,Savings,Yes
L00426,C10426,Kochi,Kochi,Kerala,Male,33,Self-employed,94783,832,2,Education,80079,8.67,48,1980.24,2025-09-06,11-09-2025,Approved,80079,No,0,0,6,Current,Yes
L00427,C10427,Ahmedabad,Ahmedabad,Gujarat,Male,22,Salaried,93629,696,1,Personal,109688,13.33,36,3713.28,2024-01-11,17-01-2024,Approved,109688,No,0,0,12,Savings,No
L00428,C10428,Kochi,Kochi,Kerala,Female,59,Salaried,49976,766,4,Home,324515,15.88,84,6423.38,2024-12-28,,Pending,0,No,0,0,1,Savings,No
L00429,C10429,Lucknow,Lucknow,Uttar Pradesh,Female,40,Student,122229,789,0,Auto,118233,9.03,84,1904.06,2024-12-13,,Rejected,0,No,0,0,4,Savings,No
L00430,C10430,Kochi,Kochi,Kerala,Female,30,Salaried,107121,799,0,Business,341730,15.35,60,8192.65,2025-01-04,,Rejected,0,No,0,0,9,Current,No
L00431,C10431,Lucknow,Lucknow,Uttar Pradesh,Female,48,Self-employed,107717,683,1,Auto,165340,7.98,48,4034.88,2024-02-25,26-02-2024,Approved,165340,No,0,0,5,Current,No
L00432,C10432,Mumbai South,Mumbai,Maharashtra,Female,23,Salaried,172024,608,3,Personal,34744,15.11,48,968.89,2024-05-06,10-05-2024,Approved,34744,No,0,0,5,Savings,No
L00433,C10433,Kolkata West,Kolkata,West Bengal,Male,58,Student,26081,600,3,Business,209057,14.41,180,2841.92,2024-04-06,,Pending,0,No,0,0,0,Current,Yes
L00434,C10434,Ahmedabad,Ahmedabad,Gujarat,Female,58,Self-employed,52805,675,2,Home,192500,11.64,180,2265.93,2025-11-06,11-11-2025,Approved,192500,No,0,0,0,Current,Yes
L00435,C10435,Chandigarh,Chandigarh,Chandigarh,Female,41,Self-employed,174201,786,2,Personal,27279,14.19,120,426.67,2025-09-08,15-09-2025,Approved,27279,No,0,0,7,Current,Yes
L00436,C10436,Delhi Central,Delhi,Delhi,Male,31,Salaried,130485,791,2,Auto,90405,8.59,84,1435.79,2025-03-18,23-03-2025,Approved,90405,No,0,0,4,Current,Yes
L00437,C10437,Patna,Patna,Bihar,Female,53,Salaried,141770,749,4,Auto,73651,14.31,60,1725.59,2025-09-20,27-09-2025,Approved,73651,No,0,0,10,Current,Yes
L00438,C10438,Chandigarh,Chandigarh,Chandigarh,Male,52,Salaried,162541,637,0,Home,379300,8.21,84,5951.61,2024-11-03,06-11-2024,Approved,379300,No,0,0,9,Savings,No
L00439,C10439,Hyderabad Central,Hyderabad,Telangana,Male,56,Salaried,36821,606,3,Home,496478,13.98,60,11547.03,2024-12-29,31-12-2024,Approved,496478,No,0,0,0,Savings,No
L00440,C10440,Bengaluru East,Bengaluru,Karnataka,Male,46,Salaried,134117,682,2,Personal,114908,11.59,180,1348.93,2025-04-05,10-04-2025,Approved,114908,No,0,0,5,Savings,Yes
L00441,C10441,Mumbai South,Mumbai,Maharashtra,Female,27,Salaried,29696,724,1,Auto,170628,13.73,180,2241.46,2025-09-08,,Rejected,0,No,0,0,9,Current,No
L00442,C10442,Bhopal,Bhopal,Madhya Pradesh,Female,26,Salaried,28637,691,1,Home,158328,13.76,48,4307.51,2024-01-28,31-01-2024,Approved,158328,No,0,0,13,Savings,Yes
L00443,C10443,Hyderabad Central,Hyderabad,Telangana,Female,30,Salaried,30719,802,3,Business,327196,7.68,84,5047.74,2025-08-22,27-08-2025,Approved,327196,No,0,0,12,Savings,No
L00444,C10444,Delhi Central,Delhi,Delhi,Male,48,Student,154945,790,4,Auto,195307,16.49,36,6913.76,2025-05-14,23-05-2025,Approved,195307,No,0,0,15,Savings,Yes
L00445,C10445,Lucknow,Lucknow,Uttar Pradesh,Male,48,Business,170032,826,3,Business,141310,11.95,180,1691.41,2024-12-21,28-12-2024,Approved,141310,Yes,103,25192,15,Current,No
L00446,C10446,Chennai North,Chennai,Tamil Nadu,Male,58,Self-employed,113906,747,4,Business,325611,8.68,60,6708.69,2025-12-29,05-01-2026,Approved,325611,No,0,0,11,Current,Yes
L00447,C10447,Kolkata West,Kolkata,West Bengal,Male,39,Business,47594,671,1,Home,408047,8.41,84,6443.58,2025-05-20,24-05-2025,Approved,408047,No,0,0,0,Current,No
L00448,C10448,Pune East,Pune,Maharashtra,Male,32,Self-employed,156983,658,0,Education,74267,11.38,120,1039.07,2024-08-20,24-08-2024,Approved,74267,No,0,0,10,Current,Yes
L00449,C10449,Bhopal,Bhopal,Madhya Pradesh,Female,30,Self-employed,160105,663,0,Business,309547,14.69,36,10683.62,2024-04-18,,Rejected,0,No,0,0,3,Savings,Yes
L00450,C10450,Bengaluru East,Bengaluru,Karnataka,Male,34,Self-employed,66165,669,2,Education,129872,12.05,180,1562.86,2024-04-11,17-04-2024,Approved,129872,No,0,0,4,Savings,Yes
L00451,C10451,Jaipur,Jaipur,Rajasthan,Female,21,Salaried,149168,644,0,Home,524970,14.29,60,12294.2,2025-10-06,,Rejected,0,No,0,0,4,Current,Yes
L00452,C10452,Bengaluru East,Bengaluru,Karnataka,Female,47,Self-employed,145259,759,4,Education,77418,15.99,84,1537.24,2024-05-29,07-06-2024,Approved,77418,No,0,0,2,Current,No
L00453,C10453,Ahmedabad,Ahmedabad,Gujarat,Male,48,Salaried,34723,636,4,Home,481144,16.32,180,7174.2,2025-06-16,,Pending,0,No,0,0,13,Current,No
L00454,C10454,Kochi,Kochi,Kerala,Female,43,Salaried,98342,605,4,Auto,88498,13.8,84,1648.69,2025-10-21,30-10-2025,Approved,88498,No,0,0,14,Current,No
L00455,C10455,Bhopal,Bhopal,Madhya Pradesh,Male,40,Salaried,165884,633,1,Personal,90882,10.06,36,2935.07,2025-06-07,,Rejected,0,No,0,0,10,Savings,Yes
L00456,C10456,Delhi Central,Delhi,Delhi,Female,36,Self-employed,104676,787,3,Business,137903,14.09,60,3215.2,2024-09-22,28-09-2024,Approved,137903,No,0,0,3,Current,No
L00457,C10457,Kolkata West,Kolkata,West Bengal,Male,50,Salaried,86891,761,4,Education,112279,13.49,120,1709.05,2024-08-27,01-09-2024,Approved,112279,No,0,0,4,Current,Yes
L00458,C10458,Mumbai South,Mumbai,Maharashtra,Female,54,Business,119704,492,3,Home,523104,11.33,84,9047.84,2024-03-24,31-03-2024,Approved,523104,No,0,0,15,Savings,No
L00459,C10459,Mumbai South,Mumbai,Maharashtra,Female,54,Salaried,171530,620,2,Auto,160997,16.47,180,2417.53,2025-05-16,,Rejected,0,No,0,0,13,Savings,Yes
L00460,C10460,Lucknow,Lucknow,Uttar Pradesh,Male,52,Business,58917,681,4,Business,141896,13.75,84,2639.57,2025-04-29,02-05-2025,Approved,141896,No,0,0,11,Savings,No
L00461,C10461,Mumbai South,Mumbai,Maharashtra,Male,44,Business,35559,655,2,Business,238995,10.15,36,7728.54,2024-05-26,05-06-2024,Approved,238995,No,0,0,9,Current,Yes
L00462,C10462,Bengaluru East,Bengaluru,Karnataka,Female,21,Salaried,116396,685,0,Business,298929,11.83,60,6623.86,2025-08-02,08-08-2025,Approved,298929,No,0,0,15,Savings,Yes
L00463,C10463,Lucknow,Lucknow,Uttar Pradesh,Female,49,Business,64054,731,4,Auto,157381,10.99,84,2693.92,2024-12-13,21-12-2024,Approved,157381,No,0,0,2,Savings,Yes
L00464,C10464,Kolkata West,Kolkata,West Bengal,Female,56,Business,171630,643,0,Home,474379,12.38,36,15842.41,2025-08-06,,Rejected,0,No,0,0,15,Savings,Yes
L00465,C10465,Chandigarh,Chandigarh,Chandigarh,Male,22,Salaried,78950,693,4,Personal,89932,12.96,84,1634.08,2025-08-26,27-08-2025,Approved,89932,No,0,0,5,Current,Yes
L00466,C10466,Patna,Patna,Bihar,Female,45,Salaried,55053,799,0,Personal,57401,8.8,60,1185.99,2024-04-01,08-04-2024,Approved,57401,No,0,0,1,Current,Yes
L00467,C10467,Delhi Central,Delhi,Delhi,Male,40,Salaried,108896,782,2,Personal,35855,7.97,48,874.82,2025-09-03,11-09-2025,Approved,35855,No,0,0,12,Savings,No
L00468,C10468,Delhi Central,Delhi,Delhi,Female,50,Business,42159,805,3,Home,482158,9.6,36,15467.49,2024-10-02,12-10-2024,Approved,482158,No,0,0,7,Savings,No
L00469,C10469,Kolkata West,Kolkata,West Bengal,Female,49,Salaried,156185,742,2,Personal,42044,14.54,120,666.52,2025-03-09,,Pending,0,No,0,0,14,Savings,Yes
L00470,C10470,Patna,Patna,Bihar,Female,60,Salaried,68878,850,0,Home,402804,9.96,60,8550.47,2025-11-27,03-12-2025,Approved,402804,No,0,0,6,Current,Yes
L00471,C10471,Bengaluru East,Bengaluru,Karnataka,Male,40,Salaried,57237,744,2,Business,190546,12.99,60,4334.53,2025-11-29,,Pending,0,No,0,0,8,Current,No
L00472,C10472,Chennai North,Chennai,Tamil Nadu,Female,42,Salaried,111103,591,0,Business,150110,13.32,36,5080.97,2025-09-15,,Rejected,0,No,0,0,0,Savings,No
L00473,C10473,Lucknow,Lucknow,Uttar Pradesh,Female,46,Salaried,45322,546,3,Auto,142535,16.25,84,2851.37,2025-09-07,,Rejected,0,No,0,0,5,Savings,Yes
L00474,C10474,Jaipur,Jaipur,Rajasthan,Female,33,Salaried,83070,654,0,Education,119201,15.79,60,2885.45,2024-07-15,25-07-2024,Approved,119201,No,0,0,7,Savings,No
L00475,C10475,Pune East,Pune,Maharashtra,Male,38,Salaried,79810,850,3,Home,295409,12.62,84,5313.23,2024-06-23,03-07-2024,Approved,295409,No,0,0,5,Savings,Yes
L00476,C10476,Kochi,Kochi,Kerala,Male,29,Salaried,174396,699,1,Business,223826,9.23,180,2300.92,2024-01-24,,Pending,0,No,0,0,8,Current,Yes
L00477,C10477,Ahmedabad,Ahmedabad,Gujarat,Male,41,Salaried,131660,674,3,Personal,87797,14.33,180,1188.76,2024-08-17,24-08-2024,Approved,87797,No,0,0,10,Savings,No
L00478,C10478,Chennai North,Chennai,Tamil Nadu,Female,26,Self-employed,31651,794,1,Business,302203,16.12,48,8583.1,2024-07-20,25-07-2024,Approved,302203,No,0,0,3,Savings,No
L00479,C10479,Ahmedabad,Ahmedabad,Gujarat,Male,58,Self-employed,112635,718,3,Home,328678,14.99,60,7817.5,2025-06-16,,Rejected,0,No,0,0,2,Current,Yes
L00480,C10480,Chandigarh,Chandigarh,Chandigarh,Female,58,Salaried,40908,645,0,Personal,110880,8.09,48,2711.59,2024-03-04,,Pending,0,No,0,0,14,Savings,No
L00481,C10481,Kolkata West,Kolkata,West Bengal,Female,25,Salaried,39625,635,3,Personal,100911,14.27,48,2771.23,2025-09-05,,Rejected,0,No,0,0,0,Current,No
L00482,C10482,Jaipur,Jaipur,Rajasthan,Female,60,Business,114028,668,0,Personal,63017,12.79,36,2116.92,2024-04-15,17-04-2024,Approved,63017,No,0,0,6,Savings,No
L00483,C10483,Pune East,Pune,Maharashtra,Female,51,Business,141555,704,0,Home,313403,12.76,120,4635.18,2025-10-29,,Rejected,0,No,0,0,9,Savings,Yes
L00484,C10484,Jaipur,Jaipur,Rajasthan,Female,59,Salaried,121686,725,0,Personal,106203,13.6,36,3609.17,2024-08-31,09-09-2024,Approved,106203,No,0,0,13,Current,Yes
L00485,C10485,Chennai North,Chennai,Tamil Nadu,Male,25,Salaried,149708,622,4,Auto,198398,16.17,120,3344.48,2024-11-02,,Rejected,0,No,0,0,5,Savings,No
L00486,C10486,Bhubaneswar,Bhubaneswar,Odisha,Male,52,Salaried,25969,503,1,Auto,172299,13.12,48,4632.62,2025-05-07,,Rejected,0,No,0,0,10,Current,Yes
L00487,C10487,Ahmedabad,Ahmedabad,Gujarat,Male,21,Salaried,44328,634,1,Home,251923,13.18,60,5755.26,2024-02-14,,Pending,0,No,0,0,6,Savings,No
L00488,C10488,Bengaluru East,Bengaluru,Karnataka,Male,37,Business,114081,759,4,Home,252753,7.69,60,5087.5,2024-04-13,16-04-2024,Approved,252753,No,0,0,3,Current,Yes
L00489,C10489,Hyderabad Central,Hyderabad,Telangana,Female,36,Salaried,122609,601,4,Business,114276,8.57,48,2820.49,2024-07-13,20-07-2024,Approved,114276,No,0,0,10,Current,Yes
L00490,C10490,Bhubaneswar,Bhubaneswar,Odisha,Male,60,Business,165369,548,2,Education,72949,9.72,180,771.47,2024-10-13,,Pending,0,No,0,0,15,Savings,Yes
L00491,C10491,Bhopal,Bhopal,Madhya Pradesh,Female,60,Salaried,158330,579,4,Personal,88012,11.68,60,1943.58,2025-12-30,,Rejected,0,No,0,0,15,Current,No
L00492,C10492,Hyderabad Central,Hyderabad,Telangana,Female,58,Business,79316,783,1,Business,317020,15.27,84,6165.58,2024-08-11,18-08-2024,Approved,317020,No,0,0,11,Current,Yes
L00493,C10493,Bengaluru East,Bengaluru,Karnataka,Male,39,Salaried,117163,692,4,Auto,161700,11.56,84,2816.54,2025-02-22,02-03-2025,Approved,161700,No,0,0,12,Savings,Yes
L00494,C10494,Jaipur,Jaipur,Rajasthan,Male,37,Business,119134,710,0,Home,413069,12.12,180,4989.46,2024-03-21,,Rejected,0,No,0,0,7,Savings,Yes
L00495,C10495,Mumbai South,Mumbai,Maharashtra,Female,23,Salaried,112492,710,2,Education,130726,13.65,60,3018.1,2024-07-14,,Rejected,0,No,0,0,4,Current,Yes
L00496,C10496,Bhopal,Bhopal,Madhya Pradesh,Female,39,Self-employed,130856,749,3,Education,129327,13.4,84,2380.93,2025-10-31,03-11-2025,Approved,129327,No,0,0,7,Savings,Yes
L00497,C10497,Jaipur,Jaipur,Rajasthan,Male,54,Business,169864,695,3,Personal,31255,10.32,48,797.52,2025-03-15,,Rejected,0,No,0,0,13,Savings,No
L00498,C10498,Jaipur,Jaipur,Rajasthan,Male,44,Salaried,58645,578,2,Business,85075,12,180,1021.04,2024-12-29,05-01-2025,Approved,85075,No,0,0,12,Current,No
L00499,C10499,Kolkata West,Kolkata,West Bengal,Male,57,Self-employed,61473,788,2,Auto,152468,16.32,48,4346.01,2025-02-04,11-02-2025,Approved,152468,No,0,0,3,Current,No
L00500,C10500,Chandigarh,Chandigarh,Chandigarh,Female,26,Salaried,169941,832,1,Home,511247,12.93,36,17208.7,2024-07-10,17-07-2024,Approved,511247,No,0,0,7,Current,Yes
L00501,C10501,Jaipur,Jaipur,Rajasthan,Male,44,Salaried,70043,618,3,Home,208061,8.66,84,3311.72,2025-05-04,,Rejected,0,No,0,0,12,Savings,Yes
L00502,C10502,Patna,Patna,Bihar,Male,40,Salaried,149460,826,1,Auto,131346,12.79,120,1944.9,2025-12-02,06-12-2025,Approved,131346,Yes,66,58422,2,Current,Yes
L00503,C10503,Lucknow,Lucknow,Uttar Pradesh,Female,57,Self-employed,145639,670,0,Home,389236,10.62,180,4331.61,2024-10-31,03-11-2024,Approved,389236,No,0,0,5,Current,No
L00504,C10504,Ahmedabad,Ahmedabad,Gujarat,Male,57,Salaried,36446,694,1,Business,162801,9.96,180,1745.49,2025-07-04,06-07-2025,Approved,162801,No,0,0,6,Current,No
L00505,C10505,Bhopal,Bhopal,Madhya Pradesh,Male,44,Salaried,52583,568,3,Personal,53130,9.37,36,1698.68,2025-04-18,26-04-2025,Approved,53130,No,0,0,12,Savings,No
L00506,C10506,Delhi Central,Delhi,Delhi,Male,37,Salaried,60777,686,2,Auto,171699,11.86,36,5691.39,2024-03-25,29-03-2024,Approved,171699,No,0,0,14,Savings,No
L00507,C10507,Patna,Patna,Bihar,Female,31,Salaried,29735,655,0,Personal,71229,9.02,180,723.3,2024-01-12,15-01-2024,Approved,71229,No,0,0,5,Savings,Yes
L00508,C10508,Bhubaneswar,Bhubaneswar,Odisha,Male,49,Business,162068,662,0,Personal,60412,11.5,120,849.37,2024-01-05,12-01-2024,Approved,60412,No,0,0,7,Current,Yes
L00509,C10509,Chennai North,Chennai,Tamil Nadu,Male,22,Salaried,28816,666,0,Home,200647,14.67,180,2763.02,2024-06-20,,Rejected,0,No,0,0,1,Current,Yes
L00510,C10510,Patna,Patna,Bihar,Female,41,Business,74688,729,4,Home,434008,11.06,84,7444.97,2024-05-03,05-05-2024,Approved,434008,No,0,0,5,Savings,No
L00511,C10511,Chandigarh,Chandigarh,Chandigarh,Female,21,Salaried,145265,709,2,Auto,146725,7.9,48,3575.1,2025-02-24,06-03-2025,Approved,146725,No,0,0,3,Savings,No
L00512,C10512,Mumbai South,Mumbai,Maharashtra,Female,45,Business,59847,790,2,Home,549358,15.46,60,13202.21,2025-11-13,19-11-2025,Approved,549358,Yes,179,235358,12,Savings,Yes
L00513,C10513,Chennai North,Chennai,Tamil Nadu,Male,60,Self-employed,57520,648,1,Auto,65708,8.74,84,1048.53,2024-10-30,06-11-2024,Approved,65708,No,0,0,1,Savings,No
L00514,C10514,Kochi,Kochi,Kerala,Female,29,Salaried,35382,796,4,Education,84380,13.33,60,1934.19,2024-01-25,31-01-2024,Approved,84380,No,0,0,6,Savings,Yes
L00515,C10515,Bhopal,Bhopal,Madhya Pradesh,Male,59,Self-employed,161700,657,0,Home,407762,8.13,48,9979.56,2024-02-23,26-02-2024,Approved,407762,No,0,0,4,Savings,Yes
L00516,C10516,Kolkata West,Kolkata,West Bengal,Male,36,Salaried,136736,758,3,Personal,114591,9.28,84,1859.99,2024-06-29,04-07-2024,Approved,114591,No,0,0,14,Savings,No
L00517,C10517,Patna,Patna,Bihar,Female,26,Student,119262,655,3,Personal,99874,14.11,48,2734.72,2025-05-08,15-05-2025,Approved,99874,No,0,0,2,Current,Yes
L00518,C10518,Lucknow,Lucknow,Uttar Pradesh,Male,37,Salaried,105176,715,3,Home,444724,12.95,36,14973.8,2024-12-07,15-12-2024,Approved,444724,No,0,0,6,Savings,Yes
L00519,C10519,Patna,Patna,Bihar,Female,52,Salaried,134004,850,2,Personal,60345,13.27,120,910.65,2024-03-13,14-03-2024,Approved,60345,No,0,0,3,Current,Yes
L00520,C10520,Chennai North,Chennai,Tamil Nadu,Female,37,Self-employed,116377,621,4,Education,113228,13.7,180,1485.15,2024-02-29,,Rejected,0,No,0,0,13,Savings,Yes
L00521,C10521,Jaipur,Jaipur,Rajasthan,Male,44,Business,32407,657,2,Auto,88631,9.79,120,1160.98,2025-08-15,,Pending,0,No,0,0,5,Savings,Yes
L00522,C10522,Bhopal,Bhopal,Madhya Pradesh,Male,45,Salaried,178658,594,0,Personal,44749,15.38,48,1254.03,2025-03-13,18-03-2025,Approved,44749,No,0,0,12,Current,No
L00523,C10523,Bhopal,Bhopal,Madhya Pradesh,Male,27,Business,115280,711,1,Business,288651,13.79,36,9835.99,2024-06-21,,Rejected,0,No,0,0,0,Savings,Yes
L00524,C10524,Bhopal,Bhopal,Madhya Pradesh,Female,54,Salaried,100586,639,3,Home,346425,9.18,48,8650.44,2024-07-21,,Rejected,0,No,0,0,3,Current,Yes
L00525,C10525,Bengaluru East,Bengaluru,Karnataka,Male,24,Business,75301,681,3,Personal,101844,8.48,180,1001.7,2024-06-19,21-06-2024,Approved,101844,No,0,0,8,Savings,No
L00526,C10526,Delhi Central,Delhi,Delhi,Male,51,Salaried,51426,840,0,Home,544159,16.1,180,8030.04,2025-08-19,20-08-2025,Approved,544159,No,0,0,0,Current,No
L00527,C10527,Bhubaneswar,Bhubaneswar,Odisha,Female,51,Self-employed,137578,635,2,Business,205617,15.97,180,3015.6,2025-02-12,,Rejected,0,No,0,0,1,Current,No
L00528,C10528,Bhopal,Bhopal,Madhya Pradesh,Male,21,Salaried,130331,780,1,Home,214432,15.32,60,5137.41,2025-12-17,21-12-2025,Approved,214432,No,0,0,15,Current,Yes
L00529,C10529,Delhi Central,Delhi,Delhi,Female,22,Business,36994,802,3,Home,404036,11.1,120,5588.49,2024-03-24,01-04-2024,Approved,404036,No,0,0,3,Current,No
L00530,C10530,Kolkata West,Kolkata,West Bengal,Male,30,Self-employed,174918,668,4,Home,411056,14.67,60,9707.93,2025-11-20,,Pending,0,No,0,0,14,Savings,No
L00531,C10531,Mumbai South,Mumbai,Maharashtra,Female,55,Salaried,80480,770,0,Home,525267,7.76,60,10590.29,2025-01-27,31-01-2025,Approved,525267,No,0,0,15,Savings,Yes
L00532,C10532,Bhubaneswar,Bhubaneswar,Odisha,Female,26,Self-employed,112241,837,1,Business,394929,8.08,60,8022.87,2025-01-21,,Rejected,0,No,0,0,12,Current,Yes
L00533,C10533,Chennai North,Chennai,Tamil Nadu,Female,28,Salaried,54198,787,1,Education,45218,12.66,48,1205.47,2024-11-16,,Pending,0,No,0,0,0,Current,Yes
L00534,C10534,Kolkata West,Kolkata,West Bengal,Male,45,Student,108792,751,2,Education,134407,8.64,180,1334.61,2025-09-08,10-09-2025,Approved,134407,No,0,0,14,Current,Yes
L00535,C10535,Patna,Patna,Bihar,Female,35,Salaried,144481,724,0,Auto,130974,12.02,180,1573.59,2024-05-06,16-05-2024,Approved,130974,No,0,0,6,Current,No
L00536,C10536,Kochi,Kochi,Kerala,Female,24,Student,112331,735,1,Education,57605,15.13,48,1606.99,2025-12-18,21-12-2025,Approved,57605,No,0,0,12,Current,Yes
L00537,C10537,Delhi Central,Delhi,Delhi,Female,42,Salaried,149104,807,3,Home,531028,10.05,180,5722.71,2024-07-18,27-07-2024,Approved,531028,No,0,0,4,Current,Yes
L00538,C10538,Patna,Patna,Bihar,Female,50,Business,176298,682,1,Personal,83234,10.12,48,2115.83,2024-08-02,06-08-2024,Approved,83234,No,0,0,0,Current,Yes
L00539,C10539,Chandigarh,Chandigarh,Chandigarh,Male,45,Student,136964,671,0,Home,398447,9.12,36,12692.77,2024-04-30,,Pending,0,No,0,0,10,Current,Yes
L00540,C10540,Chandigarh,Chandigarh,Chandigarh,Female,36,Salaried,88138,651,3,Personal,110175,12.87,48,2948.62,2025-10-30,,Rejected,0,No,0,0,2,Current,No
L00541,C10541,Hyderabad Central,Hyderabad,Telangana,Female,44,Salaried,55573,760,4,Home,457678,12.66,120,6742.15,2025-05-06,08-05-2025,Approved,457678,No,0,0,5,Current,No
L00542,C10542,Chandigarh,Chandigarh,Chandigarh,Female,40,Business,51067,730,2,Home,566926,12.34,84,10111.17,2025-12-18,27-12-2025,Approved,566926,No,0,0,15,Savings,Yes
L00543,C10543,Bhopal,Bhopal,Madhya Pradesh,Male,28,Salaried,72169,766,2,Home,217536,12.68,180,2706.71,2024-06-14,19-06-2024,Approved,217536,No,0,0,1,Savings,Yes
L00544,C10544,Lucknow,Lucknow,Uttar Pradesh,Female,44,Student,69984,692,3,Business,80044,9.74,36,2573.03,2025-06-15,,Pending,0,No,0,0,9,Current,Yes
L00545,C10545,Kolkata West,Kolkata,West Bengal,Female,41,Salaried,117305,624,0,Auto,61727,9.63,48,1554.61,2024-05-25,29-05-2024,Approved,61727,No,0,0,6,Current,No
L00546,C10546,Bengaluru East,Bengaluru,Karnataka,Female,25,Salaried,93334,638,3,Auto,92813,11.1,36,3042.98,2024-09-17,,Rejected,0,No,0,0,4,Savings,Yes
L00547,C10547,Chandigarh,Chandigarh,Chandigarh,Female,33,Business,172755,618,4,Home,580738,8.88,84,9308.21,2025-01-23,02-02-2025,Approved,580738,No,0,0,8,Savings,Yes
L00548,C10548,Chandigarh,Chandigarh,Chandigarh,Female,25,Salaried,48324,581,2,Business,223263,8.82,48,5536.85,2024-10-07,14-10-2024,Approved,223263,No,0,0,7,Current,Yes
L00549,C10549,Bhopal,Bhopal,Madhya Pradesh,Male,32,Salaried,105360,582,0,Personal,111810,12.65,60,2524.03,2025-07-18,20-07-2025,Approved,111810,No,0,0,5,Current,No
L00550,C10550,Bengaluru East,Bengaluru,Karnataka,Female,55,Business,130552,622,3,Auto,117911,7.59,120,1405.17,2025-12-31,03-01-2026,Approved,117911,Yes,175,35044,1,Current,Yes
L00551,C10551,Chandigarh,Chandigarh,Chandigarh,Female,50,Salaried,117799,714,2,Business,352941,15.98,48,9998.83,2024-11-08,10-11-2024,Approved,352941,No,0,0,13,Current,Yes
L00552,C10552,Chandigarh,Chandigarh,Chandigarh,Male,25,Business,49545,611,1,Auto,72173,14.19,120,1128.86,2025-05-19,,Rejected,0,No,0,0,0,Current,Yes
L00553,C10553,Jaipur,Jaipur,Rajasthan,Female,53,Business,164567,667,4,Home,585891,14.21,180,7885.39,2025-03-11,,Rejected,0,No,0,0,11,Savings,Yes
L00554,C10554,Kolkata West,Kolkata,West Bengal,Female,31,Business,162236,622,1,Home,342440,15.05,120,5535.24,2024-12-27,,Pending,0,No,0,0,13,Current,No
L00555,C10555,Bengaluru East,Bengaluru,Karnataka,Female,28,Salaried,90474,757,0,Home,403296,10.14,48,10255.77,2024-01-03,13-01-2024,Approved,403296,No,0,0,9,Savings,No
L00556,C10556,Bhubaneswar,Bhubaneswar,Odisha,Female,24,Salaried,145679,571,2,Home,206184,7.55,180,1917.21,2024-07-09,,Rejected,0,No,0,0,0,Savings,No
L00557,C10557,Jaipur,Jaipur,Rajasthan,Male,26,Salaried,65294,558,0,Home,494265,9.75,84,8141.68,2025-02-08,,Rejected,0,No,0,0,11,Current,Yes
L00558,C10558,Lucknow,Lucknow,Uttar Pradesh,Female,27,Student,140174,772,1,Home,541690,11.41,60,11888.72,2025-12-27,31-12-2025,Approved,541690,No,0,0,4,Current,No
L00559,C10559,Kochi,Kochi,Kerala,Female,23,Salaried,77164,850,2,Home,406412,12.45,180,4995.9,2024-05-10,17-05-2024,Approved,406412,No,0,0,12,Savings,Yes
L00560,C10560,Mumbai South,Mumbai,Maharashtra,Male,29,Salaried,156072,633,0,Education,60999,7.97,60,1235.96,2025-03-15,,Pending,0,No,0,0,0,Current,No
L00561,C10561,Hyderabad Central,Hyderabad,Telangana,Female,52,Salaried,137447,690,4,Home,297397,14.4,60,6981.74,2025-12-18,25-12-2025,Approved,297397,No,0,0,3,Savings,Yes
L00562,C10562,Patna,Patna,Bihar,Male,35,Salaried,130193,730,0,Home,250756,15.86,84,4960.56,2024-01-19,21-01-2024,Approved,250756,No,0,0,12,Current,No
L00563,C10563,Kochi,Kochi,Kerala,Male,35,Salaried,150618,758,0,Personal,55290,10.77,60,1195.81,2025-12-29,04-01-2026,Approved,55290,No,0,0,5,Savings,Yes
L00564,C10564,Delhi Central,Delhi,Delhi,Female,34,Salaried,98442,717,4,Home,246909,9.77,84,4069.7,2025-01-07,09-01-2025,Approved,246909,Yes,33,144642,4,Current,No
L00565,C10565,Kochi,Kochi,Kerala,Female,58,Salaried,122410,694,4,Personal,33941,8.67,180,337.62,2025-09-08,18-09-2025,Approved,33941,No,0,0,6,Savings,No
L00566,C10566,Bhubaneswar,Bhubaneswar,Odisha,Male,25,Self-employed,114888,746,2,Education,129744,9.32,180,1340.76,2024-06-06,10-06-2024,Approved,129744,No,0,0,8,Current,No
L00567,C10567,Jaipur,Jaipur,Rajasthan,Male,48,Salaried,134839,519,0,Home,293732,13.77,48,7992.81,2024-10-23,02-11-2024,Approved,293732,Yes,78,104200,15,Savings,Yes
L00568,C10568,Jaipur,Jaipur,Rajasthan,Female,56,Self-employed,130080,664,4,Home,246503,7.53,120,2929.9,2024-08-11,12-08-2024,Approved,246503,No,0,0,14,Current,No
L00569,C10569,Patna,Patna,Bihar,Male,39,Business,169743,726,4,Home,170494,13.26,60,3901.99,2024-05-16,17-05-2024,Approved,170494,No,0,0,7,Savings,Yes
L00570,C10570,Delhi Central,Delhi,Delhi,Female,59,Student,110081,723,0,Business,367978,9.88,48,9311.68,2025-02-22,,Rejected,0,No,0,0,9,Current,Yes
L00571,C10571,Chandigarh,Chandigarh,Chandigarh,Male,43,Salaried,98319,772,4,Auto,77903,14,180,1037.47,2025-01-26,,Pending,0,No,0,0,8,Savings,No
L00572,C10572,Chennai North,Chennai,Tamil Nadu,Female,38,Salaried,128668,850,1,Personal,115657,14.04,60,2693.54,2024-05-31,,Rejected,0,No,0,0,2,Current,Yes
L00573,C10573,Jaipur,Jaipur,Rajasthan,Male,32,Salaried,153586,731,2,Home,235416,15.47,84,4605.06,2025-12-04,06-12-2025,Approved,235416,No,0,0,13,Savings,No
L00574,C10574,Bhubaneswar,Bhubaneswar,Odisha,Female,27,Business,60990,674,0,Auto,149057,10.96,36,4877.11,2024-01-14,,Rejected,0,No,0,0,1,Savings,Yes
L00575,C10575,Bhopal,Bhopal,Madhya Pradesh,Male,38,Salaried,28538,692,0,Personal,64353,15.17,36,2236.18,2024-07-26,05-08-2024,Approved,64353,No,0,0,5,Current,No
L00576,C10576,Jaipur,Jaipur,Rajasthan,Male,36,Salaried,95112,680,4,Home,582498,7.9,120,7036.57,2024-10-30,06-11-2024,Approved,582498,No,0,0,7,Savings,Yes
L00577,C10577,Ahmedabad,Ahmedabad,Gujarat,Female,30,Salaried,100195,711,3,Auto,79467,11.93,36,2636.79,2024-08-17,22-08-2024,Approved,79467,No,0,0,10,Savings,No
L00578,C10578,Bhubaneswar,Bhubaneswar,Odisha,Male,23,Business,71679,832,3,Personal,98592,9.13,84,1592.77,2024-06-02,,Rejected,0,No,0,0,9,Current,No
L00579,C10579,Bhubaneswar,Bhubaneswar,Odisha,Male,38,Self-employed,121760,806,0,Education,142946,15.9,48,4043.81,2025-11-02,05-11-2025,Approved,142946,No,0,0,15,Savings,Yes
L00580,C10580,Kolkata West,Kolkata,West Bengal,Female,38,Salaried,109686,637,1,Home,351860,10.67,84,5963.82,2025-03-10,,Rejected,0,No,0,0,13,Current,Yes
L00581,C10581,Bhopal,Bhopal,Madhya Pradesh,Male,45,Salaried,155312,610,4,Education,80413,8.25,180,780.12,2025-03-07,,Rejected,0,No,0,0,7,Savings,Yes
L00582,C10582,Pune East,Pune,Maharashtra,Male,34,Student,29496,670,2,Auto,85020,15.79,36,2980.24,2024-12-23,26-12-2024,Approved,85020,No,0,0,4,Current,Yes
L00583,C10583,Chennai North,Chennai,Tamil Nadu,Male,24,Business,55732,796,3,Education,121242,16.18,60,2959.98,2024-02-25,06-03-2024,Approved,121242,No,0,0,5,Savings,Yes
L00584,C10584,Pune East,Pune,Maharashtra,Male,26,Salaried,28270,664,4,Education,84590,8.85,48,2099.01,2025-04-26,,Rejected,0,No,0,0,9,Current,No
L00585,C10585,Kochi,Kochi,Kerala,Female,49,Self-employed,28462,680,0,Auto,95503,12.03,36,3173.43,2025-02-09,,Rejected,0,No,0,0,14,Current,No
L00586,C10586,Kochi,Kochi,Kerala,Male,48,Self-employed,96257,729,0,Personal,36401,14.19,84,685.98,2025-09-25,02-10-2025,Approved,36401,No,0,0,2,Current,No
L00587,C10587,Pune East,Pune,Maharashtra,Female,45,Salaried,122380,662,0,Home,340160,12.93,60,7727.5,2024-01-29,01-02-2024,Approved,340160,No,0,0,2,Savings,Yes
L00588,C10588,Bhopal,Bhopal,Madhya Pradesh,Female,33,Business,33484,653,1,Home,448908,12.58,120,6591.93,2025-05-10,16-05-2025,Approved,448908,Yes,109,4445,11,Current,No
L00589,C10589,Lucknow,Lucknow,Uttar Pradesh,Male,41,Self-employed,118280,797,0,Personal,117183,12.03,120,1683.27,2024-06-02,09-06-2024,Approved,117183,No,0,0,1,Current,Yes
L00590,C10590,Bengaluru East,Bengaluru,Karnataka,Female,26,Self-employed,49455,672,1,Business,153852,14.42,48,4236.72,2025-05-28,07-06-2025,Approved,153852,No,0,0,10,Current,Yes
L00591,C10591,Pune East,Pune,Maharashtra,Female,44,Business,137958,797,3,Home,470018,12.96,48,12600.08,2025-08-03,11-08-2025,Approved,470018,No,0,0,0,Savings,No
L00592,C10592,Lucknow,Lucknow,Uttar Pradesh,Male,52,Salaried,107239,717,1,Business,164658,8.11,120,2007.34,2025-01-07,09-01-2025,Approved,164658,No,0,0,14,Current,No
L00593,C10593,Hyderabad Central,Hyderabad,Telangana,Female,29,Self-employed,174090,623,2,Personal,101223,15.75,48,2855.74,2025-03-27,,Rejected,0,No,0,0,10,Current,Yes
L00594,C10594,Chandigarh,Chandigarh,Chandigarh,Female,53,Salaried,36187,694,4,Business,109915,14.17,48,3012.97,2025-12-17,,Rejected,0,No,0,0,0,Savings,Yes
L00595,C10595,Hyderabad Central,Hyderabad,Telangana,Female,31,Business,44130,714,0,Personal,81405,13.28,84,1493.34,2024-04-21,23-04-2024,Approved,81405,No,0,0,12,Current,Yes
L00596,C10596,Ahmedabad,Ahmedabad,Gujarat,Female,25,Salaried,152479,830,1,Education,92419,8.53,84,1464.99,2024-02-09,17-02-2024,Approved,92419,No,0,0,6,Current,Yes
L00597,C10597,Kolkata West,Kolkata,West Bengal,Female,24,Self-employed,119763,737,1,Home,162028,16.07,180,2387.62,2025-03-09,12-03-2025,Approved,162028,No,0,0,2,Current,No
L00598,C10598,Mumbai South,Mumbai,Maharashtra,Female,49,Self-employed,162567,501,1,Auto,118012,9.16,36,3761.54,2024-04-04,,Pending,0,No,0,0,13,Current,No
L00599,C10599,Bengaluru East,Bengaluru,Karnataka,Male,43,Self-employed,151255,584,1,Business,309000,10.69,180,3452.17,2025-08-07,,Rejected,0,No,0,0,0,Savings,Yes
L00600,C10600,Kochi,Kochi,Kerala,Male,41,Business,107972,706,0,Home,390469,15.9,84,7733.3,2024-11-20,27-11-2024,Approved,390469,No,0,0,0,Current,Yes
L00601,C10601,Chandigarh,Chandigarh,Chandigarh,Female,58,Salaried,82310,688,4,Education,108766,10.9,60,2359.42,2024-08-02,,Pending,0,No,0,0,0,Current,No
L00602,C10602,Delhi Central,Delhi,Delhi,Female,40,Salaried,57701,644,3,Auto,169537,11.23,60,3705.62,2024-12-26,,Rejected,0,No,0,0,13,Current,Yes
L00603,C10603,Bhubaneswar,Bhubaneswar,Odisha,Male,50,Salaried,71372,650,3,Personal,106455,13.7,84,1977.37,2025-10-11,21-10-2025,Approved,106455,No,0,0,3,Savings,Yes
L00604,C10604,Mumbai South,Mumbai,Maharashtra,Male,60,Self-employed,52177,676,3,Education,111766,15.85,36,3921.09,2025-10-10,20-10-2025,Approved,111766,No,0,0,9,Current,Yes
L00605,C10605,Chennai North,Chennai,Tamil Nadu,Female,56,Salaried,76264,796,2,Business,323241,11.22,180,3718.73,2025-12-21,28-12-2025,Approved,323241,Yes,125,58703,9,Current,No
L00606,C10606,Hyderabad Central,Hyderabad,Telangana,Female,36,Salaried,133673,555,0,Home,230412,14.61,120,3662.51,2025-09-06,09-09-2025,Approved,230412,No,0,0,13,Savings,No
L00607,C10607,Chennai North,Chennai,Tamil Nadu,Female,24,Self-employed,176480,540,3,Business,171077,11.13,60,3730.73,2025-06-13,17-06-2025,Approved,171077,Yes,62,66093,3,Current,No
L00608,C10608,Patna,Patna,Bihar,Male,41,Salaried,49448,761,0,Personal,102430,14.43,48,2821.2,2024-01-29,07-02-2024,Approved,102430,No,0,0,2,Current,Yes
L00609,C10609,Kochi,Kochi,Kerala,Male,50,Business,118879,729,1,Home,430712,15.06,180,6045.9,2025-01-22,23-01-2025,Approved,430712,No,0,0,4,Savings,Yes
L00610,C10610,Mumbai South,Mumbai,Maharashtra,Female,59,Salaried,62181,783,2,Home,244700,8.33,84,3854.3,2025-01-05,,Rejected,0,No,0,0,6,Current,Yes
L00611,C10611,Jaipur,Jaipur,Rajasthan,Male,47,Salaried,45004,708,2,Auto,168195,14.78,48,4662.26,2024-11-01,04-11-2024,Approved,168195,No,0,0,1,Savings,No
L00612,C10612,Pune East,Pune,Maharashtra,Female,60,Business,26314,760,1,Personal,53357,15.84,48,1507.78,2025-09-12,13-09-2025,Approved,53357,No,0,0,4,Savings,No
L00613,C10613,Mumbai South,Mumbai,Maharashtra,Male,22,Salaried,82609,782,1,Home,402483,9.29,36,12853.24,2024-12-22,27-12-2024,Approved,402483,No,0,0,15,Current,No
L00614,C10614,Bhubaneswar,Bhubaneswar,Odisha,Male,37,Salaried,98684,743,3,Home,565840,14.4,60,13283.74,2024-06-18,26-06-2024,Approved,565840,No,0,0,14,Current,No
L00615,C10615,Patna,Patna,Bihar,Female,60,Salaried,125413,608,2,Business,113694,11.54,36,3751.34,2025-06-07,14-06-2025,Approved,113694,No,0,0,11,Current,Yes
L00616,C10616,Mumbai South,Mumbai,Maharashtra,Male,41,Salaried,73736,728,2,Home,262818,13.41,60,6035.22,2024-05-28,30-05-2024,Approved,262818,Yes,32,86211,6,Current,No
L00617,C10617,Bhubaneswar,Bhubaneswar,Odisha,Male,56,Salaried,99347,621,0,Auto,69614,12.67,180,865.72,2025-03-07,,Rejected,0,No,0,0,13,Current,No
L00618,C10618,Chennai North,Chennai,Tamil Nadu,Male,24,Self-employed,155718,638,0,Business,300849,8.57,84,4774.99,2024-06-24,,Rejected,0,No,0,0,12,Savings,Yes
L00619,C10619,Hyderabad Central,Hyderabad,Telangana,Male,57,Student,146050,661,3,Home,429690,15.76,36,15055.76,2024-12-11,13-12-2024,Approved,429690,No,0,0,13,Current,No
L00620,C10620,Pune East,Pune,Maharashtra,Female,46,Salaried,107096,821,3,Auto,153108,10.19,84,2556.83,2025-05-20,22-05-2025,Approved,153108,No,0,0,3,Savings,Yes
L00621,C10621,Delhi Central,Delhi,Delhi,Male,29,Salaried,109635,762,1,Home,250222,14.02,60,5824.82,2025-07-04,,Pending,0,No,0,0,1,Current,Yes
L00622,C10622,Mumbai South,Mumbai,Maharashtra,Male,40,Salaried,111331,604,4,Education,79749,9.93,48,2019.96,2024-05-21,,Rejected,0,No,0,0,3,Savings,No
L00623,C10623,Patna,Patna,Bihar,Male,58,Self-employed,133342,622,4,Personal,95744,11.8,84,1679.92,2024-10-14,22-10-2024,Approved,95744,No,0,0,8,Current,Yes
L00624,C10624,Pune East,Pune,Maharashtra,Male,34,Business,44698,611,3,Home,156882,13.53,84,2899.39,2025-01-29,31-01-2025,Approved,156882,No,0,0,10,Current,No
L00625,C10625,Chandigarh,Chandigarh,Chandigarh,Male,53,Salaried,59094,702,3,Business,349203,9.33,84,5677.01,2024-07-11,18-07-2024,Approved,349203,No,0,0,9,Savings,Yes
L00626,C10626,Jaipur,Jaipur,Rajasthan,Male,28,Salaried,145808,755,1,Home,399687,13.46,84,7371.42,2024-12-26,04-01-2025,Approved,399687,No,0,0,13,Savings,Yes
L00627,C10627,Ahmedabad,Ahmedabad,Gujarat,Female,53,Salaried,140694,685,3,Education,85389,9.25,48,2135.06,2025-02-16,21-02-2025,Approved,85389,No,0,0,15,Current,Yes
L00628,C10628,Chandigarh,Chandigarh,Chandigarh,Male,36,Student,82561,721,0,Home,168710,12.68,48,4499.32,2024-03-08,13-03-2024,Approved,168710,No,0,0,12,Current,No
L00629,C10629,Mumbai South,Mumbai,Maharashtra,Male,38,Salaried,69834,704,2,Education,67745,14.1,36,2318.66,2024-07-08,18-07-2024,Approved,67745,No,0,0,9,Savings,Yes
L00630,C10630,Pune East,Pune,Maharashtra,Male,31,Salaried,144332,626,1,Business,328827,11.35,36,10819.96,2024-06-30,,Pending,0,No,0,0,2,Savings,Yes
L00631,C10631,Kolkata West,Kolkata,West Bengal,Female,51,Business,153006,745,0,Education,104352,13.62,60,2407.58,2024-08-21,24-08-2024,Approved,104352,No,0,0,3,Savings,No
L00632,C10632,Bhopal,Bhopal,Madhya Pradesh,Female,49,Salaried,116955,633,4,Home,405062,9.78,84,6678.55,2024-01-14,,Rejected,0,No,0,0,9,Current,No
L00633,C10633,Mumbai South,Mumbai,Maharashtra,Female,54,Business,30433,733,1,Auto,87128,10.71,36,2840.51,2024-09-07,14-09-2024,Approved,87128,No,0,0,2,Savings,No
L00634,C10634,Chandigarh,Chandigarh,Chandigarh,Male,38,Self-employed,167846,747,3,Business,356250,9.07,180,3628.17,2024-12-23,,Rejected,0,No,0,0,12,Current,No
L00635,C10635,Hyderabad Central,Hyderabad,Telangana,Male,23,Business,114987,708,3,Auto,140963,10.1,36,4555.1,2025-05-25,,Pending,0,No,0,0,4,Current,Yes
L00636,C10636,Lucknow,Lucknow,Uttar Pradesh,Female,60,Business,67626,659,2,Personal,28469,14.7,36,982.71,2025-04-09,14-04-2025,Approved,28469,No,0,0,3,Savings,No
L00637,C10637,Hyderabad Central,Hyderabad,Telangana,Male,48,Salaried,25168,726,2,Education,95797,13.49,120,1458.17,2024-06-07,,Pending,0,No,0,0,8,Savings,Yes
L00638,C10638,Ahmedabad,Ahmedabad,Gujarat,Male,39,Salaried,149040,701,2,Home,505729,13.23,84,9263.56,2025-02-12,,Pending,0,No,0,0,3,Current,No
L00639,C10639,Kolkata West,Kolkata,West Bengal,Female,32,Business,109536,702,1,Home,368267,12.49,60,8283.38,2024-11-08,18-11-2024,Approved,368267,No,0,0,14,Savings,No
L00640,C10640,Bhopal,Bhopal,Madhya Pradesh,Female,27,Salaried,140841,653,2,Personal,109805,13.91,84,2052.29,2024-12-28,04-01-2025,Approved,109805,No,0,0,14,Savings,Yes
L00641,C10641,Bhopal,Bhopal,Madhya Pradesh,Female,26,Self-employed,104269,711,2,Home,434829,15.6,60,10482,2024-02-24,,Rejected,0,No,0,0,12,Savings,No
L00642,C10642,Chandigarh,Chandigarh,Chandigarh,Male,50,Self-employed,160792,600,3,Education,41096,7.99,180,392.5,2024-04-19,21-04-2024,Approved,41096,No,0,0,15,Current,Yes
L00643,C10643,Mumbai South,Mumbai,Maharashtra,Male,34,Salaried,172337,685,1,Business,161146,10.21,60,3440.55,2024-01-07,,Rejected,0,No,0,0,6,Savings,Yes
L00644,C10644,Delhi Central,Delhi,Delhi,Male,59,Self-employed,161268,608,0,Home,204319,11.76,120,2903.11,2025-03-30,,Rejected,0,No,0,0,3,Current,No
L00645,C10645,Jaipur,Jaipur,Rajasthan,Male,36,Self-employed,168319,683,3,Business,144590,11.39,180,1678.99,2024-01-23,27-01-2024,Approved,144590,No,0,0,6,Current,No
L00646,C10646,Hyderabad Central,Hyderabad,Telangana,Female,27,Student,154227,786,2,Auto,152547,10.97,36,4992.03,2025-04-20,27-04-2025,Approved,152547,No,0,0,9,Current,Yes
L00647,C10647,Kolkata West,Kolkata,West Bengal,Female,21,Business,33934,599,4,Personal,66494,16.17,84,1327.15,2025-04-14,17-04-2025,Approved,66494,No,0,0,6,Current,No
L00648,C10648,Lucknow,Lucknow,Uttar Pradesh,Male,32,Business,117239,572,4,Personal,113740,15.23,48,3178.75,2024-10-12,,Rejected,0,No,0,0,9,Current,Yes
L00649,C10649,Bhubaneswar,Bhubaneswar,Odisha,Female,45,Student,72284,547,4,Home,515831,10.42,120,6937.28,2024-12-22,,Rejected,0,No,0,0,12,Savings,Yes
L00650,C10650,Delhi Central,Delhi,Delhi,Male,35,Salaried,52845,616,3,Business,329777,10.41,48,8429.08,2024-08-30,02-09-2024,Approved,329777,No,0,0,12,Current,Yes
L00651,C10651,Delhi Central,Delhi,Delhi,Female,28,Salaried,44105,626,0,Business,248379,8.47,84,3929.7,2025-01-21,31-01-2025,Approved,248379,No,0,0,6,Current,No
L00652,C10652,Jaipur,Jaipur,Rajasthan,Female,35,Salaried,67490,714,3,Education,135994,14.61,36,4688.35,2025-08-19,21-08-2025,Approved,135994,No,0,0,4,Savings,No
L00653,C10653,Bhopal,Bhopal,Madhya Pradesh,Female,57,Salaried,43865,632,4,Personal,47194,12.63,84,849.09,2025-05-27,,Rejected,0,No,0,0,4,Savings,No
L00654,C10654,Ahmedabad,Ahmedabad,Gujarat,Female,25,Business,58342,779,4,Home,211827,11.99,36,7034.68,2025-09-07,08-09-2025,Approved,211827,No,0,0,9,Current,No
L00655,C10655,Kochi,Kochi,Kerala,Female,25,Self-employed,66382,717,4,Home,421455,15.89,120,7031.06,2024-11-15,16-11-2024,Approved,421455,No,0,0,3,Current,No
L00656,C10656,Chandigarh,Chandigarh,Chandigarh,Male,23,Salaried,93388,684,1,Personal,27784,8.75,120,348.21,2024-12-03,,Pending,0,No,0,0,1,Savings,No
L00657,C10657,Mumbai South,Mumbai,Maharashtra,Male,43,Student,134114,611,0,Business,331014,16.02,60,8053.14,2024-02-12,20-02-2024,Approved,331014,No,0,0,11,Current,No
L00658,C10658,Hyderabad Central,Hyderabad,Telangana,Male,22,Self-employed,31908,634,1,Personal,69727,13.64,180,911.78,2024-01-19,,Rejected,0,No,0,0,1,Current,No
L00659,C10659,Kochi,Kochi,Kerala,Male,48,Business,169059,738,4,Business,272785,10.67,60,5886.21,2025-03-23,,Rejected,0,No,0,0,7,Savings,Yes
L00660,C10660,Kolkata West,Kolkata,West Bengal,Male,35,Salaried,165566,747,4,Home,570356,7.63,180,5329.49,2024-09-12,14-09-2024,Approved,570356,No,0,0,14,Savings,No
L00661,C10661,Delhi Central,Delhi,Delhi,Female,43,Business,89027,726,3,Personal,36040,13.41,36,1221.46,2024-09-13,,Pending,0,No,0,0,6,Current,No
L00662,C10662,Bhubaneswar,Bhubaneswar,Odisha,Male,49,Business,121189,689,4,Home,492697,9.7,60,10395.78,2024-11-22,01-12-2024,Approved,492697,No,0,0,11,Current,No
L00663,C10663,Hyderabad Central,Hyderabad,Telangana,Male,34,Self-employed,161575,704,1,Home,530062,14.85,48,14711.75,2024-02-06,,Pending,0,No,0,0,14,Current,Yes
L00664,C10664,Delhi Central,Delhi,Delhi,Female,23,Salaried,179203,804,3,Personal,31074,8.04,120,377.67,2025-01-28,04-02-2025,Approved,31074,No,0,0,1,Savings,Yes
L00665,C10665,Ahmedabad,Ahmedabad,Gujarat,Male,48,Salaried,104992,806,0,Business,256275,15.8,60,6204.91,2025-08-28,29-08-2025,Approved,256275,No,0,0,13,Current,Yes
L00666,C10666,Bhopal,Bhopal,Madhya Pradesh,Male,56,Salaried,100345,713,4,Personal,95052,13.97,120,1474.12,2024-09-23,30-09-2024,Approved,95052,No,0,0,7,Savings,Yes
L00667,C10667,Hyderabad Central,Hyderabad,Telangana,Female,26,Student,167292,664,0,Auto,144816,9.92,60,3071.21,2025-10-30,,Rejected,0,No,0,0,0,Savings,No
L00668,C10668,Kolkata West,Kolkata,West Bengal,Female,37,Self-employed,141341,777,3,Home,154650,11.7,60,3416.7,2025-05-06,15-05-2025,Approved,154650,No,0,0,1,Savings,No
L00669,C10669,Bhubaneswar,Bhubaneswar,Odisha,Female,25,Salaried,92634,695,3,Home,480478,9.07,120,6104.71,2025-11-02,04-11-2025,Approved,480478,No,0,0,5,Current,No
L00670,C10670,Delhi Central,Delhi,Delhi,Male,24,Student,92909,634,2,Home,592987,15.22,60,14175.69,2025-07-07,,Rejected,0,No,0,0,7,Current,Yes
L00671,C10671,Mumbai South,Mumbai,Maharashtra,Female,28,Salaried,87122,715,3,Home,373595,15.38,48,10469.53,2024-01-26,01-02-2024,Approved,373595,No,0,0,13,Current,No
L00672,C10672,Hyderabad Central,Hyderabad,Telangana,Male,31,Salaried,101250,777,1,Business,93387,8.46,48,2300.07,2024-11-16,25-11-2024,Approved,93387,No,0,0,11,Savings,No
L00673,C10673,Patna,Patna,Bihar,Male,30,Salaried,45563,850,1,Auto,193715,14.11,120,3020.57,2024-05-04,,Rejected,0,No,0,0,1,Current,No
L00674,C10674,Pune East,Pune,Maharashtra,Female,33,Self-employed,101825,640,1,Personal,67443,9.58,60,1419.07,2024-04-28,,Rejected,0,No,0,0,14,Current,No
L00675,C10675,Mumbai South,Mumbai,Maharashtra,Female,56,Salaried,119973,635,3,Education,60115,12.62,48,1601.42,2025-07-04,11-07-2025,Approved,60115,No,0,0,4,Current,No
L00676,C10676,Pune East,Pune,Maharashtra,Female,28,Salaried,135368,611,4,Business,381996,11.95,48,10050.04,2024-07-03,,Pending,0,No,0,0,0,Savings,Yes
L00677,C10677,Ahmedabad,Ahmedabad,Gujarat,Female,56,Business,148171,688,0,Education,33136,13.71,36,1127.85,2024-05-15,24-05-2024,Approved,33136,No,0,0,13,Current,Yes
L00678,C10678,Ahmedabad,Ahmedabad,Gujarat,Male,39,Salaried,113248,653,4,Auto,78251,16.45,36,2768.49,2024-03-16,,Rejected,0,No,0,0,11,Current,No
L00679,C10679,Chandigarh,Chandigarh,Chandigarh,Female,48,Salaried,150070,654,4,Business,347058,8.25,36,10915.61,2025-08-30,07-09-2025,Approved,347058,No,0,0,14,Savings,No
L00680,C10680,Bhopal,Bhopal,Madhya Pradesh,Male,35,Salaried,114421,581,0,Auto,187676,12.72,84,3385.69,2024-10-19,25-10-2024,Approved,187676,No,0,0,4,Savings,Yes
L00681,C10681,Ahmedabad,Ahmedabad,Gujarat,Female,57,Self-employed,107409,736,0,Home,405137,11.45,48,10559.73,2024-10-22,,Pending,0,No,0,0,8,Savings,Yes
L00682,C10682,Chandigarh,Chandigarh,Chandigarh,Female,30,Salaried,169746,723,4,Education,33584,12.89,36,1129.8,2025-07-06,10-07-2025,Approved,33584,Yes,36,12109,6,Current,No
L00683,C10683,Kochi,Kochi,Kerala,Female,54,Salaried,143973,680,0,Personal,76657,11.94,36,2543.91,2024-05-20,,Pending,0,No,0,0,3,Current,Yes
L00684,C10684,Kochi,Kochi,Kerala,Male,25,Salaried,157922,722,2,Home,480628,14.12,180,6439.52,2024-03-16,22-03-2024,Approved,480628,No,0,0,1,Current,Yes
L00685,C10685,Bhubaneswar,Bhubaneswar,Odisha,Female,33,Self-employed,34341,783,1,Home,347241,15.35,48,9725.7,2025-11-20,28-11-2025,Approved,347241,No,0,0,5,Current,No
L00686,C10686,Bengaluru East,Bengaluru,Karnataka,Male,26,Student,81148,659,0,Personal,84315,12.52,48,2241.93,2025-12-28,04-01-2026,Approved,84315,No,0,0,12,Savings,No
L00687,C10687,Jaipur,Jaipur,Rajasthan,Male,40,Self-employed,101576,649,3,Auto,192452,11.83,36,6376.55,2024-08-12,17-08-2024,Approved,192452,No,0,0,14,Current,Yes
L00688,C10688,Chandigarh,Chandigarh,Chandigarh,Female,28,Salaried,108599,619,0,Personal,72178,13.84,84,1346.25,2025-05-15,,Rejected,0,No,0,0,7,Savings,No
L00689,C10689,Hyderabad Central,Hyderabad,Telangana,Male,47,Salaried,109722,685,3,Education,85731,11.09,36,2810.38,2024-10-01,05-10-2024,Approved,85731,No,0,0,1,Current,No
L00690,C10690,Ahmedabad,Ahmedabad,Gujarat,Male,57,Self-employed,165512,751,1,Education,44459,16.03,120,745.58,2025-09-17,27-09-2025,Approved,44459,No,0,0,0,Current,Yes
L00691,C10691,Bhopal,Bhopal,Madhya Pradesh,Female,43,Self-employed,169937,710,1,Personal,46009,16.37,120,781.35,2025-02-09,,Rejected,0,No,0,0,7,Current,Yes
L00692,C10692,Bhubaneswar,Bhubaneswar,Odisha,Female,42,Salaried,169952,698,1,Business,98913,15.11,120,1602.48,2024-04-14,22-04-2024,Approved,98913,Yes,102,19756,0,Savings,Yes
L00693,C10693,Delhi Central,Delhi,Delhi,Female,28,Self-employed,124052,669,2,Business,120122,8.17,180,1159.77,2025-12-21,,Rejected,0,No,0,0,13,Savings,Yes
L00694,C10694,Kochi,Kochi,Kerala,Male,27,Business,127530,659,1,Education,142630,10.31,60,3052.27,2025-03-11,12-03-2025,Approved,142630,No,0,0,14,Savings,Yes
L00695,C10695,Hyderabad Central,Hyderabad,Telangana,Female,45,Salaried,49395,702,2,Personal,112127,12.3,48,2969.28,2025-01-26,03-02-2025,Approved,112127,No,0,0,11,Savings,No
L00696,C10696,Chennai North,Chennai,Tamil Nadu,Male,46,Self-employed,142200,760,2,Personal,34280,13.29,60,785.07,2024-05-27,29-05-2024,Approved,34280,No,0,0,5,Savings,No
L00697,C10697,Kolkata West,Kolkata,West Bengal,Male,26,Salaried,149129,557,1,Home,408693,9.77,60,8637.34,2024-12-11,,Rejected,0,No,0,0,1,Current,No
L00698,C10698,Patna,Patna,Bihar,Male,38,Business,172432,670,3,Personal,61027,16.14,48,1733.9,2024-11-25,03-12-2024,Approved,61027,No,0,0,2,Savings,No
L00699,C10699,Kochi,Kochi,Kerala,Male,45,Salaried,28571,750,1,Home,209592,7.85,84,3251.1,2025-05-22,31-05-2025,Approved,209592,No,0,0,13,Current,Yes
L00700,C10700,Hyderabad Central,Hyderabad,Telangana,Male,48,Student,96069,788,4,Personal,68710,12.57,48,1828.69,2024-05-24,28-05-2024,Approved,68710,No,0,0,11,Current,No
L00701,C10701,Jaipur,Jaipur,Rajasthan,Male,42,Self-employed,60478,746,3,Home,368262,9.11,84,5945.57,2024-03-09,,Pending,0,No,0,0,0,Current,Yes
L00702,C10702,Chennai North,Chennai,Tamil Nadu,Male,55,Salaried,49828,785,0,Auto,91013,8.1,180,875.03,2025-07-26,,Rejected,0,No,0,0,11,Savings,Yes
L00703,C10703,Hyderabad Central,Hyderabad,Telangana,Female,48,Business,105150,609,2,Auto,103107,8.2,48,2526.83,2024-04-15,,Rejected,0,No,0,0,8,Savings,No
L00704,C10704,Kolkata West,Kolkata,West Bengal,Male,29,Self-employed,178961,778,3,Personal,97616,12.94,180,1231.23,2025-09-22,30-09-2025,Approved,97616,No,0,0,0,Savings,Yes
L00705,C10705,Mumbai South,Mumbai,Maharashtra,Male,30,Salaried,25064,623,0,Home,573223,11.46,180,6681.76,2025-04-28,07-05-2025,Approved,573223,No,0,0,7,Current,No
L00706,C10706,Bhopal,Bhopal,Madhya Pradesh,Female,51,Salaried,161835,823,2,Personal,99348,15.08,48,2768.96,2025-10-10,13-10-2025,Approved,99348,No,0,0,14,Current,No
L00707,C10707,Chandigarh,Chandigarh,Chandigarh,Male,56,Self-employed,116273,751,3,Education,75349,14.06,48,2061.29,2025-09-23,27-09-2025,Approved,75349,No,0,0,5,Savings,Yes
L00708,C10708,Jaipur,Jaipur,Rajasthan,Female,54,Salaried,178665,816,2,Personal,68348,15.74,120,1133.87,2024-01-14,15-01-2024,Approved,68348,No,0,0,15,Current,Yes
L00709,C10709,Kochi,Kochi,Kerala,Female,38,Business,174993,752,3,Business,318278,11.91,84,5603.17,2025-10-25,27-10-2025,Approved,318278,Yes,37,160673,4,Savings,Yes
L00710,C10710,Mumbai South,Mumbai,Maharashtra,Female,28,Salaried,41338,564,2,Home,435256,10,48,11039.22,2025-11-01,,Rejected,0,No,0,0,0,Current,No
L00711,C10711,Bhubaneswar,Bhubaneswar,Odisha,Male,58,Business,121011,524,3,Personal,107519,13.53,36,3650.25,2024-07-16,,Rejected,0,No,0,0,4,Current,Yes
L00712,C10712,Bengaluru East,Bengaluru,Karnataka,Female,23,Salaried,77083,672,4,Personal,103270,14.22,36,3540.57,2024-11-14,20-11-2024,Approved,103270,No,0,0,14,Savings,No
L00713,C10713,Mumbai South,Mumbai,Maharashtra,Male,26,Salaried,47653,726,0,Education,133381,7.59,180,1243.29,2025-01-18,22-01-2025,Approved,133381,No,0,0,6,Savings,No
L00714,C10714,Delhi Central,Delhi,Delhi,Female,39,Salaried,61811,776,4,Personal,49617,15.02,60,1180.91,2024-07-23,28-07-2024,Approved,49617,No,0,0,14,Current,Yes
L00715,C10715,Jaipur,Jaipur,Rajasthan,Female,58,Salaried,162112,596,1,Home,587635,12.77,48,15697.78,2025-07-04,,Rejected,0,No,0,0,13,Current,No
L00716,C10716,Chennai North,Chennai,Tamil Nadu,Female,53,Business,95503,720,0,Personal,47619,9.82,84,786.11,2024-09-24,26-09-2024,Approved,47619,No,0,0,5,Current,Yes
L00717,C10717,Jaipur,Jaipur,Rajasthan,Female,44,Business,179243,740,0,Auto,52070,8.93,84,835.91,2024-12-08,10-12-2024,Approved,52070,No,0,0,11,Current,Yes
L00718,C10718,Jaipur,Jaipur,Rajasthan,Male,22,Salaried,144654,654,4,Auto,164024,14.08,84,3081.06,2024-09-06,12-09-2024,Approved,164024,No,0,0,15,Current,No
L00719,C10719,Delhi Central,Delhi,Delhi,Male,53,Salaried,136645,716,3,Auto,92998,12.11,60,2073.86,2025-09-03,,Pending,0,No,0,0,6,Savings,Yes
L00720,C10720,Chandigarh,Chandigarh,Chandigarh,Female,24,Student,106074,518,1,Education,90124,11.06,84,1545.99,2024-01-01,,Rejected,0,No,0,0,6,Savings,No
L00721,C10721,Hyderabad Central,Hyderabad,Telangana,Male,32,Salaried,78299,586,1,Auto,148109,7.54,48,3583.88,2024-12-18,27-12-2024,Approved,148109,No,0,0,6,Current,No
L00722,C10722,Patna,Patna,Bihar,Female,36,Self-employed,50119,733,3,Home,550054,15.92,84,10900.16,2024-11-30,,Rejected,0,No,0,0,13,Current,Yes
L00723,C10723,Pune East,Pune,Maharashtra,Female,58,Salaried,71703,697,2,Personal,20208,13,84,367.62,2024-03-20,23-03-2024,Approved,20208,No,0,0,1,Savings,No
L00724,C10724,Ahmedabad,Ahmedabad,Gujarat,Male,42,Salaried,72153,623,3,Home,313101,10.98,84,5357.76,2024-02-05,12-02-2024,Approved,313101,Yes,131,178871,3,Current,Yes
L00725,C10725,Pune East,Pune,Maharashtra,Male,46,Self-employed,28204,709,4,Personal,79597,7.6,180,742.4,2025-11-17,18-11-2025,Approved,79597,No,0,0,8,Savings,No
L00726,C10726,Lucknow,Lucknow,Uttar Pradesh,Female,51,Business,165253,721,2,Home,243763,16.33,120,4133.62,2025-01-27,,Rejected,0,No,0,0,2,Savings,Yes
L00727,C10727,Pune East,Pune,Maharashtra,Female,33,Salaried,144272,618,0,Home,406702,11.64,36,13438.5,2025-09-05,,Rejected,0,No,0,0,8,Current,No
L00728,C10728,Chandigarh,Chandigarh,Chandigarh,Female,22,Salaried,71852,721,2,Personal,22296,11.52,60,490.57,2025-10-13,15-10-2025,Approved,22296,No,0,0,1,Current,Yes
L00729,C10729,Bengaluru East,Bengaluru,Karnataka,Male,55,Salaried,62917,640,2,Personal,80035,13.7,48,2175.05,2025-06-20,,Rejected,0,No,0,0,1,Savings,No
L00730,C10730,Pune East,Pune,Maharashtra,Male,30,Business,51508,634,3,Personal,115079,8.21,180,1113.75,2024-11-05,,Rejected,0,No,0,0,0,Savings,No
L00731,C10731,Kochi,Kochi,Kerala,Male,48,Student,75238,484,4,Personal,51949,13.75,36,1769.19,2025-01-18,,Rejected,0,No,0,0,6,Current,No
L00732,C10732,Kochi,Kochi,Kerala,Male,38,Salaried,36991,591,4,Personal,43758,13.6,60,1009.12,2024-01-06,,Rejected,0,No,0,0,0,Current,Yes
L00733,C10733,Hyderabad Central,Hyderabad,Telangana,Female,50,Business,108403,730,2,Home,470542,10.09,180,5082.41,2025-09-15,25-09-2025,Approved,470542,No,0,0,10,Current,No
L00734,C10734,Bhubaneswar,Bhubaneswar,Odisha,Male,42,Salaried,115797,718,3,Home,597928,14.18,48,16393.31,2025-06-29,06-07-2025,Approved,597928,No,0,0,1,Savings,No
L00735,C10735,Lucknow,Lucknow,Uttar Pradesh,Female,26,Salaried,163829,650,2,Personal,81260,7.77,120,976.06,2025-08-21,27-08-2025,Approved,81260,No,0,0,13,Savings,No
L00736,C10736,Lucknow,Lucknow,Uttar Pradesh,Female,36,Salaried,165926,732,1,Personal,36186,8.37,48,889.7,2024-08-04,,Pending,0,No,0,0,9,Savings,Yes
L00737,C10737,Bhopal,Bhopal,Madhya Pradesh,Female,56,Salaried,82082,607,2,Education,112611,8.45,180,1105.63,2025-10-10,,Rejected,0,No,0,0,10,Current,Yes
L00738,C10738,Patna,Patna,Bihar,Female,52,Self-employed,100047,736,3,Home,243127,11.1,36,7971.18,2025-06-29,07-07-2025,Approved,243127,No,0,0,3,Current,No
L00739,C10739,Ahmedabad,Ahmedabad,Gujarat,Female,33,Business,83770,752,0,Auto,157157,16.01,60,3822.59,2025-09-16,26-09-2025,Approved,157157,No,0,0,2,Current,Yes
L00740,C10740,Kochi,Kochi,Kerala,Female,56,Salaried,75602,764,1,Personal,114772,15.37,48,3215.76,2025-04-28,,Pending,0,No,0,0,6,Current,Yes
L00741,C10741,Hyderabad Central,Hyderabad,Telangana,Male,22,Salaried,145895,587,3,Business,172734,16.26,120,2921.57,2025-10-18,28-10-2025,Approved,172734,No,0,0,5,Savings,No
L00742,C10742,Kochi,Kochi,Kerala,Male,21,Business,131521,716,4,Business,282016,8.13,84,4413.85,2024-09-23,,Rejected,0,No,0,0,3,Savings,No
L00743,C10743,Jaipur,Jaipur,Rajasthan,Male,39,Self-employed,35461,617,4,Auto,165355,11.36,36,5441.74,2024-04-16,21-04-2024,Approved,165355,No,0,0,3,Savings,No
L00744,C10744,Ahmedabad,Ahmedabad,Gujarat,Female,30,Self-employed,151508,774,1,Home,323028,13.28,36,10927.71,2025-04-14,,Rejected,0,No,0,0,15,Savings,No
L00745,C10745,Pune East,Pune,Maharashtra,Female,49,Salaried,143063,661,4,Home,223411,8.83,60,4619.23,2024-01-27,02-02-2024,Approved,223411,No,0,0,9,Current,Yes
L00746,C10746,Kolkata West,Kolkata,West Bengal,Female,51,Business,102300,603,1,Education,121105,8.66,120,1511.91,2024-10-26,,Pending,0,No,0,0,8,Savings,Yes
L00747,C10747,Patna,Patna,Bihar,Male,58,Salaried,178153,756,4,Education,97740,11.15,120,1354.68,2024-06-23,,Pending,0,No,0,0,4,Current,No
L00748,C10748,Ahmedabad,Ahmedabad,Gujarat,Female,31,Self-employed,151367,695,1,Personal,69790,7.63,36,2175.07,2024-12-16,20-12-2024,Approved,69790,No,0,0,8,Savings,Yes
L00749,C10749,Pune East,Pune,Maharashtra,Female,50,Business,28198,762,4,Business,186184,10.77,36,6075.17,2025-02-12,18-02-2025,Approved,186184,No,0,0,8,Savings,Yes
L00750,C10750,Jaipur,Jaipur,Rajasthan,Male,36,Salaried,72889,575,1,Home,526113,11.6,36,17374.14,2025-09-15,20-09-2025,Approved,526113,Yes,78,33380,4,Current,Yes
L00751,C10751,Chennai North,Chennai,Tamil Nadu,Male,36,Business,177376,658,0,Personal,103087,8.16,84,1614.97,2024-04-29,07-05-2024,Approved,103087,No,0,0,6,Current,No
L00752,C10752,Kolkata West,Kolkata,West Bengal,Male,58,Salaried,54235,694,3,Education,55532,12.8,180,695.32,2025-09-21,,Rejected,0,No,0,0,0,Current,No
L00753,C10753,Kolkata West,Kolkata,West Bengal,Female,52,Business,111150,605,2,Home,429020,9.74,60,9060.62,2025-11-25,,Rejected,0,No,0,0,9,Current,Yes
L00754,C10754,Bhopal,Bhopal,Madhya Pradesh,Male,52,Salaried,158574,686,3,Personal,43435,8.09,84,678.94,2025-11-20,28-11-2025,Approved,43435,No,0,0,5,Savings,Yes
L00755,C10755,Bhopal,Bhopal,Madhya Pradesh,Male,34,Salaried,105054,653,0,Auto,105126,12.64,48,2801.52,2024-11-27,04-12-2024,Approved,105126,No,0,0,5,Savings,No
L00756,C10756,Lucknow,Lucknow,Uttar Pradesh,Female,59,Self-employed,95617,767,1,Business,327454,15.91,60,7947.39,2025-01-14,20-01-2025,Approved,327454,No,0,0,10,Current,No
L00757,C10757,Ahmedabad,Ahmedabad,Gujarat,Female,47,Salaried,130927,757,1,Business,223763,7.68,180,2097.26,2024-07-26,31-07-2024,Approved,223763,No,0,0,11,Savings,No
L00758,C10758,Ahmedabad,Ahmedabad,Gujarat,Female,41,Business,77285,714,1,Auto,165370,15.21,36,5749.63,2024-03-17,23-03-2024,Approved,165370,No,0,0,15,Savings,No
L00759,C10759,Kochi,Kochi,Kerala,Female,36,Salaried,178646,667,2,Home,343697,11.44,60,7548.44,2024-04-23,25-04-2024,Approved,343697,No,0,0,13,Savings,Yes
L00760,C10760,Kolkata West,Kolkata,West Bengal,Female,57,Salaried,48070,712,3,Home,450277,12.42,180,5526.34,2024-09-23,28-09-2024,Approved,450277,No,0,0,4,Savings,No
L00761,C10761,Patna,Patna,Bihar,Female,49,Business,81311,721,3,Personal,46081,13.6,180,601.35,2024-09-22,23-09-2024,Approved,46081,No,0,0,13,Current,No
L00762,C10762,Bhopal,Bhopal,Madhya Pradesh,Female,24,Self-employed,40803,762,4,Personal,94149,11.43,36,3101.52,2025-05-31,,Rejected,0,No,0,0,10,Current,No
L00763,C10763,Kolkata West,Kolkata,West Bengal,Female,25,Business,173191,764,0,Personal,87305,15.12,36,3031.59,2025-08-10,,Rejected,0,No,0,0,6,Savings,No
L00764,C10764,Patna,Patna,Bihar,Female,50,Salaried,64899,738,2,Home,489654,12.68,84,8822.8,2025-06-24,01-07-2025,Approved,489654,No,0,0,12,Current,Yes
L00765,C10765,Kolkata West,Kolkata,West Bengal,Female,22,Salaried,109511,641,1,Auto,135621,12.29,180,1653.07,2025-11-12,22-11-2025,Approved,135621,No,0,0,4,Savings,Yes
L00766,C10766,Chennai North,Chennai,Tamil Nadu,Female,32,Salaried,164833,713,4,Business,100684,14.52,120,1594.92,2024-12-22,,Pending,0,No,0,0,10,Current,Yes
L00767,C10767,Chandigarh,Chandigarh,Chandigarh,Male,33,Salaried,136223,740,1,Education,33577,8.74,84,535.8,2024-05-06,13-05-2024,Approved,33577,Yes,83,12465,1,Current,No
L00768,C10768,Ahmedabad,Ahmedabad,Gujarat,Male,34,Self-employed,179721,687,0,Home,241801,12.06,120,3477.53,2025-06-12,16-06-2025,Approved,241801,No,0,0,15,Current,No
L00769,C10769,Ahmedabad,Ahmedabad,Gujarat,Male,34,Student,157883,655,0,Business,88464,7.57,84,1359.94,2025-02-13,,Pending,0,No,0,0,3,Current,No
L00770,C10770,Hyderabad Central,Hyderabad,Telangana,Male,48,Self-employed,103825,731,1,Business,124276,13.35,84,2284.54,2025-04-27,02-05-2025,Approved,124276,No,0,0,10,Savings,Yes
L00771,C10771,Patna,Patna,Bihar,Male,32,Business,58540,651,3,Education,38019,12.87,48,1017.5,2025-11-07,17-11-2025,Approved,38019,No,0,0,5,Current,Yes
L00772,C10772,Bengaluru East,Bengaluru,Karnataka,Male,32,Salaried,53676,685,1,Home,256995,10.25,180,2801.12,2025-01-17,,Pending,0,No,0,0,8,Current,Yes
L00773,C10773,Bhopal,Bhopal,Madhya Pradesh,Male,42,Salaried,148339,828,3,Home,347675,14.36,180,4714.52,2025-06-21,23-06-2025,Approved,347675,Yes,87,24149,13,Savings,Yes
L00774,C10774,Jaipur,Jaipur,Rajasthan,Female,47,Self-employed,165699,720,3,Home,466287,14.78,36,16113.8,2024-11-14,19-11-2024,Approved,466287,No,0,0,11,Savings,No
L00775,C10775,Jaipur,Jaipur,Rajasthan,Male,29,Salaried,59028,703,0,Education,124013,11.13,120,1717.42,2024-04-17,22-04-2024,Approved,124013,No,0,0,9,Current,No
L00776,C10776,Chandigarh,Chandigarh,Chandigarh,Female,29,Salaried,123243,653,1,Auto,58971,14.23,84,1112.62,2025-10-09,13-10-2025,Approved,58971,No,0,0,0,Savings,Yes
L00777,C10777,Patna,Patna,Bihar,Male,31,Salaried,28070,617,2,Home,578337,16.24,84,11566.16,2025-04-07,,Pending,0,No,0,0,14,Current,No
L00778,C10778,Mumbai South,Mumbai,Maharashtra,Female,53,Self-employed,113409,654,1,Home,573094,15.35,120,9369.23,2025-04-12,18-04-2025,Approved,573094,No,0,0,8,Savings,No
L00779,C10779,Ahmedabad,Ahmedabad,Gujarat,Male,55,Salaried,84539,820,0,Auto,127519,8.64,60,2624.86,2024-11-10,19-11-2024,Approved,127519,No,0,0,2,Savings,No
L00780,C10780,Patna,Patna,Bihar,Male,30,Self-employed,83158,669,0,Home,540382,10.69,120,7349.25,2024-06-04,13-06-2024,Approved,540382,No,0,0,11,Savings,Yes
L00781,C10781,Pune East,Pune,Maharashtra,Male,27,Business,84312,754,1,Personal,99910,11.32,48,2597.78,2024-10-12,19-10-2024,Approved,99910,No,0,0,13,Current,No
L00782,C10782,Pune East,Pune,Maharashtra,Male,40,Salaried,90884,592,4,Auto,104723,15.81,120,1741.87,2025-08-31,,Pending,0,No,0,0,1,Current,Yes
L00783,C10783,Bengaluru East,Bengaluru,Karnataka,Female,31,Self-employed,88560,658,3,Personal,45345,9.74,60,957.66,2024-03-13,18-03-2024,Approved,45345,No,0,0,12,Savings,Yes
L00784,C10784,Chennai North,Chennai,Tamil Nadu,Female,30,Business,110844,716,0,Auto,186477,10.3,36,6043.39,2025-10-05,09-10-2025,Approved,186477,No,0,0,9,Savings,No
L00785,C10785,Bengaluru East,Bengaluru,Karnataka,Male,42,Self-employed,35740,581,0,Auto,161649,12.76,180,2019.79,2025-12-09,,Pending,0,No,0,0,15,Current,Yes
L00786,C10786,Lucknow,Lucknow,Uttar Pradesh,Male,26,Student,120040,789,1,Business,339277,15.03,84,6552.66,2025-03-07,09-03-2025,Approved,339277,No,0,0,8,Current,No
L00787,C10787,Chandigarh,Chandigarh,Chandigarh,Female,47,Business,90863,718,0,Education,93641,9.68,84,1539.11,2024-08-14,19-08-2024,Approved,93641,No,0,0,15,Current,No
L00788,C10788,Delhi Central,Delhi,Delhi,Male,58,Self-employed,50841,686,4,Home,550572,9.65,120,7169.56,2025-11-19,,Rejected,0,No,0,0,13,Current,Yes
L00789,C10789,Pune East,Pune,Maharashtra,Female,50,Business,162039,758,3,Auto,56721,9.44,48,1423.38,2024-01-25,31-01-2024,Approved,56721,No,0,0,13,Savings,No
L00790,C10790,Patna,Patna,Bihar,Female,43,Self-employed,115190,706,2,Business,210390,9.99,36,6787.71,2024-11-28,03-12-2024,Approved,210390,No,0,0,5,Savings,No
L00791,C10791,Kochi,Kochi,Kerala,Female,43,Self-employed,70103,767,2,Personal,90547,14.16,48,2481.6,2024-11-20,22-11-2024,Approved,90547,No,0,0,2,Current,No
L00792,C10792,Kolkata West,Kolkata,West Bengal,Female,32,Self-employed,77992,575,2,Business,334510,10.66,84,5668,2025-01-05,,Rejected,0,No,0,0,5,Current,Yes
L00793,C10793,Mumbai South,Mumbai,Maharashtra,Male,58,Salaried,157676,662,4,Personal,72162,13.07,36,2433.86,2024-07-22,01-08-2024,Approved,72162,No,0,0,12,Current,Yes
L00794,C10794,Kochi,Kochi,Kerala,Female,55,Salaried,59873,604,3,Home,536024,14.83,60,12704.19,2025-09-20,,Rejected,0,No,0,0,2,Current,Yes
L00795,C10795,Jaipur,Jaipur,Rajasthan,Male,36,Salaried,96771,739,1,Home,268401,11.46,48,6997.07,2024-05-28,01-06-2024,Approved,268401,No,0,0,15,Current,No
L00796,C10796,Lucknow,Lucknow,Uttar Pradesh,Male,47,Salaried,160940,698,4,Personal,95426,15.5,84,1868.28,2024-09-24,,Rejected,0,No,0,0,11,Current,No
L00797,C10797,Pune East,Pune,Maharashtra,Female,36,Salaried,118604,785,2,Business,209444,14.66,120,3335.59,2024-05-11,20-05-2024,Approved,209444,No,0,0,10,Savings,Yes
L00798,C10798,Kochi,Kochi,Kerala,Female,56,Self-employed,83710,740,3,Home,588626,7.98,120,7135.44,2025-03-24,31-03-2025,Approved,588626,No,0,0,5,Savings,No
L00799,C10799,Lucknow,Lucknow,Uttar Pradesh,Male,43,Salaried,63765,750,2,Auto,57229,13.92,84,1069.94,2025-03-17,20-03-2025,Approved,57229,No,0,0,6,Current,No
L00800,C10800,Lucknow,Lucknow,Uttar Pradesh,Female,42,Salaried,158157,715,3,Home,432912,16.32,120,7338.41,2024-11-18,,Rejected,0,No,0,0,1,Current,Yes
L00801,C10801,Bhopal,Bhopal,Madhya Pradesh,Male,60,Salaried,133451,676,1,Business,174026,15.02,36,6034.37,2025-10-26,,Pending,0,No,0,0,3,Current,Yes
L00802,C10802,Mumbai South,Mumbai,Maharashtra,Female,57,Business,126567,577,3,Personal,82181,8.75,60,1695.99,2024-07-06,12-07-2024,Approved,82181,Yes,140,16515,15,Savings,Yes
L00803,C10803,Hyderabad Central,Hyderabad,Telangana,Female,33,Salaried,46382,627,4,Home,467802,8.05,120,5688.1,2024-03-01,,Rejected,0,No,0,0,3,Savings,Yes
L00804,C10804,Lucknow,Lucknow,Uttar Pradesh,Male,21,Salaried,105285,788,0,Education,104459,12.57,36,3498.04,2024-06-25,05-07-2024,Approved,104459,No,0,0,6,Current,Yes
L00805,C10805,Patna,Patna,Bihar,Male,59,Salaried,71380,775,1,Personal,78340,7.77,36,2446.59,2025-07-04,,Rejected,0,No,0,0,3,Current,No
L00806,C10806,Mumbai South,Mumbai,Maharashtra,Female,32,Business,68879,620,0,Personal,99102,8.9,120,1250.03,2024-12-11,,Pending,0,No,0,0,12,Current,Yes
L00807,C10807,Chandigarh,Chandigarh,Chandigarh,Male,42,Salaried,62062,698,1,Education,35451,10.72,84,601.8,2025-11-06,,Rejected,0,No,0,0,3,Savings,No
L00808,C10808,Bhubaneswar,Bhubaneswar,Odisha,Female,55,Business,99071,818,2,Home,550305,9.28,180,5673.59,2025-03-12,19-03-2025,Approved,550305,No,0,0,0,Current,Yes
L00809,C10809,Pune East,Pune,Maharashtra,Female,60,Salaried,155446,810,0,Personal,25456,9.19,36,811.75,2024-11-10,,Rejected,0,No,0,0,5,Current,Yes
L00810,C10810,Lucknow,Lucknow,Uttar Pradesh,Male,24,Student,125899,684,1,Personal,90485,7.97,180,863.16,2025-03-20,,Rejected,0,No,0,0,5,Current,Yes
L00811,C10811,Bhubaneswar,Bhubaneswar,Odisha,Male,27,Salaried,73681,776,0,Education,94916,9.36,180,983.13,2025-09-19,26-09-2025,Approved,94916,No,0,0,3,Current,Yes
L00812,C10812,Bhubaneswar,Bhubaneswar,Odisha,Male,42,Student,127214,620,1,Personal,72685,7.9,48,1771.04,2025-09-05,10-09-2025,Approved,72685,No,0,0,13,Current,Yes
L00813,C10813,Bhubaneswar,Bhubaneswar,Odisha,Female,47,Business,134022,720,1,Education,93991,9.78,36,3023.13,2025-10-03,04-10-2025,Approved,93991,No,0,0,14,Savings,Yes
L00814,C10814,Mumbai South,Mumbai,Maharashtra,Male,28,Salaried,153066,629,0,Home,321640,9.01,180,3264.2,2024-09-19,,Pending,0,No,0,0,12,Current,No
L00815,C10815,Hyderabad Central,Hyderabad,Telangana,Female,27,Self-employed,128522,754,0,Auto,180539,9.31,120,2317.39,2024-02-06,08-02-2024,Approved,180539,No,0,0,1,Current,Yes
L00816,C10816,Mumbai South,Mumbai,Maharashtra,Male,36,Salaried,122229,559,3,Education,87936,12.87,36,2957.41,2025-11-09,,Pending,0,No,0,0,6,Savings,No
L00817,C10817,Delhi Central,Delhi,Delhi,Male,30,Salaried,90746,747,1,Business,109584,11.02,48,2833.32,2024-10-25,29-10-2024,Approved,109584,No,0,0,6,Current,No
L00818,C10818,Delhi Central,Delhi,Delhi,Female,25,Self-employed,163557,659,2,Auto,87581,12.42,60,1966.83,2024-02-28,01-03-2024,Approved,87581,No,0,0,0,Savings,No
L00819,C10819,Pune East,Pune,Maharashtra,Male,30,Self-employed,86253,695,0,Education,130754,12.6,48,3481.9,2025-10-05,14-10-2025,Approved,130754,Yes,151,74906,12,Current,No
L00820,C10820,Jaipur,Jaipur,Rajasthan,Male,52,Business,115478,690,3,Personal,40072,11.59,60,883.1,2024-08-17,20-08-2024,Approved,40072,No,0,0,12,Current,Yes
L00821,C10821,Pune East,Pune,Maharashtra,Male,48,Self-employed,62744,759,4,Business,290884,8.63,180,2886.66,2024-12-27,03-01-2025,Approved,290884,No,0,0,13,Current,No
L00822,C10822,Jaipur,Jaipur,Rajasthan,Female,50,Salaried,110461,709,3,Home,427839,9.35,48,10718.04,2025-12-30,03-01-2026,Approved,427839,No,0,0,11,Current,No
L00823,C10823,Pune East,Pune,Maharashtra,Female,34,Salaried,148268,768,2,Business,296068,7.96,48,7222.33,2024-12-11,14-12-2024,Approved,296068,No,0,0,13,Savings,No
L00824,C10824,Delhi Central,Delhi,Delhi,Male,45,Business,70178,754,2,Business,375364,14.42,180,5105.24,2025-02-15,19-02-2025,Approved,375364,No,0,0,10,Current,Yes
L00825,C10825,Patna,Patna,Bihar,Male,52,Salaried,164090,676,0,Education,41239,7.69,36,1286.39,2024-12-05,,Rejected,0,No,0,0,10,Current,Yes
L00826,C10826,Kochi,Kochi,Kerala,Male,34,Salaried,42307,547,2,Auto,132706,12.75,84,2396.18,2025-05-01,04-05-2025,Approved,132706,No,0,0,3,Savings,Yes
L00827,C10827,Bengaluru East,Bengaluru,Karnataka,Female,28,Salaried,132395,738,3,Auto,123723,13.71,48,3362.94,2024-04-26,29-04-2024,Approved,123723,No,0,0,3,Savings,Yes
L00828,C10828,Bhubaneswar,Bhubaneswar,Odisha,Female,51,Salaried,69684,764,0,Auto,144996,15.88,120,2418.04,2025-08-08,09-08-2025,Approved,144996,No,0,0,11,Current,Yes
L00829,C10829,Bhubaneswar,Bhubaneswar,Odisha,Female,25,Salaried,103670,621,0,Business,183353,16.15,60,4473.42,2024-10-26,,Rejected,0,No,0,0,2,Current,No
L00830,C10830,Delhi Central,Delhi,Delhi,Female,31,Salaried,91247,549,1,Personal,88214,15.64,36,3085.69,2025-05-16,19-05-2025,Approved,88214,Yes,91,45908,9,Current,No
L00831,C10831,Ahmedabad,Ahmedabad,Gujarat,Female,23,Salaried,145084,656,0,Home,477244,7.6,120,5689.91,2024-01-20,24-01-2024,Approved,477244,No,0,0,12,Current,Yes
L00832,C10832,Kochi,Kochi,Kerala,Female,45,Salaried,159370,636,3,Personal,64843,8.69,60,1336.3,2024-09-24,,Rejected,0,No,0,0,15,Current,No
L00833,C10833,Mumbai South,Mumbai,Maharashtra,Female,26,Self-employed,108522,785,0,Education,135673,14.36,48,3732.01,2024-03-17,19-03-2024,Approved,135673,No,0,0,7,Savings,Yes
L00834,C10834,Delhi Central,Delhi,Delhi,Male,42,Self-employed,43450,576,1,Auto,170786,13.18,60,3901.66,2025-11-11,13-11-2025,Approved,170786,Yes,65,26151,2,Savings,Yes
L00835,C10835,Kochi,Kochi,Kerala,Male,21,Salaried,86099,717,3,Personal,89380,9.23,48,2234,2025-12-26,,Pending,0,No,0,0,5,Current,No
L00836,C10836,Kochi,Kochi,Kerala,Male,49,Salaried,26655,797,0,Home,253662,9.87,120,3333.93,2025-08-12,,Pending,0,No,0,0,3,Savings,Yes
L00837,C10837,Bengaluru East,Bengaluru,Karnataka,Female,35,Salaried,102783,623,2,Home,281569,14.92,180,3925.39,2024-09-03,,Rejected,0,No,0,0,8,Current,Yes
L00838,C10838,Mumbai South,Mumbai,Maharashtra,Male,25,Salaried,40834,640,4,Education,86373,8.22,180,836.43,2025-04-01,03-04-2025,Approved,86373,No,0,0,11,Savings,No
L00839,C10839,Kochi,Kochi,Kerala,Female,49,Salaried,150946,649,3,Personal,117644,9.21,120,1503.67,2024-06-23,29-06-2024,Approved,117644,No,0,0,14,Current,No
L00840,C10840,Jaipur,Jaipur,Rajasthan,Female,49,Salaried,126073,733,3,Business,153102,14.59,84,2919.26,2025-10-09,15-10-2025,Approved,153102,Yes,74,19796,5,Savings,Yes
L00841,C10841,Delhi Central,Delhi,Delhi,Female,51,Salaried,113425,716,1,Personal,92001,10,48,2333.38,2025-05-13,21-05-2025,Approved,92001,No,0,0,5,Current,Yes
L00842,C10842,Pune East,Pune,Maharashtra,Male,25,Student,149964,767,4,Home,273287,12.17,84,4849.14,2024-08-09,10-08-2024,Approved,273287,No,0,0,5,Current,No
L00843,C10843,Chandigarh,Chandigarh,Chandigarh,Female,60,Salaried,58928,627,2,Education,143258,8.65,120,1787.71,2025-04-29,07-05-2025,Approved,143258,No,0,0,7,Savings,No
L00844,C10844,Kochi,Kochi,Kerala,Male,41,Business,149829,678,2,Auto,136785,13.78,48,3722.77,2024-11-25,,Rejected,0,No,0,0,7,Savings,Yes
L00845,C10845,Jaipur,Jaipur,Rajasthan,Female,22,Salaried,50056,660,2,Home,407394,11.66,180,4800.66,2024-09-29,06-10-2024,Approved,407394,No,0,0,8,Savings,No
L00846,C10846,Patna,Patna,Bihar,Male,51,Salaried,25800,716,2,Personal,101350,11.84,48,2660.98,2024-10-06,,Pending,0,No,0,0,15,Current,Yes
L00847,C10847,Patna,Patna,Bihar,Male,59,Business,102494,678,1,Personal,86077,10.04,84,1430.76,2025-03-09,,Rejected,0,No,0,0,0,Current,No
L00848,C10848,Chennai North,Chennai,Tamil Nadu,Male,39,Salaried,135473,576,0,Personal,39348,11.52,84,684.54,2025-07-22,30-07-2025,Approved,39348,No,0,0,3,Current,No
L00849,C10849,Hyderabad Central,Hyderabad,Telangana,Male,59,Salaried,67703,637,0,Home,321199,12.47,60,7221.42,2024-05-25,01-06-2024,Approved,321199,No,0,0,13,Current,No
L00850,C10850,Bengaluru East,Bengaluru,Karnataka,Female,60,Self-employed,34052,658,2,Personal,119154,12.62,120,1752.49,2024-02-27,,Rejected,0,No,0,0,4,Current,Yes
L00851,C10851,Bhubaneswar,Bhubaneswar,Odisha,Male,29,Salaried,162043,747,0,Education,76803,10.54,84,1296.55,2024-12-17,25-12-2024,Approved,76803,No,0,0,1,Current,No
L00852,C10852,Kochi,Kochi,Kerala,Male,56,Self-employed,79330,784,3,Home,549908,15.7,60,13285.2,2024-08-20,29-08-2024,Approved,549908,Yes,87,250973,1,Savings,Yes
L00853,C10853,Bhopal,Bhopal,Madhya Pradesh,Male,30,Student,61090,628,3,Home,551361,10.11,36,17819.36,2025-11-16,,Rejected,0,No,0,0,13,Savings,Yes
L00854,C10854,Chennai North,Chennai,Tamil Nadu,Male,34,Salaried,153834,689,0,Personal,30567,12.73,60,691.28,2025-06-05,,Rejected,0,No,0,0,5,Current,Yes
L00855,C10855,Bengaluru East,Bengaluru,Karnataka,Male,60,Salaried,170820,641,1,Education,63590,10.51,60,1367.11,2024-09-23,,Rejected,0,No,0,0,9,Current,Yes
L00856,C10856,Jaipur,Jaipur,Rajasthan,Female,34,Salaried,35920,739,3,Education,127362,15.9,48,3602.96,2024-07-23,,Rejected,0,No,0,0,9,Savings,No
L00857,C10857,Pune East,Pune,Maharashtra,Female,24,Business,85243,557,2,Home,162484,10.29,48,4143.68,2024-07-04,,Pending,0,No,0,0,6,Current,No
L00858,C10858,Kochi,Kochi,Kerala,Female,50,Student,68321,630,3,Personal,98215,10.07,180,1059.63,2024-09-11,13-09-2024,Approved,98215,No,0,0,0,Savings,Yes
L00859,C10859,Hyderabad Central,Hyderabad,Telangana,Male,40,Salaried,173926,720,2,Home,250026,16.24,180,3714.06,2025-01-16,23-01-2025,Approved,250026,No,0,0,9,Savings,Yes
L00860,C10860,Hyderabad Central,Hyderabad,Telangana,Male,37,Salaried,78651,682,0,Business,95921,15.42,84,1873.64,2024-06-27,29-06-2024,Approved,95921,No,0,0,14,Current,No
L00861,C10861,Delhi Central,Delhi,Delhi,Female,25,Business,65185,705,3,Home,410793,11.39,84,7118.3,2025-02-26,27-02-2025,Approved,410793,No,0,0,1,Savings,No
L00862,C10862,Kochi,Kochi,Kerala,Female,51,Salaried,95067,758,0,Auto,99301,9.61,84,1628.57,2024-01-02,,Pending,0,No,0,0,1,Current,No
L00863,C10863,Bhopal,Bhopal,Madhya Pradesh,Male,24,Salaried,48177,626,3,Personal,68924,13.43,60,1583.45,2025-07-18,,Rejected,0,No,0,0,10,Current,No
L00864,C10864,Bengaluru East,Bengaluru,Karnataka,Female,44,Salaried,116078,645,2,Home,502666,14.26,84,9492.31,2025-11-22,,Rejected,0,No,0,0,11,Current,Yes
L00865,C10865,Kolkata West,Kolkata,West Bengal,Female,29,Salaried,119022,643,4,Business,166128,15.51,60,3996.79,2025-06-02,,Pending,0,No,0,0,4,Current,Yes
L00866,C10866,Patna,Patna,Bihar,Male,34,Self-employed,128900,629,0,Education,145438,8.51,120,1804,2025-07-11,13-07-2025,Approved,145438,No,0,0,8,Savings,Yes
L00867,C10867,Chandigarh,Chandigarh,Chandigarh,Female,52,Salaried,122864,623,3,Home,334095,14.25,180,4505.54,2024-04-18,26-04-2024,Approved,334095,Yes,78,187748,0,Savings,No
L00868,C10868,Bengaluru East,Bengaluru,Karnataka,Male,40,Salaried,131461,668,2,Education,101036,13.24,48,2722.59,2024-01-25,30-01-2024,Approved,101036,No,0,0,5,Savings,Yes
L00869,C10869,Hyderabad Central,Hyderabad,Telangana,Female,28,Salaried,118720,684,4,Personal,70822,10.87,60,1535.25,2025-03-14,22-03-2025,Approved,70822,No,0,0,1,Current,Yes
L00870,C10870,Jaipur,Jaipur,Rajasthan,Female,43,Salaried,149150,681,3,Education,130897,8.38,180,1279.8,2025-08-24,30-08-2025,Approved,130897,No,0,0,15,Savings,No
L00871,C10871,Delhi Central,Delhi,Delhi,Female,26,Salaried,167536,733,0,Personal,118179,10.54,120,1597.3,2025-04-25,30-04-2025,Approved,118179,No,0,0,14,Savings,No
L00872,C10872,Mumbai South,Mumbai,Maharashtra,Male,29,Business,32401,718,4,Personal,85807,9.13,60,1786.63,2025-12-14,23-12-2025,Approved,85807,No,0,0,1,Current,Yes
L00873,C10873,Kochi,Kochi,Kerala,Female,32,Self-employed,101910,702,4,Personal,34375,13.68,36,1169.52,2024-07-22,26-07-2024,Approved,34375,Yes,75,12344,1,Current,Yes
L00874,C10874,Chennai North,Chennai,Tamil Nadu,Female,58,Self-employed,84960,674,3,Education,149492,8.54,48,3687.55,2024-05-22,01-06-2024,Approved,149492,No,0,0,14,Current,No
L00875,C10875,Bhopal,Bhopal,Madhya Pradesh,Female,22,Business,121544,668,3,Home,378742,12.52,84,6791.61,2024-03-09,14-03-2024,Approved,378742,No,0,0,11,Current,No
L00876,C10876,Lucknow,Lucknow,Uttar Pradesh,Male,29,Salaried,67466,665,0,Auto,101515,11.51,120,1427.84,2025-01-17,25-01-2025,Approved,101515,Yes,77,38149,13,Savings,Yes
L00877,C10877,Chennai North,Chennai,Tamil Nadu,Male,30,Salaried,127422,714,0,Home,499129,9.89,120,6565.66,2024-01-10,13-01-2024,Approved,499129,No,0,0,7,Current,Yes
L00878,C10878,Chennai North,Chennai,Tamil Nadu,Female,51,Salaried,50964,691,1,Personal,103020,13.14,36,3478.1,2024-05-29,07-06-2024,Approved,103020,No,0,0,2,Current,Yes
L00879,C10879,Kolkata West,Kolkata,West Bengal,Male,36,Business,133398,725,1,Education,83266,8.04,84,1299.46,2024-02-13,,Rejected,0,No,0,0,12,Savings,Yes
L00880,C10880,Chandigarh,Chandigarh,Chandigarh,Female,46,Salaried,83909,633,1,Personal,86787,15.5,180,1244.52,2025-10-12,22-10-2025,Approved,86787,No,0,0,15,Savings,No
L00881,C10881,Kolkata West,Kolkata,West Bengal,Male,47,Salaried,47240,655,0,Personal,71546,10.03,180,770.15,2024-12-15,24-12-2024,Approved,71546,No,0,0,9,Current,No
L00882,C10882,Ahmedabad,Ahmedabad,Gujarat,Male,51,Salaried,153365,573,2,Personal,100788,13.18,60,2302.53,2025-10-06,11-10-2025,Approved,100788,No,0,0,7,Current,No
L00883,C10883,Bhubaneswar,Bhubaneswar,Odisha,Male,57,Salaried,105307,712,3,Home,463398,11.31,180,5357.52,2024-07-11,,Rejected,0,No,0,0,4,Current,Yes
L00884,C10884,Chandigarh,Chandigarh,Chandigarh,Female,55,Business,78599,749,3,Auto,95459,8.55,180,942.82,2024-10-25,29-10-2024,Approved,95459,No,0,0,10,Savings,No
L00885,C10885,Pune East,Pune,Maharashtra,Male,46,Salaried,95972,760,2,Home,467710,8.15,36,14688.72,2025-01-20,27-01-2025,Approved,467710,Yes,78,133594,15,Current,No
L00886,C10886,Lucknow,Lucknow,Uttar Pradesh,Female,33,Salaried,137120,658,3,Auto,174877,11.43,60,3839.86,2024-05-02,04-05-2024,Approved,174877,No,0,0,1,Savings,Yes
L00887,C10887,Hyderabad Central,Hyderabad,Telangana,Male,56,Salaried,58402,723,3,Home,496185,12.6,36,16623,2024-04-24,04-05-2024,Approved,496185,No,0,0,9,Current,Yes
L00888,C10888,Chennai North,Chennai,Tamil Nadu,Male,60,Business,94923,533,4,Personal,50980,8.87,120,642.21,2025-08-21,25-08-2025,Approved,50980,Yes,128,6656,0,Savings,Yes
L00889,C10889,Kolkata West,Kolkata,West Bengal,Female,52,Salaried,89538,717,3,Auto,95493,15.76,60,2310.04,2024-04-19,24-04-2024,Approved,95493,No,0,0,12,Current,Yes
L00890,C10890,Chennai North,Chennai,Tamil Nadu,Male,26,Salaried,141426,649,3,Home,351575,15.16,84,6815.86,2024-01-24,,Rejected,0,No,0,0,8,Savings,No
L00891,C10891,Ahmedabad,Ahmedabad,Gujarat,Female,41,Salaried,158053,590,4,Home,225767,13.83,120,3482.36,2025-12-16,,Rejected,0,No,0,0,5,Current,Yes
L00892,C10892,Chennai North,Chennai,Tamil Nadu,Female,43,Salaried,90212,601,2,Business,278937,12.9,84,5059.26,2024-01-25,,Rejected,0,No,0,0,7,Savings,No
L00893,C10893,Kochi,Kochi,Kerala,Male,45,Business,119246,630,3,Business,126903,11.44,60,2787.11,2024-08-22,27-08-2024,Approved,126903,No,0,0,5,Savings,Yes
L00894,C10894,Patna,Patna,Bihar,Male,45,Salaried,84920,745,0,Education,50808,8.33,180,495.28,2025-07-20,22-07-2025,Approved,50808,No,0,0,8,Current,Yes
L00895,C10895,Hyderabad Central,Hyderabad,Telangana,Male,48,Salaried,73764,697,4,Home,198376,13.09,120,2972.51,2025-11-01,,Rejected,0,No,0,0,5,Current,No
L00896,C10896,Ahmedabad,Ahmedabad,Gujarat,Male,36,Salaried,76219,749,4,Education,38831,14.46,60,912.82,2024-07-02,10-07-2024,Approved,38831,No,0,0,11,Savings,Yes
L00897,C10897,Lucknow,Lucknow,Uttar Pradesh,Male,36,Self-employed,110322,763,4,Education,95655,12.04,36,3178.94,2025-02-07,08-02-2025,Approved,95655,No,0,0,4,Savings,No
L00898,C10898,Kolkata West,Kolkata,West Bengal,Female,50,Salaried,70913,595,0,Education,51245,13.26,36,1733.07,2024-03-09,,Pending,0,No,0,0,4,Savings,No
L00899,C10899,Jaipur,Jaipur,Rajasthan,Female,46,Business,130879,750,4,Personal,99366,12.7,180,1237.67,2025-02-18,27-02-2025,Approved,99366,No,0,0,5,Current,Yes
L00900,C10900,Bhopal,Bhopal,Madhya Pradesh,Male,34,Salaried,121338,639,2,Home,366223,10.94,60,7951.62,2025-01-17,25-01-2025,Approved,366223,Yes,34,56510,13,Savings,No
L00901,C10901,Patna,Patna,Bihar,Male,40,Salaried,62307,739,3,Home,359316,11.7,84,6285.41,2025-01-15,,Rejected,0,No,0,0,14,Savings,No
L00902,C10902,Delhi Central,Delhi,Delhi,Male,30,Self-employed,51551,695,2,Personal,65947,11.69,84,1153.24,2025-10-31,,Rejected,0,No,0,0,2,Current,No
L00903,C10903,Patna,Patna,Bihar,Female,23,Self-employed,150687,747,2,Business,167003,7.6,36,5202.51,2024-05-29,07-06-2024,Approved,167003,No,0,0,0,Savings,No
L00904,C10904,Delhi Central,Delhi,Delhi,Female,46,Salaried,145662,715,2,Auto,124691,10.81,120,1704.24,2025-08-22,30-08-2025,Approved,124691,No,0,0,13,Savings,Yes
L00905,C10905,Bengaluru East,Bengaluru,Karnataka,Female,42,Business,140307,678,1,Home,252935,8.34,84,3985.28,2024-10-09,10-10-2024,Approved,252935,Yes,33,34849,6,Current,Yes
L00906,C10906,Ahmedabad,Ahmedabad,Gujarat,Male,48,Salaried,91885,591,1,Home,184722,8.97,36,5871.53,2024-09-28,,Rejected,0,No,0,0,2,Savings,No
L00907,C10907,Bhubaneswar,Bhubaneswar,Odisha,Male,52,Salaried,145483,714,2,Business,215310,12.69,120,3175.56,2024-12-04,10-12-2024,Approved,215310,No,0,0,8,Savings,Yes
L00908,C10908,Patna,Patna,Bihar,Male,48,Salaried,111023,630,4,Personal,114932,16.42,36,4064.54,2025-08-28,02-09-2025,Approved,114932,Yes,67,29311,7,Savings,No
L00909,C10909,Bhubaneswar,Bhubaneswar,Odisha,Male,27,Business,157603,614,3,Auto,128403,8.23,48,3148.57,2025-09-30,,Rejected,0,No,0,0,2,Current,Yes
L00910,C10910,Ahmedabad,Ahmedabad,Gujarat,Female,48,Salaried,149039,777,0,Personal,68546,8.56,48,1691.48,2025-05-13,,Rejected,0,No,0,0,15,Current,Yes
L00911,C10911,Ahmedabad,Ahmedabad,Gujarat,Female,36,Salaried,68226,641,4,Personal,30863,8.41,36,972.98,2024-01-09,16-01-2024,Approved,30863,No,0,0,2,Savings,Yes
L00912,C10912,Delhi Central,Delhi,Delhi,Female,32,Salaried,101394,771,2,Auto,143651,13.49,36,4874.14,2024-02-11,16-02-2024,Approved,143651,No,0,0,1,Savings,Yes
L00913,C10913,Kolkata West,Kolkata,West Bengal,Male,33,Self-employed,127462,726,2,Auto,187910,8.15,120,2294.79,2024-10-18,26-10-2024,Approved,187910,No,0,0,8,Savings,Yes
L00914,C10914,Jaipur,Jaipur,Rajasthan,Male,39,Salaried,113777,617,1,Auto,168622,10.73,120,2297.07,2024-11-09,16-11-2024,Approved,168622,No,0,0,7,Current,No
L00915,C10915,Chennai North,Chennai,Tamil Nadu,Male,50,Salaried,65689,713,0,Home,385363,8.63,180,3824.24,2024-03-16,22-03-2024,Approved,385363,No,0,0,7,Current,No
L00916,C10916,Ahmedabad,Ahmedabad,Gujarat,Male,56,Business,104310,695,1,Business,97739,10.78,84,1662.25,2024-07-15,16-07-2024,Approved,97739,Yes,94,25530,5,Current,No
L00917,C10917,Chandigarh,Chandigarh,Chandigarh,Female,41,Salaried,110697,686,2,Business,377045,15.31,48,10552.79,2024-01-08,,Rejected,0,No,0,0,5,Current,No
L00918,C10918,Mumbai South,Mumbai,Maharashtra,Female,42,Salaried,61789,580,1,Personal,84927,16.11,48,2411.64,2024-07-03,,Rejected,0,No,0,0,0,Current,No
L00919,C10919,Bhopal,Bhopal,Madhya Pradesh,Female,42,Salaried,151562,714,1,Home,324335,13.62,180,4236.82,2025-06-01,08-06-2025,Approved,324335,No,0,0,6,Current,Yes
L00920,C10920,Jaipur,Jaipur,Rajasthan,Female,55,Student,144652,506,0,Home,159392,11.17,180,1828.7,2024-03-05,,Rejected,0,No,0,0,13,Current,Yes
L00921,C10921,Bhubaneswar,Bhubaneswar,Odisha,Female,58,Salaried,94389,658,0,Education,117612,15.64,60,2837.65,2025-02-08,17-02-2025,Approved,117612,No,0,0,7,Current,Yes
L00922,C10922,Ahmedabad,Ahmedabad,Gujarat,Male,48,Salaried,44950,786,2,Personal,91636,15.96,36,3219.84,2025-05-28,,Rejected,0,No,0,0,9,Savings,No
L00923,C10923,Kolkata West,Kolkata,West Bengal,Male,55,Business,100381,715,3,Auto,136137,9.1,180,1388.9,2024-07-24,31-07-2024,Approved,136137,Yes,92,62896,0,Savings,Yes
L00924,C10924,Bhubaneswar,Bhubaneswar,Odisha,Female,31,Business,92395,554,3,Home,373582,9.34,48,9357.03,2025-01-05,10-01-2025,Approved,373582,No,0,0,2,Savings,Yes
L00925,C10925,Patna,Patna,Bihar,Male,21,Student,42296,712,2,Business,139438,14.38,60,3272.01,2024-05-04,13-05-2024,Approved,139438,No,0,0,3,Current,No
L00926,C10926,Bhopal,Bhopal,Madhya Pradesh,Male,43,Self-employed,117599,567,1,Personal,44811,12.41,60,1006.11,2024-01-19,,Pending,0,No,0,0,2,Savings,Yes
L00927,C10927,Bengaluru East,Bengaluru,Karnataka,Female,31,Salaried,165197,763,2,Home,597483,11,84,10230.36,2024-04-16,23-04-2024,Approved,597483,No,0,0,6,Current,Yes
L00928,C10928,Kochi,Kochi,Kerala,Male,52,Business,145023,850,3,Personal,68348,9.29,36,2182.68,2024-02-07,08-02-2024,Approved,68348,No,0,0,0,Current,No
L00929,C10929,Ahmedabad,Ahmedabad,Gujarat,Male,41,Self-employed,47341,710,4,Auto,80538,12.84,84,1458.15,2025-05-21,30-05-2025,Approved,80538,No,0,0,10,Savings,Yes
L00930,C10930,Bhopal,Bhopal,Madhya Pradesh,Female,36,Salaried,136579,713,2,Home,205875,7.99,60,4173.42,2025-11-11,,Pending,0,No,0,0,4,Current,No
L00931,C10931,Bengaluru East,Bengaluru,Karnataka,Female,42,Self-employed,44502,755,3,Personal,59298,11.16,36,1945.84,2024-10-18,20-10-2024,Approved,59298,No,0,0,3,Current,Yes
L00932,C10932,Mumbai South,Mumbai,Maharashtra,Female,42,Salaried,57434,679,1,Auto,70667,9.58,60,1486.9,2024-11-14,,Rejected,0,No,0,0,2,Current,No
L00933,C10933,Mumbai South,Mumbai,Maharashtra,Female,23,Salaried,135145,742,0,Home,199448,16.04,120,3345.99,2024-01-05,13-01-2024,Approved,199448,Yes,122,53213,3,Current,Yes
L00934,C10934,Kolkata West,Kolkata,West Bengal,Male,26,Salaried,73530,724,4,Education,43614,13.18,36,1473.31,2025-04-26,29-04-2025,Approved,43614,No,0,0,7,Current,Yes
L00935,C10935,Chandigarh,Chandigarh,Chandigarh,Female,57,Self-employed,74165,638,3,Home,499638,11,120,6882.51,2024-10-26,02-11-2024,Approved,499638,No,0,0,13,Current,No
L00936,C10936,Chennai North,Chennai,Tamil Nadu,Male,47,Salaried,155463,692,0,Business,292622,12.82,180,3667.79,2024-09-16,26-09-2024,Approved,292622,No,0,0,3,Savings,Yes
L00937,C10937,Kochi,Kochi,Kerala,Male,35,Student,37206,677,1,Business,224991,16.13,120,3787.14,2024-01-03,05-01-2024,Approved,224991,No,0,0,0,Current,Yes
L00938,C10938,Pune East,Pune,Maharashtra,Male,49,Salaried,57307,584,2,Personal,73887,10.91,120,1014.03,2025-11-27,01-12-2025,Approved,73887,No,0,0,4,Savings,No
L00939,C10939,Pune East,Pune,Maharashtra,Male,36,Salaried,96800,640,3,Personal,28048,14.53,36,965.85,2025-04-14,,Rejected,0,No,0,0,6,Current,Yes
L00940,C10940,Bhubaneswar,Bhubaneswar,Odisha,Female,30,Salaried,71415,710,3,Education,92027,14.57,120,1460.58,2024-03-07,13-03-2024,Approved,92027,No,0,0,7,Current,Yes
L00941,C10941,Kochi,Kochi,Kerala,Female,51,Student,95684,716,1,Home,272904,13.31,84,5010.77,2024-08-12,,Pending,0,No,0,0,4,Savings,No
L00942,C10942,Kochi,Kochi,Kerala,Female,54,Salaried,50908,731,2,Business,350784,14.7,180,4837.65,2025-02-17,27-02-2025,Approved,350784,No,0,0,3,Savings,No
L00943,C10943,Hyderabad Central,Hyderabad,Telangana,Male,56,Self-employed,175579,716,1,Auto,188497,7.53,36,5866.03,2024-12-01,,Rejected,0,No,0,0,13,Current,Yes
L00944,C10944,Jaipur,Jaipur,Rajasthan,Male,32,Salaried,105304,608,3,Home,571838,9.95,48,14489.56,2025-10-05,,Rejected,0,No,0,0,11,Savings,No
L00945,C10945,Jaipur,Jaipur,Rajasthan,Male,36,Salaried,113119,616,4,Personal,49829,11.38,120,697.16,2024-01-17,,Rejected,0,No,0,0,3,Savings,Yes
L00946,C10946,Ahmedabad,Ahmedabad,Gujarat,Male,34,Salaried,165241,782,0,Home,437607,11.47,48,11410.32,2024-08-14,18-08-2024,Approved,437607,No,0,0,1,Current,Yes
L00947,C10947,Bhubaneswar,Bhubaneswar,Odisha,Female,28,Student,179304,803,0,Personal,51025,13.01,36,1719.48,2024-09-13,22-09-2024,Approved,51025,No,0,0,7,Savings,No
L00948,C10948,Kochi,Kochi,Kerala,Female,55,Salaried,26666,595,3,Education,58358,14.66,60,1377.94,2024-04-12,22-04-2024,Approved,58358,No,0,0,8,Savings,No
L00949,C10949,Kochi,Kochi,Kerala,Female,43,Self-employed,170827,684,0,Business,379737,7.69,60,7643.48,2024-07-16,19-07-2024,Approved,379737,No,0,0,1,Savings,Yes
L00950,C10950,Patna,Patna,Bihar,Male,33,Salaried,145810,674,0,Auto,109146,13.07,36,3681.24,2024-04-30,,Rejected,0,No,0,0,6,Current,No
L00951,C10951,Patna,Patna,Bihar,Female,30,Business,66698,681,2,Home,241800,13.66,84,4486.04,2024-04-21,24-04-2024,Approved,241800,No,0,0,4,Current,Yes
L00952,C10952,Ahmedabad,Ahmedabad,Gujarat,Male,31,Salaried,161383,691,4,Business,358326,16.05,120,6013.6,2025-08-22,,Pending,0,No,0,0,14,Savings,Yes
L00953,C10953,Jaipur,Jaipur,Rajasthan,Female,32,Business,141673,680,1,Business,90500,9.27,60,1890.51,2025-01-19,,Rejected,0,No,0,0,14,Savings,Yes
L00954,C10954,Bhopal,Bhopal,Madhya Pradesh,Male,24,Salaried,164865,743,0,Auto,153443,15.68,120,2539.86,2025-12-30,02-01-2026,Approved,153443,No,0,0,5,Savings,Yes
L00955,C10955,Chennai North,Chennai,Tamil Nadu,Male,53,Self-employed,167519,728,4,Home,425290,12.34,60,9533.57,2024-09-24,27-09-2024,Approved,425290,No,0,0,1,Current,No
L00956,C10956,Patna,Patna,Bihar,Male,29,Self-employed,82804,655,0,Personal,101899,11.48,84,1770.58,2025-10-11,17-10-2025,Approved,101899,No,0,0,8,Current,Yes
L00957,C10957,Delhi Central,Delhi,Delhi,Male,22,Self-employed,31345,763,0,Personal,119294,14.18,180,1603.14,2025-08-22,26-08-2025,Approved,119294,No,0,0,3,Current,No
L00958,C10958,Delhi Central,Delhi,Delhi,Male,30,Student,107010,604,3,Auto,182125,13.31,60,4172.86,2024-09-24,03-10-2024,Approved,182125,No,0,0,15,Current,No
L00959,C10959,Lucknow,Lucknow,Uttar Pradesh,Male,30,Salaried,100753,566,2,Personal,25293,12.06,84,447.3,2024-01-27,28-01-2024,Approved,25293,Yes,96,14512,7,Current,No
L00960,C10960,Chandigarh,Chandigarh,Chandigarh,Female,26,Salaried,160237,688,2,Personal,73108,10.9,36,2390,2024-08-29,03-09-2024,Approved,73108,No,0,0,10,Current,Yes
L00961,C10961,Pune East,Pune,Maharashtra,Female,31,Self-employed,123389,678,0,Auto,63903,11.16,48,1656.58,2025-02-24,06-03-2025,Approved,63903,No,0,0,11,Savings,Yes
L00962,C10962,Bengaluru East,Bengaluru,Karnataka,Male,24,Salaried,37317,601,0,Business,212547,15.01,36,7369.05,2025-07-23,,Pending,0,No,0,0,0,Current,No
L00963,C10963,Patna,Patna,Bihar,Male,56,Self-employed,155664,728,1,Personal,44600,12.25,36,1486.69,2025-02-13,16-02-2025,Approved,44600,No,0,0,4,Current,No
L00964,C10964,Kochi,Kochi,Kerala,Male,54,Business,105608,653,3,Home,160857,9.68,84,2643.9,2024-05-13,22-05-2024,Approved,160857,No,0,0,3,Current,No
L00965,C10965,Mumbai South,Mumbai,Maharashtra,Female,23,Self-employed,101447,783,1,Personal,118342,10.86,60,2564.79,2024-02-13,17-02-2024,Approved,118342,No,0,0,11,Current,Yes
L00966,C10966,Hyderabad Central,Hyderabad,Telangana,Male,22,Business,148163,656,3,Personal,56672,15.27,120,923.71,2025-08-12,,Pending,0,No,0,0,0,Savings,Yes
L00967,C10967,Pune East,Pune,Maharashtra,Male,56,Business,160986,776,2,Education,47596,11.69,180,561.77,2024-03-04,10-03-2024,Approved,47596,Yes,44,27949,9,Savings,Yes
L00968,C10968,Bhubaneswar,Bhubaneswar,Odisha,Male,34,Student,118077,850,1,Education,63779,12.78,180,797.75,2024-05-05,09-05-2024,Approved,63779,No,0,0,3,Savings,Yes
L00969,C10969,Kochi,Kochi,Kerala,Female,54,Salaried,57447,598,1,Home,197929,13.18,48,5327.64,2025-05-19,26-05-2025,Approved,197929,No,0,0,7,Savings,No
L00970,C10970,Patna,Patna,Bihar,Male,25,Student,157352,663,3,Education,72918,16.42,36,2578.73,2025-04-17,,Pending,0,No,0,0,13,Savings,Yes
L00971,C10971,Bhubaneswar,Bhubaneswar,Odisha,Male,34,Self-employed,32706,635,3,Home,217060,15.04,120,3507.26,2024-01-14,21-01-2024,Approved,217060,No,0,0,15,Current,No
L00972,C10972,Patna,Patna,Bihar,Male,47,Self-employed,81020,657,3,Personal,65323,8.71,36,2068.45,2024-03-19,21-03-2024,Approved,65323,No,0,0,9,Savings,No
L00973,C10973,Chennai North,Chennai,Tamil Nadu,Male,46,Salaried,114902,738,3,Home,577266,14.01,48,15777.54,2025-09-13,16-09-2025,Approved,577266,No,0,0,14,Current,No
L00974,C10974,Pune East,Pune,Maharashtra,Female,25,Salaried,34563,610,2,Home,431073,11.17,180,4945.68,2024-02-13,,Rejected,0,No,0,0,0,Current,Yes
L00975,C10975,Jaipur,Jaipur,Rajasthan,Female,48,Salaried,37152,658,1,Personal,22355,15.95,48,632.97,2024-02-26,01-03-2024,Approved,22355,No,0,0,12,Savings,Yes
L00976,C10976,Ahmedabad,Ahmedabad,Gujarat,Male,50,Salaried,80798,686,0,Business,194611,9.79,60,4114.83,2024-12-30,06-01-2025,Approved,194611,No,0,0,5,Current,Yes
L00977,C10977,Jaipur,Jaipur,Rajasthan,Female,48,Self-employed,62380,544,2,Home,171150,8.54,60,3514.7,2025-07-21,30-07-2025,Approved,171150,No,0,0,6,Current,No
L00978,C10978,Chennai North,Chennai,Tamil Nadu,Female,56,Business,163571,551,1,Personal,47782,9.6,60,1005.85,2025-09-21,,Rejected,0,No,0,0,1,Savings,No
L00979,C10979,Jaipur,Jaipur,Rajasthan,Male,59,Self-employed,158011,628,0,Education,67455,12.67,36,2262.12,2025-04-08,,Pending,0,No,0,0,5,Current,No
L00980,C10980,Bhopal,Bhopal,Madhya Pradesh,Female,39,Self-employed,144590,756,0,Business,234952,8.81,60,4855.58,2025-08-16,26-08-2025,Approved,234952,No,0,0,10,Savings,No
L00981,C10981,Delhi Central,Delhi,Delhi,Female,57,Business,75974,830,0,Home,559120,14.76,48,15492.79,2024-10-28,04-11-2024,Approved,559120,No,0,0,1,Current,Yes
L00982,C10982,Lucknow,Lucknow,Uttar Pradesh,Female,30,Salaried,55858,647,3,Education,146864,7.77,84,2272.26,2024-06-27,,Rejected,0,No,0,0,9,Savings,Yes
L00983,C10983,Pune East,Pune,Maharashtra,Female,36,Self-employed,161369,786,0,Education,67316,14.95,60,1599.68,2025-02-21,,Rejected,0,No,0,0,3,Savings,No
L00984,C10984,Pune East,Pune,Maharashtra,Male,56,Self-employed,63598,804,3,Auto,144036,12.4,48,3821.37,2025-03-20,22-03-2025,Approved,144036,No,0,0,12,Current,No
L00985,C10985,Ahmedabad,Ahmedabad,Gujarat,Male,34,Salaried,151334,701,1,Education,135805,12.26,120,1968.87,2024-12-10,,Pending,0,No,0,0,3,Current,Yes
L00986,C10986,Bhopal,Bhopal,Madhya Pradesh,Female,46,Salaried,88072,660,4,Education,70729,15.15,60,1688.21,2025-10-03,,Rejected,0,No,0,0,0,Savings,No
L00987,C10987,Bhopal,Bhopal,Madhya Pradesh,Male,21,Salaried,159715,626,3,Home,178914,8.55,84,2837.87,2025-05-30,01-06-2025,Approved,178914,No,0,0,10,Savings,Yes
L00988,C10988,Mumbai South,Mumbai,Maharashtra,Female,54,Salaried,98202,717,0,Home,467998,8.16,180,4515.77,2024-11-25,02-12-2024,Approved,467998,No,0,0,6,Current,No
L00989,C10989,Chandigarh,Chandigarh,Chandigarh,Male,24,Business,82805,653,3,Personal,98490,10.03,48,2499.38,2024-02-29,,Rejected,0,No,0,0,14,Savings,No
L00990,C10990,Bhopal,Bhopal,Madhya Pradesh,Female,29,Business,115321,647,0,Auto,74135,14.21,84,1397.91,2025-10-02,,Rejected,0,No,0,0,12,Savings,Yes
L00991,C10991,Kolkata West,Kolkata,West Bengal,Male,37,Salaried,162358,665,1,Home,387956,9.59,48,9763.35,2024-11-17,20-11-2024,Approved,387956,No,0,0,12,Savings,No
L00992,C10992,Lucknow,Lucknow,Uttar Pradesh,Male,50,Salaried,68063,641,0,Home,235659,7.5,36,7330.46,2024-08-12,,Rejected,0,No,0,0,7,Current,Yes
L00993,C10993,Jaipur,Jaipur,Rajasthan,Female,55,Business,115430,657,3,Home,500159,12.41,60,11229.66,2024-09-27,30-09-2024,Approved,500159,No,0,0,10,Savings,Yes
L00994,C10994,Patna,Patna,Bihar,Female,39,Salaried,49776,721,3,Home,177734,9.63,48,4476.28,2025-11-29,01-12-2025,Approved,177734,No,0,0,3,Savings,No
L00995,C10995,Kochi,Kochi,Kerala,Female,53,Salaried,73928,808,0,Business,388802,12.33,48,10301.76,2024-04-14,19-04-2024,Approved,388802,No,0,0,13,Savings,No
L00996,C10996,Kochi,Kochi,Kerala,Female,59,Salaried,136678,750,1,Business,362779,9.69,36,11653.13,2025-06-11,17-06-2025,Approved,362779,No,0,0,10,Savings,No
L00997,C10997,Kochi,Kochi,Kerala,Male,52,Self-employed,179300,594,3,Auto,81193,11.58,180,952.62,2024-03-03,,Rejected,0,No,0,0,15,Savings,No
L00998,C10998,Lucknow,Lucknow,Uttar Pradesh,Male,21,Salaried,25590,662,3,Personal,31056,13.43,48,839.8,2024-07-03,09-07-2024,Approved,31056,No,0,0,5,Savings,No
L00999,C10999,Chandigarh,Chandigarh,Chandigarh,Female,21,Self-employed,166315,850,2,Personal,39705,14.09,120,618.64,2025-10-28,31-10-2025,Approved,39705,No,0,0,4,Current,No
L01000,C11000,Jaipur,Jaipur,Rajasthan,Male,56,Business,95390,678,1,Personal,99817,12.38,120,1454.1,2024-01-17,,Pending,0,No,0,0,4,Savings,No
L01001,C11001,Bhopal,Bhopal,Madhya Pradesh,Male,59,Business,85240,644,4,Education,62869,12.07,60,1400.71,2025-10-25,04-11-2025,Approved,62869,No,0,0,2,Savings,No
L01002,C11002,Pune East,Pune,Maharashtra,Female,55,Salaried,34384,615,3,Home,243869,9.62,120,3171.65,2025-02-15,,Rejected,0,No,0,0,15,Savings,Yes
L01003,C11003,Delhi Central,Delhi,Delhi,Female,38,Salaried,45445,714,3,Personal,89756,11.93,120,1284.11,2024-06-02,,Rejected,0,No,0,0,13,Current,Yes
L01004,C11004,Patna,Patna,Bihar,Male,41,Salaried,76420,684,3,Business,100017,14.61,120,1589.82,2024-11-21,22-11-2024,Approved,100017,No,0,0,5,Savings,No
L01005,C11005,Delhi Central,Delhi,Delhi,Female,22,Business,119465,692,4,Personal,79852,12.62,36,2675.94,2025-11-20,25-11-2025,Approved,79852,No,0,0,5,Current,No
L01006,C11006,Hyderabad Central,Hyderabad,Telangana,Female,32,Self-employed,128068,620,3,Auto,101408,8.76,120,1271.46,2024-10-28,01-11-2024,Approved,101408,No,0,0,4,Current,No
L01007,C11007,Patna,Patna,Bihar,Male,33,Salaried,175102,748,1,Home,508859,13.62,60,11740.25,2024-07-10,16-07-2024,Approved,508859,No,0,0,15,Savings,No
L01008,C11008,Ahmedabad,Ahmedabad,Gujarat,Male,57,Salaried,179435,664,1,Business,196533,10.59,120,2661.83,2025-12-03,07-12-2025,Approved,196533,No,0,0,3,Current,No
L01009,C11009,Pune East,Pune,Maharashtra,Male,52,Salaried,126260,775,0,Auto,177865,14.46,60,4181.15,2024-09-24,28-09-2024,Approved,177865,No,0,0,3,Savings,Yes
L01010,C11010,Bhubaneswar,Bhubaneswar,Odisha,Female,59,Salaried,37291,662,1,Personal,112364,10.5,48,2876.9,2024-10-02,,Rejected,0,No,0,0,2,Current,Yes
L01011,C11011,Ahmedabad,Ahmedabad,Gujarat,Female,26,Salaried,143928,792,1,Home,532170,9.06,120,6758.6,2024-08-07,15-08-2024,Approved,532170,No,0,0,3,Savings,No
L01012,C11012,Jaipur,Jaipur,Rajasthan,Female,23,Salaried,94665,772,1,Auto,78601,10.05,36,2538.08,2024-02-06,09-02-2024,Approved,78601,No,0,0,3,Current,Yes
L01013,C11013,Kolkata West,Kolkata,West Bengal,Male,51,Salaried,119630,782,4,Auto,141309,11.12,48,3660.45,2024-12-04,11-12-2024,Approved,141309,No,0,0,10,Current,No
L01014,C11014,Lucknow,Lucknow,Uttar Pradesh,Female,38,Salaried,68932,788,1,Personal,64287,12.09,180,775.28,2025-11-16,22-11-2025,Approved,64287,No,0,0,13,Current,No
L01015,C11015,Bhopal,Bhopal,Madhya Pradesh,Female,32,Salaried,104833,838,0,Education,86112,16.37,36,3043.2,2024-05-19,,Pending,0,No,0,0,0,Savings,Yes
L01016,C11016,Bengaluru East,Bengaluru,Karnataka,Female,44,Business,178703,649,1,Home,273952,8.68,36,8670.86,2024-11-29,,Pending,0,No,0,0,2,Savings,Yes
L01017,C11017,Pune East,Pune,Maharashtra,Female,51,Salaried,78501,640,1,Auto,124425,10.23,120,1660.17,2025-06-21,,Rejected,0,No,0,0,12,Current,Yes
L01018,C11018,Jaipur,Jaipur,Rajasthan,Male,48,Salaried,140622,635,2,Auto,89244,14.22,48,2448.58,2025-01-10,,Rejected,0,No,0,0,5,Current,No
L01019,C11019,Chennai North,Chennai,Tamil Nadu,Male,54,Salaried,70317,656,0,Education,54959,15.03,48,1530.39,2024-07-23,24-07-2024,Approved,54959,No,0,0,2,Savings,No
L01020,C11020,Kochi,Kochi,Kerala,Male,26,Salaried,133886,567,2,Personal,46733,13.96,84,874.74,2024-12-19,22-12-2024,Approved,46733,No,0,0,12,Savings,No
L01021,C11021,Bengaluru East,Bengaluru,Karnataka,Male,43,Salaried,109108,677,4,Auto,176834,8.72,48,4377.05,2025-08-07,,Pending,0,No,0,0,10,Savings,Yes
L01022,C11022,Lucknow,Lucknow,Uttar Pradesh,Female,45,Self-employed,170175,850,1,Education,81445,7.98,48,1987.55,2025-03-26,,Pending,0,No,0,0,15,Savings,Yes
L01023,C11023,Jaipur,Jaipur,Rajasthan,Male,33,Salaried,81956,781,1,Business,95344,10.43,48,2437.91,2024-06-07,17-06-2024,Approved,95344,No,0,0,6,Current,Yes
L01024,C11024,Mumbai South,Mumbai,Maharashtra,Female,41,Business,178400,644,0,Auto,111937,12.48,48,2974.18,2024-08-30,,Pending,0,No,0,0,10,Current,Yes
L01025,C11025,Bhopal,Bhopal,Madhya Pradesh,Male,41,Business,105756,686,3,Education,145671,11.94,48,3831.79,2025-02-06,07-02-2025,Approved,145671,No,0,0,8,Current,No
L01026,C11026,Kolkata West,Kolkata,West Bengal,Male,32,Self-employed,177637,725,3,Home,449391,9.07,36,14305.16,2024-06-14,18-06-2024,Approved,449391,No,0,0,14,Current,Yes
L01027,C11027,Chennai North,Chennai,Tamil Nadu,Female,41,Salaried,171358,769,1,Home,575890,13.58,36,19565.28,2024-05-17,24-05-2024,Approved,575890,No,0,0,1,Savings,Yes
L01028,C11028,Delhi Central,Delhi,Delhi,Male,37,Self-employed,153174,661,4,Education,119917,15.46,120,1968.6,2025-05-30,09-06-2025,Approved,119917,No,0,0,6,Current,No
L01029,C11029,Bengaluru East,Bengaluru,Karnataka,Male,55,Salaried,40959,737,0,Home,295820,16.3,48,8429.14,2025-02-01,11-02-2025,Approved,295820,No,0,0,10,Savings,No
L01030,C11030,Mumbai South,Mumbai,Maharashtra,Female,31,Student,174557,539,0,Home,228231,13.29,48,6155.77,2025-08-23,,Rejected,0,No,0,0,0,Savings,No
L01031,C11031,Chennai North,Chennai,Tamil Nadu,Female,38,Business,159055,723,1,Business,382277,11.24,84,6593.85,2024-03-25,04-04-2024,Approved,382277,No,0,0,3,Savings,No
L01032,C11032,Delhi Central,Delhi,Delhi,Male,30,Salaried,66262,780,0,Business,321353,11.19,180,3690.92,2024-05-22,01-06-2024,Approved,321353,No,0,0,2,Savings,Yes
L01033,C11033,Ahmedabad,Ahmedabad,Gujarat,Female,27,Salaried,72371,783,0,Personal,114764,10.59,180,1275.01,2025-06-25,29-06-2025,Approved,114764,No,0,0,6,Savings,No
L01034,C11034,Kolkata West,Kolkata,West Bengal,Male,48,Salaried,79631,715,4,Home,243762,11.6,180,2863.12,2024-11-04,,Rejected,0,No,0,0,3,Savings,No
L01035,C11035,Bengaluru East,Bengaluru,Karnataka,Male,26,Salaried,171377,649,1,Business,84583,12.69,60,1911.13,2024-05-17,22-05-2024,Approved,84583,No,0,0,0,Savings,No
L01036,C11036,Pune East,Pune,Maharashtra,Female,25,Self-employed,25324,600,1,Education,104562,12.87,48,2798.39,2025-12-12,,Rejected,0,No,0,0,0,Savings,Yes
L01037,C11037,Jaipur,Jaipur,Rajasthan,Male,30,Salaried,136112,771,4,Personal,60231,14.36,48,1656.8,2024-08-05,10-08-2024,Approved,60231,No,0,0,4,Savings,Yes
L01038,C11038,Jaipur,Jaipur,Rajasthan,Male,48,Salaried,67455,654,3,Home,409447,10,48,10384.63,2025-09-05,13-09-2025,Approved,409447,No,0,0,2,Current,No
L01039,C11039,Patna,Patna,Bihar,Male,47,Salaried,58156,744,0,Personal,54217,16.08,48,1538.75,2025-12-01,02-12-2025,Approved,54217,No,0,0,9,Savings,Yes
L01040,C11040,Delhi Central,Delhi,Delhi,Male,22,Business,131309,623,3,Auto,168351,10.82,60,3645.26,2025-09-29,07-10-2025,Approved,168351,No,0,0,11,Current,No
L01041,C11041,Ahmedabad,Ahmedabad,Gujarat,Male,36,Salaried,52898,773,3,Personal,34491,7.9,36,1079.23,2024-05-01,10-05-2024,Approved,34491,No,0,0,6,Savings,No
L01042,C11042,Lucknow,Lucknow,Uttar Pradesh,Male,27,Salaried,97396,786,0,Personal,75549,12.15,120,1090.47,2024-01-14,20-01-2024,Approved,75549,No,0,0,4,Savings,Yes
L01043,C11043,Pune East,Pune,Maharashtra,Male,50,Salaried,158264,764,1,Home,523618,9.56,36,16787.72,2024-02-18,23-02-2024,Approved,523618,No,0,0,8,Current,No
L01044,C11044,Chennai North,Chennai,Tamil Nadu,Female,32,Salaried,76525,710,0,Home,378115,9.14,120,4818.5,2025-06-24,02-07-2025,Approved,378115,No,0,0,13,Current,No
L01045,C11045,Delhi Central,Delhi,Delhi,Male,28,Business,112493,722,1,Auto,91047,14.9,84,1751.81,2024-09-17,24-09-2024,Approved,91047,No,0,0,4,Savings,No
L01046,C11046,Kolkata West,Kolkata,West Bengal,Male,54,Salaried,61234,789,3,Home,180188,16.32,84,3611.82,2025-02-28,05-03-2025,Approved,180188,No,0,0,0,Savings,Yes
L01047,C11047,Delhi Central,Delhi,Delhi,Female,58,Salaried,147515,727,0,Education,64431,12.77,120,953.3,2025-07-19,29-07-2025,Approved,64431,No,0,0,8,Savings,No
L01048,C11048,Chennai North,Chennai,Tamil Nadu,Male,41,Self-employed,36087,727,2,Auto,181553,7.84,120,2187.42,2024-10-31,10-11-2024,Approved,181553,No,0,0,12,Current,Yes
L01049,C11049,Chandigarh,Chandigarh,Chandigarh,Male,33,Salaried,140085,639,3,Auto,126707,8.42,84,2001.5,2024-04-11,19-04-2024,Approved,126707,No,0,0,1,Current,No
L01050,C11050,Kolkata West,Kolkata,West Bengal,Female,36,Salaried,70664,572,2,Personal,47647,14.13,120,743.53,2025-11-16,,Rejected,0,No,0,0,9,Savings,No
L01051,C11051,Bhopal,Bhopal,Madhya Pradesh,Male,25,Business,94235,727,1,Home,394983,7.96,84,6148.42,2025-07-07,09-07-2025,Approved,394983,No,0,0,1,Savings,Yes
L01052,C11052,Chandigarh,Chandigarh,Chandigarh,Female,27,Self-employed,168064,753,0,Home,508794,13.82,120,7844.89,2025-08-08,17-08-2025,Approved,508794,No,0,0,14,Savings,Yes
L01053,C11053,Mumbai South,Mumbai,Maharashtra,Female,22,Business,165902,596,2,Business,346452,7.77,36,10819.82,2025-07-13,,Pending,0,No,0,0,8,Current,Yes
L01054,C11054,Bengaluru East,Bengaluru,Karnataka,Male,49,Self-employed,118336,687,4,Personal,50557,12.64,84,909.87,2025-06-03,04-06-2025,Approved,50557,No,0,0,1,Savings,No
L01055,C11055,Lucknow,Lucknow,Uttar Pradesh,Male,47,Salaried,149066,624,1,Education,79840,12.57,60,1799.08,2025-09-01,,Rejected,0,No,0,0,2,Savings,No
L01056,C11056,Chandigarh,Chandigarh,Chandigarh,Female,31,Business,136011,576,4,Business,158872,11.67,84,2776.56,2025-08-15,,Pending,0,No,0,0,15,Savings,No
L01057,C11057,Delhi Central,Delhi,Delhi,Female,35,Business,92803,714,4,Personal,66479,11.34,84,1150.2,2025-07-19,22-07-2025,Approved,66479,No,0,0,7,Current,No
L01058,C11058,Pune East,Pune,Maharashtra,Male,50,Business,129374,673,1,Home,173680,15.46,84,3396.44,2025-12-19,29-12-2025,Approved,173680,No,0,0,7,Current,No
L01059,C11059,Delhi Central,Delhi,Delhi,Female,49,Salaried,64764,699,4,Personal,70585,8.78,60,1457.7,2025-08-16,,Rejected,0,No,0,0,13,Current,Yes
L01060,C11060,Delhi Central,Delhi,Delhi,Male,38,Salaried,164645,694,4,Home,171541,15.42,48,4810.72,2024-09-21,24-09-2024,Approved,171541,No,0,0,14,Savings,No
L01061,C11061,Delhi Central,Delhi,Delhi,Male,26,Salaried,81217,724,1,Personal,119023,16.38,180,1779.73,2024-06-16,,Pending,0,No,0,0,6,Current,Yes
L01062,C11062,Chennai North,Chennai,Tamil Nadu,Male,51,Business,25111,689,2,Home,280351,7.89,60,5669.76,2024-11-24,26-11-2024,Approved,280351,No,0,0,0,Savings,No
L01063,C11063,Bhubaneswar,Bhubaneswar,Odisha,Female,40,Salaried,93729,712,2,Auto,100658,13.77,60,2330.15,2024-01-29,,Rejected,0,No,0,0,13,Current,Yes
L01064,C11064,Jaipur,Jaipur,Rajasthan,Female,25,Self-employed,58233,712,2,Auto,193293,13.17,120,2905.49,2025-07-08,,Pending,0,No,0,0,0,Current,No
L01065,C11065,Patna,Patna,Bihar,Male,27,Salaried,141090,678,0,Education,140065,10.44,48,3582.08,2025-02-07,12-02-2025,Approved,140065,No,0,0,7,Current,No
L01066,C11066,Hyderabad Central,Hyderabad,Telangana,Female,57,Salaried,48670,773,2,Personal,54238,16.31,180,808.35,2024-02-20,01-03-2024,Approved,54238,No,0,0,5,Savings,No
L01067,C11067,Pune East,Pune,Maharashtra,Male,45,Self-employed,36662,674,0,Personal,115446,8.06,120,1404.34,2025-07-04,,Rejected,0,No,0,0,12,Savings,No
L01068,C11068,Pune East,Pune,Maharashtra,Male,47,Student,57968,711,0,Personal,54066,10.45,120,728.03,2024-02-27,28-02-2024,Approved,54066,Yes,176,9867,4,Current,No
L01069,C11069,Bengaluru East,Bengaluru,Karnataka,Male,39,Self-employed,123315,666,4,Auto,163073,11.98,36,5414.8,2024-11-30,,Rejected,0,No,0,0,8,Savings,Yes
L01070,C11070,Patna,Patna,Bihar,Female,41,Salaried,120469,638,3,Education,74553,12.34,36,2488.35,2025-08-07,,Rejected,0,No,0,0,9,Current,Yes
L01071,C11071,Chennai North,Chennai,Tamil Nadu,Male,48,Salaried,121869,686,3,Education,141973,13.2,84,2598.23,2024-12-10,,Rejected,0,No,0,0,1,Savings,No
L01072,C11072,Chandigarh,Chandigarh,Chandigarh,Female,59,Business,85005,761,0,Home,504034,11.33,48,13107.95,2024-05-01,06-05-2024,Approved,504034,No,0,0,14,Current,No
L01073,C11073,Kochi,Kochi,Kerala,Female,40,Salaried,107838,637,0,Home,297288,13.88,36,10143.28,2024-04-04,,Rejected,0,No,0,0,8,Current,Yes
L01074,C11074,Delhi Central,Delhi,Delhi,Male,27,Salaried,160337,644,3,Personal,84819,16.42,48,2422.08,2024-07-19,,Pending,0,No,0,0,5,Current,No
L01075,C11075,Bhubaneswar,Bhubaneswar,Odisha,Male,38,Salaried,132098,726,3,Home,532964,8.5,48,13136.66,2024-02-24,29-02-2024,Approved,532964,No,0,0,15,Current,Yes
L01076,C11076,Ahmedabad,Ahmedabad,Gujarat,Female,58,Business,164536,557,0,Personal,65921,16.26,180,980.16,2024-06-21,,Rejected,0,No,0,0,8,Savings,No
L01077,C11077,Bengaluru East,Bengaluru,Karnataka,Male,56,Business,85964,546,2,Education,65173,7.92,180,619.82,2025-03-15,21-03-2025,Approved,65173,No,0,0,14,Current,Yes
L01078,C11078,Patna,Patna,Bihar,Male,25,Salaried,75737,686,1,Business,314592,10.07,120,4169.56,2025-09-21,,Rejected,0,No,0,0,15,Savings,No
L01079,C11079,Jaipur,Jaipur,Rajasthan,Female,34,Salaried,101931,625,1,Personal,24024,9.22,120,307.19,2025-07-05,,Rejected,0,No,0,0,5,Savings,No
L01080,C11080,Pune East,Pune,Maharashtra,Male,55,Salaried,42634,606,4,Education,62366,14.94,60,1481.72,2024-12-02,,Rejected,0,No,0,0,6,Savings,No
L01081,C11081,Kolkata West,Kolkata,West Bengal,Male,41,Business,156869,716,1,Personal,50083,15.43,36,1746.71,2024-02-06,,Rejected,0,No,0,0,3,Savings,No
L01082,C11082,Jaipur,Jaipur,Rajasthan,Female,53,Salaried,42553,641,3,Personal,42577,10.01,60,904.84,2025-11-17,,Pending,0,No,0,0,8,Current,No
L01083,C11083,Delhi Central,Delhi,Delhi,Male,55,Self-employed,42290,593,3,Education,102413,8.46,180,1006.1,2025-12-03,,Rejected,0,No,0,0,10,Savings,Yes
L01084,C11084,Bengaluru East,Bengaluru,Karnataka,Female,53,Salaried,91966,705,4,Education,135369,13.1,120,2029.2,2025-03-11,,Pending,0,No,0,0,4,Savings,No
L01085,C11085,Pune East,Pune,Maharashtra,Female,58,Business,150656,796,1,Home,271923,7.83,36,8499.77,2025-09-04,11-09-2025,Approved,271923,No,0,0,5,Current,Yes
L01086,C11086,Bhubaneswar,Bhubaneswar,Odisha,Male,56,Business,142841,771,1,Personal,51230,12.61,36,1716.53,2024-06-03,,Pending,0,No,0,0,15,Savings,No
L01087,C11087,Bhubaneswar,Bhubaneswar,Odisha,Male,57,Salaried,70194,606,0,Education,103013,15.82,48,2909.93,2024-05-29,31-05-2024,Approved,103013,Yes,88,11516,0,Savings,Yes
L01088,C11088,Kochi,Kochi,Kerala,Female,50,Salaried,55045,680,0,Business,346298,15.07,120,5601.85,2025-11-18,,Rejected,0,No,0,0,15,Current,Yes
L01089,C11089,Delhi Central,Delhi,Delhi,Male,39,Salaried,125588,706,1,Business,231709,15.86,180,3380.52,2024-09-06,08-09-2024,Approved,231709,No,0,0,1,Current,No
L01090,C11090,Ahmedabad,Ahmedabad,Gujarat,Male,33,Salaried,132129,634,4,Personal,108641,14.61,36,3745.36,2024-01-04,05-01-2024,Approved,108641,No,0,0,12,Savings,Yes
L01091,C11091,Pune East,Pune,Maharashtra,Female,42,Student,179226,593,2,Home,511251,7.91,84,7945.56,2025-11-15,,Rejected,0,No,0,0,8,Savings,Yes
L01092,C11092,Delhi Central,Delhi,Delhi,Female,44,Salaried,47686,781,0,Education,146891,16.44,48,4196.11,2024-10-15,23-10-2024,Approved,146891,No,0,0,3,Current,No
L01093,C11093,Bhopal,Bhopal,Madhya Pradesh,Female,23,Salaried,28943,629,1,Personal,91858,9.32,120,1179.59,2024-05-24,,Rejected,0,No,0,0,12,Savings,No
L01094,C11094,Kolkata West,Kolkata,West Bengal,Female,21,Salaried,166540,756,3,Auto,186325,15.58,120,3072.6,2024-05-01,09-05-2024,Approved,186325,No,0,0,2,Current,Yes
L01095,C11095,Pune East,Pune,Maharashtra,Female,32,Salaried,45325,554,0,Auto,112061,8.64,36,3544.76,2024-05-15,,Rejected,0,No,0,0,11,Current,Yes
L01096,C11096,Ahmedabad,Ahmedabad,Gujarat,Male,40,Student,170043,627,0,Education,147613,12.64,48,3933.76,2024-03-15,,Rejected,0,No,0,0,11,Current,No
L01097,C11097,Mumbai South,Mumbai,Maharashtra,Female,52,Salaried,48648,671,2,Personal,44232,14.56,36,1523.8,2025-07-08,17-07-2025,Approved,44232,No,0,0,2,Current,Yes
L01098,C11098,Ahmedabad,Ahmedabad,Gujarat,Female,32,Salaried,150181,656,2,Personal,29758,11.54,180,348.39,2024-09-27,,Rejected,0,No,0,0,11,Current,Yes
L01099,C11099,Mumbai South,Mumbai,Maharashtra,Female,39,Salaried,36893,638,1,Home,453026,8.77,60,9353.59,2025-05-23,,Rejected,0,No,0,0,0,Savings,Yes
L01100,C11100,Chandigarh,Chandigarh,Chandigarh,Female,35,Self-employed,114698,800,3,Home,177703,11.63,48,4647.38,2024-05-19,27-05-2024,Approved,177703,No,0,0,5,Current,No
L01101,C11101,Delhi Central,Delhi,Delhi,Male,26,Salaried,160452,733,3,Home,221434,16.44,36,7833.15,2025-02-02,,Pending,0,No,0,0,11,Savings,No
L01102,C11102,Mumbai South,Mumbai,Maharashtra,Male,43,Self-employed,40466,787,0,Home,344931,16.27,120,5836.22,2024-07-01,,Rejected,0,No,0,0,3,Savings,No
L01103,C11103,Bengaluru East,Bengaluru,Karnataka,Female,26,Business,36434,688,3,Home,448588,8.73,36,14208.68,2024-02-03,10-02-2024,Approved,448588,No,0,0,0,Savings,No
L01104,C11104,Hyderabad Central,Hyderabad,Telangana,Male,53,Business,106856,639,4,Education,121635,10.14,180,1317.53,2024-05-24,,Rejected,0,No,0,0,14,Current,Yes
L01105,C11105,Patna,Patna,Bihar,Female,43,Salaried,92394,675,0,Personal,116036,8.29,120,1425.68,2025-06-11,,Pending,0,No,0,0,15,Savings,No
L01106,C11106,Bhopal,Bhopal,Madhya Pradesh,Male,34,Self-employed,43539,767,0,Home,173804,8.88,120,2190.4,2025-11-10,14-11-2025,Approved,173804,No,0,0,2,Current,No
L01107,C11107,Chennai North,Chennai,Tamil Nadu,Female,49,Salaried,88427,608,3,Personal,73166,15.26,120,1192.1,2025-03-21,28-03-2025,Approved,73166,No,0,0,7,Current,No
L01108,C11108,Bhubaneswar,Bhubaneswar,Odisha,Male,56,Salaried,71367,823,2,Education,80151,15.79,180,1165.46,2024-11-01,04-11-2024,Approved,80151,No,0,0,10,Current,Yes
L01109,C11109,Jaipur,Jaipur,Rajasthan,Female,38,Business,128146,627,2,Home,358176,8.94,120,4525.6,2024-07-06,,Rejected,0,No,0,0,0,Savings,No
L01110,C11110,Bhubaneswar,Bhubaneswar,Odisha,Female,27,Salaried,106126,764,0,Auto,76664,15.51,36,2676.77,2024-03-26,,Pending,0,No,0,0,14,Current,Yes
L01111,C11111,Kolkata West,Kolkata,West Bengal,Male,30,Salaried,102314,668,3,Home,518415,9.09,180,5285.9,2024-01-25,04-02-2024,Approved,518415,No,0,0,7,Current,No
L01112,C11112,Kochi,Kochi,Kerala,Male,32,Student,46677,617,1,Home,314493,14.56,120,4989.47,2024-12-31,,Pending,0,No,0,0,1,Savings,Yes
L01113,C11113,Patna,Patna,Bihar,Female,24,Salaried,54096,617,1,Business,261940,16.2,180,3883.7,2025-12-03,,Rejected,0,No,0,0,8,Current,No
L01114,C11114,Delhi Central,Delhi,Delhi,Female,39,Salaried,154056,809,0,Education,122298,9.22,48,3056.18,2025-04-19,20-04-2025,Approved,122298,No,0,0,11,Savings,Yes
L01115,C11115,Chandigarh,Chandigarh,Chandigarh,Male,24,Salaried,127936,665,1,Business,86398,9.33,120,1109.94,2024-05-01,07-05-2024,Approved,86398,No,0,0,1,Savings,No
L01116,C11116,Delhi Central,Delhi,Delhi,Female,25,Salaried,103614,792,4,Business,196067,16.41,60,4810.79,2025-09-22,25-09-2025,Approved,196067,No,0,0,11,Current,Yes
L01117,C11117,Bhubaneswar,Bhubaneswar,Odisha,Female,57,Salaried,36981,672,0,Personal,83818,12.62,120,1232.78,2024-01-14,21-01-2024,Approved,83818,No,0,0,1,Savings,No
L01118,C11118,Kochi,Kochi,Kerala,Female,51,Salaried,88343,710,3,Personal,111014,13.62,180,1450.19,2024-08-11,21-08-2024,Approved,111014,No,0,0,9,Current,Yes
L01119,C11119,Delhi Central,Delhi,Delhi,Male,46,Salaried,123822,697,2,Personal,48569,8.95,60,1007.03,2024-01-12,16-01-2024,Approved,48569,No,0,0,10,Current,Yes
L01120,C11120,Bhubaneswar,Bhubaneswar,Odisha,Female,32,Salaried,145423,554,4,Home,455194,8.05,48,11123.3,2025-11-08,,Pending,0,No,0,0,4,Savings,Yes
L01121,C11121,Hyderabad Central,Hyderabad,Telangana,Female,27,Salaried,33375,599,3,Education,36081,10.71,36,1176.3,2025-10-14,,Rejected,0,No,0,0,13,Current,Yes
L01122,C11122,Delhi Central,Delhi,Delhi,Male,28,Salaried,127913,646,3,Home,221345,13.05,36,7463.32,2024-10-15,,Pending,0,No,0,0,10,Current,No
L01123,C11123,Bhopal,Bhopal,Madhya Pradesh,Female,41,Self-employed,73776,770,4,Education,70853,9.01,36,2253.44,2024-08-24,,Pending,0,No,0,0,7,Current,Yes
L01124,C11124,Bhopal,Bhopal,Madhya Pradesh,Male,30,Salaried,117726,739,4,Home,284130,11.66,84,4964.16,2024-01-26,29-01-2024,Approved,284130,Yes,143,30024,2,Current,Yes
L01125,C11125,Chennai North,Chennai,Tamil Nadu,Male,32,Salaried,69105,791,1,Home,424953,14.57,120,6744.51,2025-08-09,,Rejected,0,No,0,0,0,Current,Yes
L01126,C11126,Ahmedabad,Ahmedabad,Gujarat,Male,28,Salaried,80426,762,4,Personal,92120,12.46,180,1133,2025-08-25,,Rejected,0,No,0,0,14,Current,Yes
L01127,C11127,Kochi,Kochi,Kerala,Male,45,Business,36654,660,2,Business,331002,12.31,180,4038.83,2025-09-10,,Rejected,0,No,0,0,2,Current,Yes
L01128,C11128,Lucknow,Lucknow,Uttar Pradesh,Female,32,Self-employed,97380,577,2,Business,243049,15.3,180,3451.76,2024-04-08,,Pending,0,No,0,0,4,Savings,No
L01129,C11129,Bengaluru East,Bengaluru,Karnataka,Male,24,Salaried,81033,624,1,Home,231520,8.03,36,7258.2,2024-10-11,16-10-2024,Approved,231520,No,0,0,4,Savings,Yes
L01130,C11130,Ahmedabad,Ahmedabad,Gujarat,Female,57,Business,76454,632,0,Auto,53419,8.65,180,530.75,2024-07-31,,Pending,0,No,0,0,8,Savings,Yes
L01131,C11131,Patna,Patna,Bihar,Male,29,Business,155554,587,0,Home,526361,9.25,48,13161.09,2025-05-30,05-06-2025,Approved,526361,No,0,0,13,Current,No
L01132,C11132,Chennai North,Chennai,Tamil Nadu,Male,24,Salaried,85505,815,3,Personal,66643,11.08,120,921.03,2024-04-08,12-04-2024,Approved,66643,No,0,0,2,Savings,Yes
L01133,C11133,Kolkata West,Kolkata,West Bengal,Male,47,Business,44405,623,4,Home,233425,12.74,120,3449.58,2024-08-11,12-08-2024,Approved,233425,No,0,0,8,Savings,No
L01134,C11134,Ahmedabad,Ahmedabad,Gujarat,Male,30,Business,78221,702,0,Personal,21833,12.01,60,485.77,2025-02-19,25-02-2025,Approved,21833,No,0,0,13,Current,No
L01135,C11135,Bhopal,Bhopal,Madhya Pradesh,Male,45,Salaried,128285,716,4,Education,77454,10.76,60,1674.78,2025-08-18,23-08-2025,Approved,77454,No,0,0,1,Current,No
L01136,C11136,Ahmedabad,Ahmedabad,Gujarat,Male,40,Business,74431,677,1,Auto,140122,7.58,180,1305.33,2025-09-11,19-09-2025,Approved,140122,No,0,0,5,Current,Yes
L01137,C11137,Ahmedabad,Ahmedabad,Gujarat,Male,26,Salaried,63497,685,1,Business,260104,15.97,120,4352.22,2025-12-13,16-12-2025,Approved,260104,No,0,0,1,Current,Yes
L01138,C11138,Kochi,Kochi,Kerala,Female,30,Business,106562,812,0,Auto,199656,13.64,60,4608.47,2024-08-13,19-08-2024,Approved,199656,No,0,0,4,Current,No
L01139,C11139,Bengaluru East,Bengaluru,Karnataka,Female,24,Salaried,86826,698,1,Business,98210,14.78,48,2722.32,2024-03-20,26-03-2024,Approved,98210,No,0,0,15,Current,Yes
L01140,C11140,Pune East,Pune,Maharashtra,Female,44,Self-employed,127342,743,4,Auto,180909,10.48,84,3048.36,2025-02-15,20-02-2025,Approved,180909,No,0,0,10,Savings,No
L01141,C11141,Chennai North,Chennai,Tamil Nadu,Female,44,Business,96002,563,4,Education,80109,16.16,36,2822.73,2025-03-17,22-03-2025,Approved,80109,Yes,75,22495,9,Current,Yes
L01142,C11142,Lucknow,Lucknow,Uttar Pradesh,Male,57,Salaried,105307,790,4,Home,329144,9.17,84,5324.06,2025-09-02,08-09-2025,Approved,329144,No,0,0,12,Current,No
L01143,C11143,Bengaluru East,Bengaluru,Karnataka,Male,36,Salaried,97399,733,4,Business,219300,9.13,36,6986.96,2024-10-19,24-10-2024,Approved,219300,No,0,0,6,Savings,Yes
L01144,C11144,Ahmedabad,Ahmedabad,Gujarat,Male,40,Self-employed,105988,740,1,Education,37318,11.58,84,650.41,2024-08-13,21-08-2024,Approved,37318,No,0,0,0,Savings,Yes
L01145,C11145,Jaipur,Jaipur,Rajasthan,Female,31,Salaried,56522,789,3,Home,442018,10.03,48,11217.09,2024-08-02,07-08-2024,Approved,442018,No,0,0,5,Current,No
L01146,C11146,Hyderabad Central,Hyderabad,Telangana,Female,52,Salaried,155343,744,1,Auto,92886,15.33,180,1321.08,2024-01-26,02-02-2024,Approved,92886,No,0,0,4,Savings,No
L01147,C11147,Jaipur,Jaipur,Rajasthan,Female,29,Business,129937,660,1,Personal,34611,10.01,36,1116.96,2025-10-23,,Rejected,0,No,0,0,11,Savings,No
L01148,C11148,Bhubaneswar,Bhubaneswar,Odisha,Male,22,Self-employed,121334,624,2,Auto,61961,7.83,48,1507.71,2025-05-10,,Pending,0,No,0,0,5,Savings,Yes
L01149,C11149,Hyderabad Central,Hyderabad,Telangana,Male,41,Salaried,76083,701,2,Home,450765,13.73,36,15347.03,2024-08-10,,Rejected,0,No,0,0,2,Current,Yes
L01150,C11150,Bhubaneswar,Bhubaneswar,Odisha,Male,33,Salaried,124112,701,4,Personal,112954,8.89,84,1811.03,2024-06-29,,Pending,0,No,0,0,0,Savings,No
L01151,C11151,Bhopal,Bhopal,Madhya Pradesh,Male,43,Salaried,122918,753,1,Business,157782,9.02,180,1602.21,2025-12-10,18-12-2025,Approved,157782,No,0,0,6,Savings,Yes
L01152,C11152,Hyderabad Central,Hyderabad,Telangana,Female,51,Business,83211,676,2,Home,268823,11.31,36,8840.44,2025-06-03,04-06-2025,Approved,268823,No,0,0,2,Savings,No
L01153,C11153,Delhi Central,Delhi,Delhi,Male,45,Business,56665,701,1,Personal,32932,7.63,36,1026.36,2024-06-08,14-06-2024,Approved,32932,No,0,0,7,Savings,Yes
L01154,C11154,Patna,Patna,Bihar,Female,48,Self-employed,93718,563,4,Business,291045,11.81,60,6446.23,2025-03-29,,Rejected,0,No,0,0,4,Savings,Yes
L01155,C11155,Chennai North,Chennai,Tamil Nadu,Male,30,Student,158263,722,4,Home,230723,10.61,180,2566.17,2025-08-02,05-08-2025,Approved,230723,No,0,0,11,Current,Yes
L01156,C11156,Ahmedabad,Ahmedabad,Gujarat,Male,60,Student,113482,693,1,Personal,26463,15.6,48,744.56,2025-10-12,,Rejected,0,No,0,0,15,Savings,Yes
L01157,C11157,Patna,Patna,Bihar,Male,55,Salaried,129023,657,0,Education,30827,11.87,60,683.71,2024-08-22,,Rejected,0,No,0,0,9,Savings,No
L01158,C11158,Bengaluru East,Bengaluru,Karnataka,Male,25,Salaried,126021,615,1,Personal,27514,12.08,60,613.15,2025-11-10,,Rejected,0,No,0,0,15,Current,No
L01159,C11159,Mumbai South,Mumbai,Maharashtra,Female,38,Self-employed,36805,655,0,Education,112078,13.44,60,2575.43,2024-03-29,03-04-2024,Approved,112078,Yes,174,44855,10,Current,No
L01160,C11160,Delhi Central,Delhi,Delhi,Male,57,Business,80448,730,4,Personal,91712,11.97,48,2413.78,2024-03-02,03-03-2024,Approved,91712,No,0,0,0,Current,Yes
L01161,C11161,Ahmedabad,Ahmedabad,Gujarat,Male,21,Salaried,155057,783,0,Home,188425,15.97,120,3152.84,2024-09-06,13-09-2024,Approved,188425,No,0,0,12,Current,No
L01162,C11162,Ahmedabad,Ahmedabad,Gujarat,Male,57,Student,149404,754,1,Home,373536,11.91,84,6575.97,2024-08-24,03-09-2024,Approved,373536,No,0,0,5,Savings,No
L01163,C11163,Chandigarh,Chandigarh,Chandigarh,Female,22,Salaried,113897,629,4,Auto,192788,11.28,48,5008.96,2025-10-14,,Pending,0,No,0,0,9,Savings,Yes
L01164,C11164,Kolkata West,Kolkata,West Bengal,Male,45,Salaried,74381,520,0,Business,383152,13.23,48,10322.8,2024-08-26,27-08-2024,Approved,383152,Yes,180,18154,11,Savings,No
L01165,C11165,Jaipur,Jaipur,Rajasthan,Female,38,Student,172597,610,2,Personal,113187,7.95,48,2760.57,2025-03-06,,Pending,0,No,0,0,14,Current,No
L01166,C11166,Hyderabad Central,Hyderabad,Telangana,Female,52,Salaried,175050,593,3,Auto,131136,15.46,36,4575.47,2025-03-05,,Rejected,0,No,0,0,12,Current,No
L01167,C11167,Kochi,Kochi,Kerala,Male,37,Self-employed,33657,741,2,Auto,173275,9.29,120,2222.26,2025-01-30,,Pending,0,No,0,0,13,Savings,No
L01168,C11168,Jaipur,Jaipur,Rajasthan,Male,28,Self-employed,173224,697,2,Home,514875,10.92,60,11174.1,2024-07-29,04-08-2024,Approved,514875,No,0,0,0,Savings,No
L01169,C11169,Pune East,Pune,Maharashtra,Male,31,Salaried,146286,649,2,Home,191084,15.18,120,3103.95,2024-10-23,,Pending,0,No,0,0,10,Current,No
L01170,C11170,Bhubaneswar,Bhubaneswar,Odisha,Female,47,Business,90015,714,2,Business,217219,15.37,60,5209.91,2024-08-14,19-08-2024,Approved,217219,No,0,0,9,Savings,No
L01171,C11171,Kolkata West,Kolkata,West Bengal,Male,59,Salaried,92758,677,1,Auto,120684,15.39,60,2895.83,2024-01-18,27-01-2024,Approved,120684,No,0,0,7,Savings,No
L01172,C11172,Lucknow,Lucknow,Uttar Pradesh,Female,29,Business,150050,765,1,Business,359539,13.28,120,5427.84,2025-08-19,,Rejected,0,No,0,0,8,Savings,Yes
L01173,C11173,Bengaluru East,Bengaluru,Karnataka,Male,21,Student,174686,666,1,Home,400996,14.36,84,7594.64,2024-11-30,09-12-2024,Approved,400996,No,0,0,9,Current,No
L01174,C11174,Pune East,Pune,Maharashtra,Female,58,Salaried,57941,698,0,Home,172497,10.22,120,2300.63,2025-03-19,,Rejected,0,No,0,0,12,Savings,Yes
L01175,C11175,Kochi,Kochi,Kerala,Male,57,Salaried,32179,762,2,Home,558307,8.53,180,5507.69,2025-04-17,24-04-2025,Approved,558307,No,0,0,12,Savings,No
L01176,C11176,Kolkata West,Kolkata,West Bengal,Female,51,Student,170588,778,3,Business,121356,15.8,120,2017.77,2024-08-11,,Pending,0,No,0,0,8,Current,No
L01177,C11177,Chennai North,Chennai,Tamil Nadu,Female,41,Salaried,83009,732,4,Auto,62598,15.47,60,1504.69,2024-07-06,13-07-2024,Approved,62598,No,0,0,4,Savings,Yes
L01178,C11178,Chennai North,Chennai,Tamil Nadu,Female,50,Salaried,94500,715,3,Home,206508,7.67,48,5009.54,2025-11-10,20-11-2025,Approved,206508,No,0,0,12,Savings,Yes
L01179,C11179,Lucknow,Lucknow,Uttar Pradesh,Female,30,Business,98552,621,0,Home,571903,13.38,180,7379.54,2025-11-09,,Pending,0,No,0,0,14,Current,Yes
L01180,C11180,Jaipur,Jaipur,Rajasthan,Female,33,Student,104193,752,1,Education,37660,8.9,120,475.03,2025-01-10,,Pending,0,No,0,0,5,Savings,No
L01181,C11181,Ahmedabad,Ahmedabad,Gujarat,Female,42,Salaried,113283,675,1,Home,219980,12.18,48,5812.38,2025-09-30,,Rejected,0,No,0,0,0,Savings,Yes
L01182,C11182,Bengaluru East,Bengaluru,Karnataka,Female,46,Business,53260,573,1,Home,155222,9.57,48,3904.85,2024-07-21,29-07-2024,Approved,155222,No,0,0,3,Current,No
L01183,C11183,Pune East,Pune,Maharashtra,Male,49,Self-employed,62222,705,2,Education,71312,9.74,180,755.02,2024-02-28,05-03-2024,Approved,71312,No,0,0,2,Savings,Yes
L01184,C11184,Kochi,Kochi,Kerala,Female,52,Salaried,32613,595,1,Home,565447,8.69,48,13988.09,2025-07-07,09-07-2025,Approved,565447,No,0,0,0,Savings,No
L01185,C11185,Kochi,Kochi,Kerala,Male,31,Business,59708,651,0,Personal,114661,11.22,60,2505.61,2025-11-07,,Rejected,0,No,0,0,14,Savings,No
L01186,C11186,Chandigarh,Chandigarh,Chandigarh,Female,41,Self-employed,133506,829,0,Auto,97940,15.83,36,3435.07,2025-01-30,08-02-2025,Approved,97940,No,0,0,14,Savings,No
L01187,C11187,Chandigarh,Chandigarh,Chandigarh,Male,42,Salaried,41800,716,0,Education,106668,14.54,60,2511.94,2025-01-29,07-02-2025,Approved,106668,No,0,0,8,Savings,Yes
L01188,C11188,Jaipur,Jaipur,Rajasthan,Male,33,Salaried,45003,745,1,Home,194321,8.27,36,6113.55,2024-05-02,11-05-2024,Approved,194321,Yes,118,90224,13,Savings,Yes
L01189,C11189,Jaipur,Jaipur,Rajasthan,Male,52,Salaried,34451,738,4,Home,204299,12.79,120,3025.15,2025-09-24,30-09-2025,Approved,204299,No,0,0,10,Savings,No
L01190,C11190,Mumbai South,Mumbai,Maharashtra,Male,32,Salaried,154035,534,3,Education,62738,9.48,84,1024.75,2024-07-05,11-07-2024,Approved,62738,No,0,0,4,Savings,Yes
L01191,C11191,Ahmedabad,Ahmedabad,Gujarat,Male,45,Business,93333,605,1,Business,80790,13.73,48,2196.78,2024-07-26,,Pending,0,No,0,0,9,Current,No
L01192,C11192,Bhubaneswar,Bhubaneswar,Odisha,Male,40,Salaried,160938,635,3,Personal,96036,15.8,36,3366.87,2024-10-04,,Rejected,0,No,0,0,5,Savings,No
L01193,C11193,Kolkata West,Kolkata,West Bengal,Female,53,Business,43709,581,1,Education,88745,11.97,120,1271.69,2025-12-19,,Pending,0,No,0,0,12,Current,Yes
L01194,C11194,Bengaluru East,Bengaluru,Karnataka,Female,47,Salaried,73493,597,3,Business,328599,10.37,48,8392.63,2024-06-12,,Pending,0,No,0,0,4,Savings,No
L01195,C11195,Mumbai South,Mumbai,Maharashtra,Female,43,Salaried,62161,703,2,Auto,91331,8.86,60,1889.68,2024-04-29,06-05-2024,Approved,91331,No,0,0,4,Current,No
L01196,C11196,Bhopal,Bhopal,Madhya Pradesh,Female,35,Salaried,146444,655,1,Auto,95183,14.94,180,1328.26,2024-10-30,02-11-2024,Approved,95183,Yes,126,4980,10,Current,Yes
L01197,C11197,Chandigarh,Chandigarh,Chandigarh,Female,27,Salaried,53041,704,0,Home,450887,12.31,48,11942.33,2025-12-22,,Rejected,0,No,0,0,2,Savings,Yes
L01198,C11198,Patna,Patna,Bihar,Male,27,Self-employed,70323,775,0,Personal,58806,12.1,36,1956.01,2025-12-29,01-01-2026,Approved,58806,No,0,0,13,Current,No
L01199,C11199,Hyderabad Central,Hyderabad,Telangana,Male,27,Self-employed,53766,636,4,Home,312164,16.4,48,8910.9,2025-11-20,27-11-2025,Approved,312164,Yes,158,130502,14,Current,Yes
L01200,C11200,Patna,Patna,Bihar,Female,54,Salaried,126637,679,3,Home,359345,14.24,180,4843.63,2024-05-01,04-05-2024,Approved,359345,No,0,0,5,Savings,Yes
L01201,C11201,Kochi,Kochi,Kerala,Female,30,Salaried,75674,714,0,Home,235508,13.01,120,3517.78,2024-08-10,,Rejected,0,No,0,0,3,Current,No
L01202,C11202,Lucknow,Lucknow,Uttar Pradesh,Male,26,Salaried,142050,744,1,Education,83248,12.79,120,1232.69,2025-09-19,28-09-2025,Approved,83248,No,0,0,5,Savings,Yes
L01203,C11203,Kochi,Kochi,Kerala,Male,24,Salaried,138243,677,1,Education,38177,7.55,48,923.97,2024-06-14,18-06-2024,Approved,38177,No,0,0,6,Savings,Yes
L01204,C11204,Pune East,Pune,Maharashtra,Male,41,Self-employed,95818,696,1,Business,203177,12.45,36,6792.14,2024-12-29,01-01-2025,Approved,203177,No,0,0,5,Savings,Yes
L01205,C11205,Jaipur,Jaipur,Rajasthan,Female,55,Business,67995,741,1,Business,172961,15.09,48,4821.53,2025-05-28,04-06-2025,Approved,172961,No,0,0,6,Savings,No
L01206,C11206,Ahmedabad,Ahmedabad,Gujarat,Male,53,Salaried,54896,584,4,Business,291020,9.09,84,4695.55,2024-04-17,26-04-2024,Approved,291020,No,0,0,3,Savings,Yes
L01207,C11207,Chennai North,Chennai,Tamil Nadu,Male,53,Self-employed,77723,779,1,Home,433411,15.14,180,6107.58,2024-08-17,20-08-2024,Approved,433411,No,0,0,2,Current,No
L01208,C11208,Kochi,Kochi,Kerala,Male,46,Student,151426,624,3,Personal,105281,7.89,180,999.45,2025-01-14,,Rejected,0,No,0,0,5,Savings,Yes
L01209,C11209,Patna,Patna,Bihar,Female,36,Self-employed,58406,615,3,Home,413804,13.75,60,9574.95,2025-08-30,,Rejected,0,No,0,0,7,Current,No
L01210,C11210,Chandigarh,Chandigarh,Chandigarh,Female,32,Business,29361,705,1,Education,79397,10.82,84,1351.97,2025-06-30,03-07-2025,Approved,79397,No,0,0,11,Savings,Yes
L01211,C11211,Pune East,Pune,Maharashtra,Female,34,Salaried,157967,567,1,Personal,49296,12.92,180,621.12,2025-03-21,,Rejected,0,No,0,0,0,Current,No
L01212,C11212,Bhubaneswar,Bhubaneswar,Odisha,Male,58,Self-employed,30891,608,3,Home,399130,8.78,120,5008.61,2025-02-25,,Rejected,0,No,0,0,9,Savings,No
L01213,C11213,Kolkata West,Kolkata,West Bengal,Female,52,Salaried,26008,601,2,Auto,180555,9.79,60,3817.63,2025-12-03,,Rejected,0,No,0,0,9,Current,No
L01214,C11214,Mumbai South,Mumbai,Maharashtra,Male,59,Self-employed,104237,659,0,Personal,51789,10.1,84,862.44,2025-06-15,,Pending,0,No,0,0,10,Savings,No
L01215,C11215,Kochi,Kochi,Kerala,Male,45,Salaried,178165,636,2,Home,467156,9,180,4738.21,2025-06-11,,Rejected,0,No,0,0,0,Current,Yes
L01216,C11216,Mumbai South,Mumbai,Maharashtra,Male,31,Salaried,145240,678,0,Personal,57994,12.48,36,1939.55,2024-01-19,,Rejected,0,No,0,0,5,Current,No
L01217,C11217,Pune East,Pune,Maharashtra,Male,35,Salaried,166459,649,0,Personal,59992,13.5,120,913.52,2025-07-18,28-07-2025,Approved,59992,No,0,0,8,Savings,No
L01218,C11218,Ahmedabad,Ahmedabad,Gujarat,Male,21,Salaried,142198,669,2,Business,104769,7.51,36,3259.45,2025-11-26,03-12-2025,Approved,104769,No,0,0,12,Savings,No
L01219,C11219,Chandigarh,Chandigarh,Chandigarh,Male,22,Self-employed,118699,665,2,Education,55111,14.93,120,886.77,2025-11-11,,Rejected,0,No,0,0,9,Current,No
L01220,C11220,Kolkata West,Kolkata,West Bengal,Male,53,Self-employed,30113,710,0,Personal,41233,11.23,180,474.63,2024-02-05,09-02-2024,Approved,41233,No,0,0,3,Savings,Yes
L01221,C11221,Hyderabad Central,Hyderabad,Telangana,Female,40,Self-employed,91077,753,0,Personal,55947,13.49,84,1032.75,2025-07-26,,Rejected,0,No,0,0,12,Current,Yes
L01222,C11222,Hyderabad Central,Hyderabad,Telangana,Male,45,Salaried,58042,759,0,Personal,65114,13,84,1184.55,2025-05-04,11-05-2025,Approved,65114,No,0,0,5,Savings,Yes
L01223,C11223,Kolkata West,Kolkata,West Bengal,Male,42,Salaried,102305,674,3,Personal,70960,10.23,60,1515.73,2025-12-02,,Rejected,0,No,0,0,11,Savings,No
L01224,C11224,Pune East,Pune,Maharashtra,Male,27,Self-employed,85754,696,4,Home,153201,11.9,36,5081.15,2024-05-20,26-05-2024,Approved,153201,No,0,0,5,Savings,Yes
L01225,C11225,Kochi,Kochi,Kerala,Male,46,Salaried,73453,842,0,Business,327621,9.63,180,3446.85,2024-05-26,03-06-2024,Approved,327621,No,0,0,13,Current,Yes
L01226,C11226,Kolkata West,Kolkata,West Bengal,Female,56,Salaried,109208,636,4,Personal,43716,12.76,60,989.31,2024-06-23,,Rejected,0,No,0,0,11,Savings,No
L01227,C11227,Mumbai South,Mumbai,Maharashtra,Female,28,Student,110902,593,3,Home,326154,15.75,120,5412.8,2025-10-14,19-10-2025,Approved,326154,No,0,0,8,Current,No
L01228,C11228,Hyderabad Central,Hyderabad,Telangana,Female,51,Salaried,120976,696,1,Personal,38500,10.18,120,512.63,2024-10-29,06-11-2024,Approved,38500,No,0,0,9,Current,Yes
L01229,C11229,Hyderabad Central,Hyderabad,Telangana,Female,59,Salaried,112390,699,0,Home,215437,12.27,84,3834.23,2024-03-26,,Rejected,0,No,0,0,2,Savings,Yes
L01230,C11230,Patna,Patna,Bihar,Male,48,Self-employed,159474,773,3,Personal,42948,14.81,120,687.91,2024-03-10,13-03-2024,Approved,42948,No,0,0,15,Savings,Yes
L01231,C11231,Hyderabad Central,Hyderabad,Telangana,Female,32,Salaried,41408,676,2,Personal,106624,9.41,60,2234.62,2024-08-19,28-08-2024,Approved,106624,Yes,161,36996,3,Current,No
L01232,C11232,Chandigarh,Chandigarh,Chandigarh,Female,33,Salaried,125012,722,3,Home,401233,11.48,84,6971.77,2024-06-15,22-06-2024,Approved,401233,No,0,0,2,Current,Yes
L01233,C11233,Chennai North,Chennai,Tamil Nadu,Female,29,Business,175887,687,3,Home,329020,7.97,120,3986.71,2025-08-11,12-08-2025,Approved,329020,No,0,0,3,Savings,No
L01234,C11234,Jaipur,Jaipur,Rajasthan,Male,57,Salaried,86329,757,2,Home,519241,8.26,120,6371.39,2025-02-23,28-02-2025,Approved,519241,No,0,0,5,Current,No
L01235,C11235,Hyderabad Central,Hyderabad,Telangana,Female,60,Self-employed,145015,624,4,Business,274476,14.91,84,5282.65,2024-12-02,,Rejected,0,No,0,0,11,Savings,Yes
L01236,C11236,Patna,Patna,Bihar,Male,32,Salaried,140633,652,4,Personal,90623,12.98,180,1145.41,2025-10-08,,Rejected,0,No,0,0,4,Current,Yes
L01237,C11237,Chandigarh,Chandigarh,Chandigarh,Female,26,Salaried,111026,690,2,Business,131842,14.61,48,3643.25,2025-03-11,14-03-2025,Approved,131842,No,0,0,12,Savings,Yes
L01238,C11238,Bengaluru East,Bengaluru,Karnataka,Male,22,Salaried,156800,604,2,Education,141269,12.33,36,4714.45,2025-08-14,22-08-2025,Approved,141269,No,0,0,2,Current,No
L01239,C11239,Kolkata West,Kolkata,West Bengal,Male,22,Business,175171,661,0,Personal,95640,7.92,60,1935.57,2024-05-31,07-06-2024,Approved,95640,No,0,0,6,Savings,No
L01240,C11240,Mumbai South,Mumbai,Maharashtra,Female,53,Salaried,30417,659,3,Business,86233,14.42,180,1172.84,2024-11-22,29-11-2024,Approved,86233,Yes,61,7986,7,Savings,Yes
L01241,C11241,Chennai North,Chennai,Tamil Nadu,Male,57,Student,105576,783,2,Home,529326,11.34,120,7393.71,2024-03-01,07-03-2024,Approved,529326,No,0,0,3,Savings,Yes
L01242,C11242,Hyderabad Central,Hyderabad,Telangana,Female,24,Self-employed,103469,794,1,Education,57077,11.1,60,1243.84,2025-12-14,23-12-2025,Approved,57077,No,0,0,12,Current,Yes
L01243,C11243,Bhubaneswar,Bhubaneswar,Odisha,Female,26,Salaried,116404,595,4,Home,335194,9.68,120,4370.43,2024-03-02,,Rejected,0,No,0,0,10,Current,No
L01244,C11244,Mumbai South,Mumbai,Maharashtra,Female,39,Salaried,89568,684,0,Auto,151144,14.88,48,4197.26,2025-08-21,24-08-2025,Approved,151144,No,0,0,3,Savings,No
L01245,C11245,Hyderabad Central,Hyderabad,Telangana,Male,46,Student,36164,618,1,Personal,43817,11.61,48,1145.5,2025-07-11,,Rejected,0,No,0,0,12,Current,Yes
L01246,C11246,Pune East,Pune,Maharashtra,Male,39,Salaried,46550,577,3,Education,63610,8.12,180,612.31,2025-11-30,,Rejected,0,No,0,0,1,Savings,No
L01247,C11247,Pune East,Pune,Maharashtra,Male,42,Salaried,103541,643,2,Business,99646,9.2,120,1273.08,2025-07-13,21-07-2025,Approved,99646,No,0,0,0,Current,Yes
L01248,C11248,Jaipur,Jaipur,Rajasthan,Female,34,Salaried,158460,719,0,Home,285876,13.59,84,5292.78,2024-04-28,08-05-2024,Approved,285876,No,0,0,10,Savings,Yes
L01249,C11249,Kolkata West,Kolkata,West Bengal,Female,57,Self-employed,134678,635,4,Auto,50942,12.63,48,1357.31,2025-06-01,,Rejected,0,No,0,0,8,Current,No
L01250,C11250,Patna,Patna,Bihar,Female,43,Salaried,87162,691,2,Personal,79464,8.72,84,1267.24,2024-05-06,10-05-2024,Approved,79464,Yes,138,36228,3,Savings,No
L01251,C11251,Patna,Patna,Bihar,Female,23,Salaried,79595,590,0,Personal,46941,12.44,84,839.72,2025-10-29,,Rejected,0,No,0,0,7,Savings,Yes
L01252,C11252,Ahmedabad,Ahmedabad,Gujarat,Female,51,Salaried,90816,626,0,Home,154419,12.95,120,2301.09,2024-04-25,,Pending,0,No,0,0,11,Savings,No
L01253,C11253,Delhi Central,Delhi,Delhi,Male,55,Salaried,59928,618,0,Business,115557,13.4,48,3123.1,2024-08-26,,Pending,0,No,0,0,1,Current,No
L01254,C11254,Jaipur,Jaipur,Rajasthan,Male,21,Salaried,98268,790,0,Home,520816,13.71,180,6834.74,2025-08-28,02-09-2025,Approved,520816,No,0,0,6,Savings,No
L01255,C11255,Pune East,Pune,Maharashtra,Male,56,Business,40596,609,2,Home,482551,15.81,48,13628.72,2024-10-10,,Rejected,0,No,0,0,14,Savings,No
L01256,C11256,Bengaluru East,Bengaluru,Karnataka,Female,37,Self-employed,175558,613,3,Home,243038,10.86,84,4143.53,2024-11-01,,Rejected,0,No,0,0,5,Current,Yes
L01257,C11257,Hyderabad Central,Hyderabad,Telangana,Male,32,Salaried,53280,594,0,Home,350577,12.23,36,11682.72,2025-12-05,,Rejected,0,No,0,0,1,Current,Yes
L01258,C11258,Bengaluru East,Bengaluru,Karnataka,Female,49,Business,69521,669,0,Business,159401,14.51,36,5487.52,2025-08-31,04-09-2025,Approved,159401,No,0,0,13,Savings,Yes
L01259,C11259,Kolkata West,Kolkata,West Bengal,Female,33,Salaried,167528,681,3,Personal,61024,7.77,36,1905.8,2025-05-21,27-05-2025,Approved,61024,No,0,0,0,Savings,No
L01260,C11260,Chennai North,Chennai,Tamil Nadu,Female,26,Salaried,34072,685,3,Home,199033,8.48,120,2465.6,2025-01-24,02-02-2025,Approved,199033,No,0,0,2,Current,No
L01261,C11261,Bengaluru East,Bengaluru,Karnataka,Male,28,Salaried,91554,626,2,Education,133854,8.51,84,2120.45,2024-04-23,,Rejected,0,No,0,0,2,Current,Yes
L01262,C11262,Jaipur,Jaipur,Rajasthan,Female,40,Salaried,39101,834,1,Education,129559,10.21,48,3299.03,2024-07-07,09-07-2024,Approved,129559,No,0,0,0,Savings,No
L01263,C11263,Bengaluru East,Bengaluru,Karnataka,Male,58,Salaried,46569,761,0,Auto,129977,14.18,84,2448.71,2025-04-30,,Rejected,0,No,0,0,12,Savings,Yes
L01264,C11264,Chandigarh,Chandigarh,Chandigarh,Male,47,Business,117568,778,2,Home,218445,11.73,36,7227.36,2025-10-29,03-11-2025,Approved,218445,No,0,0,0,Savings,No
L01265,C11265,Pune East,Pune,Maharashtra,Female,58,Salaried,54346,662,0,Auto,78951,10.38,120,1060.03,2025-08-18,,Pending,0,No,0,0,2,Savings,No
L01266,C11266,Lucknow,Lucknow,Uttar Pradesh,Female,39,Business,165472,715,3,Home,441505,11.35,120,6169.53,2025-11-21,25-11-2025,Approved,441505,No,0,0,1,Savings,No
L01267,C11267,Hyderabad Central,Hyderabad,Telangana,Female,37,Salaried,85482,595,0,Business,137428,12.65,84,2474.01,2024-10-25,,Rejected,0,No,0,0,4,Savings,No
L01268,C11268,Hyderabad Central,Hyderabad,Telangana,Male,24,Salaried,163696,728,1,Personal,115730,13.13,48,3112.22,2024-11-29,,Pending,0,No,0,0,8,Current,No
L01269,C11269,Hyderabad Central,Hyderabad,Telangana,Female,23,Salaried,55741,719,3,Personal,76582,9.19,180,785.43,2024-01-10,13-01-2024,Approved,76582,No,0,0,15,Savings,Yes
L01270,C11270,Pune East,Pune,Maharashtra,Female,21,Self-employed,82096,850,0,Home,159528,12.44,84,2853.78,2024-09-11,18-09-2024,Approved,159528,No,0,0,3,Savings,Yes
L01271,C11271,Lucknow,Lucknow,Uttar Pradesh,Male,28,Salaried,131481,694,0,Personal,118693,14.17,48,3253.59,2024-08-28,05-09-2024,Approved,118693,No,0,0,14,Current,Yes
L01272,C11272,Ahmedabad,Ahmedabad,Gujarat,Male,55,Self-employed,113300,675,2,Personal,30774,15.99,120,515.31,2025-03-11,16-03-2025,Approved,30774,No,0,0,1,Savings,Yes
L01273,C11273,Bhubaneswar,Bhubaneswar,Odisha,Female,35,Salaried,56127,776,1,Business,123244,15.87,120,2054.53,2024-03-28,07-04-2024,Approved,123244,No,0,0,11,Current,No
L01274,C11274,Lucknow,Lucknow,Uttar Pradesh,Male,57,Student,106014,618,1,Business,179149,13.22,180,2292.66,2024-01-13,17-01-2024,Approved,179149,No,0,0,7,Current,No
L01275,C11275,Ahmedabad,Ahmedabad,Gujarat,Male,49,Salaried,175668,648,4,Business,223307,15.27,84,4343,2025-03-28,29-03-2025,Approved,223307,Yes,170,36162,8,Savings,Yes
L01276,C11276,Kochi,Kochi,Kerala,Male,53,Salaried,61116,656,1,Personal,98179,15.8,60,2377.1,2024-01-02,09-01-2024,Approved,98179,No,0,0,11,Savings,No
L01277,C11277,Hyderabad Central,Hyderabad,Telangana,Female,29,Salaried,118981,660,2,Home,266533,10.6,84,4507.83,2024-01-18,20-01-2024,Approved,266533,No,0,0,3,Savings,No
L01278,C11278,Mumbai South,Mumbai,Maharashtra,Male,47,Self-employed,71318,655,2,Personal,22346,10.08,84,371.89,2024-04-27,,Rejected,0,No,0,0,1,Current,Yes
L01279,C11279,Chennai North,Chennai,Tamil Nadu,Male,37,Salaried,31168,724,1,Personal,80067,8.28,36,2519.36,2024-06-28,01-07-2024,Approved,80067,No,0,0,13,Savings,No
L01280,C11280,Mumbai South,Mumbai,Maharashtra,Male,22,Business,94334,702,4,Education,31511,11.98,84,555.92,2025-03-21,,Rejected,0,No,0,0,7,Current,No
L01281,C11281,Ahmedabad,Ahmedabad,Gujarat,Male,40,Business,62834,762,1,Business,237205,10.95,36,7760.17,2024-04-19,25-04-2024,Approved,237205,No,0,0,11,Current,Yes
L01282,C11282,Kochi,Kochi,Kerala,Female,52,Self-employed,93019,680,1,Personal,75293,8.25,84,1182.93,2025-07-01,07-07-2025,Approved,75293,No,0,0,4,Current,Yes
L01283,C11283,Ahmedabad,Ahmedabad,Gujarat,Female,21,Salaried,134656,670,2,Business,289814,16.07,48,8223.8,2024-10-09,,Pending,0,No,0,0,14,Current,No
L01284,C11284,Lucknow,Lucknow,Uttar Pradesh,Female,60,Salaried,147442,623,0,Auto,65752,13.25,60,1504.49,2024-01-16,18-01-2024,Approved,65752,No,0,0,9,Current,No
L01285,C11285,Bengaluru East,Bengaluru,Karnataka,Male,36,Salaried,96270,712,2,Education,145173,14.15,84,2732.59,2025-07-14,16-07-2025,Approved,145173,No,0,0,10,Current,No
L01286,C11286,Kolkata West,Kolkata,West Bengal,Female,31,Salaried,175688,634,1,Home,359541,13.44,60,8261.87,2024-10-16,,Rejected,0,No,0,0,2,Savings,Yes
L01287,C11287,Chandigarh,Chandigarh,Chandigarh,Female,33,Salaried,46052,613,0,Business,304937,9.6,48,7675.54,2024-12-11,,Rejected,0,No,0,0,9,Savings,Yes
L01288,C11288,Lucknow,Lucknow,Uttar Pradesh,Female,58,Self-employed,165729,674,0,Business,292416,9.84,36,9413.49,2024-12-21,,Rejected,0,No,0,0,3,Savings,Yes
L01289,C11289,Mumbai South,Mumbai,Maharashtra,Male,44,Salaried,98129,787,1,Business,142109,13.87,36,4847.98,2024-11-14,23-11-2024,Approved,142109,No,0,0,7,Current,Yes
L01290,C11290,Mumbai South,Mumbai,Maharashtra,Female,24,Student,78119,745,1,Home,516407,9.31,120,6628.58,2025-04-02,12-04-2025,Approved,516407,No,0,0,1,Savings,Yes
L01291,C11291,Bhopal,Bhopal,Madhya Pradesh,Female,23,Self-employed,80012,641,0,Home,543327,13.71,180,7130.16,2024-04-11,,Rejected,0,No,0,0,14,Current,Yes
L01292,C11292,Bhopal,Bhopal,Madhya Pradesh,Male,45,Self-employed,65786,847,2,Auto,63350,14,60,1474.04,2024-04-10,15-04-2024,Approved,63350,No,0,0,14,Current,No
L01293,C11293,Bhubaneswar,Bhubaneswar,Odisha,Male,28,Salaried,139700,655,1,Education,32966,11.75,48,864.08,2025-07-25,02-08-2025,Approved,32966,No,0,0,0,Current,Yes
L01294,C11294,Bhopal,Bhopal,Madhya Pradesh,Female,59,Self-employed,84427,743,3,Home,367842,8.45,36,11603.35,2025-07-19,21-07-2025,Approved,367842,No,0,0,15,Savings,Yes
L01295,C11295,Bhubaneswar,Bhubaneswar,Odisha,Male,59,Self-employed,179161,644,3,Personal,35809,12.32,84,638.27,2024-12-12,,Rejected,0,No,0,0,1,Current,No
L01296,C11296,Lucknow,Lucknow,Uttar Pradesh,Male,21,Salaried,100181,638,4,Home,528952,13.95,60,12294.08,2024-12-26,,Rejected,0,No,0,0,1,Savings,Yes
L01297,C11297,Chandigarh,Chandigarh,Chandigarh,Female,39,Salaried,60377,706,1,Home,582139,8.59,120,7245.74,2024-02-08,,Rejected,0,No,0,0,12,Current,No
L01298,C11298,Patna,Patna,Bihar,Female,37,Salaried,148773,758,0,Personal,77997,13.64,60,1800.33,2024-03-08,10-03-2024,Approved,77997,No,0,0,11,Savings,Yes
L01299,C11299,Pune East,Pune,Maharashtra,Male,28,Self-employed,103169,720,0,Personal,21264,9.46,60,446.17,2024-02-17,,Pending,0,No,0,0,8,Savings,No
L01300,C11300,Patna,Patna,Bihar,Male,28,Business,83230,627,4,Home,434074,15.2,120,7056.39,2024-03-08,09-03-2024,Approved,434074,No,0,0,3,Current,Yes
L01301,C11301,Patna,Patna,Bihar,Male,41,Self-employed,37281,730,0,Personal,114331,10.78,180,1283.73,2025-07-17,,Pending,0,No,0,0,9,Current,Yes
L01302,C11302,Chennai North,Chennai,Tamil Nadu,Female,35,Salaried,48780,743,0,Home,158952,14.88,60,3771.45,2025-05-25,28-05-2025,Approved,158952,No,0,0,13,Savings,No
L01303,C11303,Jaipur,Jaipur,Rajasthan,Male,56,Salaried,54141,768,3,Business,252761,14.76,48,7003.82,2024-08-27,06-09-2024,Approved,252761,No,0,0,3,Current,No
L01304,C11304,Hyderabad Central,Hyderabad,Telangana,Male,45,Self-employed,36957,780,4,Personal,49764,14.11,36,1703.48,2024-06-06,11-06-2024,Approved,49764,No,0,0,11,Current,No
L01305,C11305,Bhopal,Bhopal,Madhya Pradesh,Female,50,Salaried,118874,719,3,Home,583539,12,36,19381.85,2025-01-05,10-01-2025,Approved,583539,No,0,0,15,Savings,No
L01306,C11306,Chandigarh,Chandigarh,Chandigarh,Male,34,Salaried,108374,702,2,Business,357912,7.64,48,8677.32,2025-03-28,30-03-2025,Approved,357912,No,0,0,10,Current,Yes
L01307,C11307,Ahmedabad,Ahmedabad,Gujarat,Male,31,Business,112118,682,4,Personal,39333,15.54,48,1105.46,2025-07-22,27-07-2025,Approved,39333,No,0,0,14,Current,No
L01308,C11308,Hyderabad Central,Hyderabad,Telangana,Male,21,Salaried,123893,806,1,Home,185440,15.24,180,2625.94,2024-07-30,,Pending,0,No,0,0,6,Current,No
L01309,C11309,Ahmedabad,Ahmedabad,Gujarat,Male,43,Business,82118,748,4,Education,109610,7.97,180,1045.59,2025-12-11,16-12-2025,Approved,109610,No,0,0,12,Savings,Yes
L01310,C11310,Delhi Central,Delhi,Delhi,Female,44,Self-employed,93080,643,0,Personal,23329,13.69,120,357.89,2024-05-28,,Rejected,0,No,0,0,13,Savings,No
L01311,C11311,Kolkata West,Kolkata,West Bengal,Female,48,Student,27315,648,2,Personal,27572,14.13,120,430.26,2025-09-01,,Pending,0,No,0,0,15,Current,No
L01312,C11312,Hyderabad Central,Hyderabad,Telangana,Male,48,Self-employed,178798,787,0,Home,559603,12.24,48,14802.52,2024-07-04,11-07-2024,Approved,559603,No,0,0,4,Current,Yes
L01313,C11313,Bengaluru East,Bengaluru,Karnataka,Male,32,Salaried,63594,657,0,Education,138807,10.84,84,2365.05,2025-03-12,20-03-2025,Approved,138807,No,0,0,5,Savings,No
L01314,C11314,Bengaluru East,Bengaluru,Karnataka,Female,28,Salaried,169831,693,3,Auto,110998,7.79,48,2698.86,2024-04-16,,Rejected,0,No,0,0,0,Savings,Yes
L01315,C11315,Bengaluru East,Bengaluru,Karnataka,Male,32,Business,174065,693,2,Home,358415,9.92,36,11551.59,2024-03-03,04-03-2024,Approved,358415,No,0,0,14,Current,Yes
L01316,C11316,Bhubaneswar,Bhubaneswar,Odisha,Male,26,Salaried,75860,678,3,Business,100624,15.49,180,1442.24,2024-01-12,,Pending,0,No,0,0,9,Savings,Yes
L01317,C11317,Bengaluru East,Bengaluru,Karnataka,Female,50,Salaried,98311,654,0,Business,310985,8.94,60,6446.49,2025-03-30,03-04-2025,Approved,310985,No,0,0,0,Savings,Yes
L01318,C11318,Kochi,Kochi,Kerala,Female,41,Salaried,65966,724,2,Auto,194190,10.43,180,2138.15,2025-09-10,20-09-2025,Approved,194190,No,0,0,14,Savings,No
L01319,C11319,Bengaluru East,Bengaluru,Karnataka,Male,31,Self-employed,55899,711,0,Home,554962,12.57,84,9966.57,2024-03-01,08-03-2024,Approved,554962,No,0,0,14,Current,No
L01320,C11320,Patna,Patna,Bihar,Male,50,Self-employed,169956,645,2,Personal,46923,12.79,60,1062.6,2025-09-30,,Rejected,0,No,0,0,11,Savings,No
L01321,C11321,Kochi,Kochi,Kerala,Male,53,Self-employed,138993,688,3,Business,296417,15.12,36,10292.82,2024-06-22,23-06-2024,Approved,296417,No,0,0,3,Savings,Yes
L01322,C11322,Bengaluru East,Bengaluru,Karnataka,Male,25,Self-employed,103457,694,1,Auto,123267,9.83,120,1617.4,2024-02-05,08-02-2024,Approved,123267,No,0,0,11,Savings,Yes
L01323,C11323,Chennai North,Chennai,Tamil Nadu,Male,21,Student,89141,677,2,Business,253741,10.6,36,8259.17,2024-04-26,30-04-2024,Approved,253741,No,0,0,9,Current,Yes
L01324,C11324,Chennai North,Chennai,Tamil Nadu,Female,58,Salaried,170328,705,4,Home,560710,9.37,48,14052.01,2024-09-08,11-09-2024,Approved,560710,No,0,0,7,Current,Yes
L01325,C11325,Kolkata West,Kolkata,West Bengal,Female,29,Salaried,165877,778,4,Business,200843,8.6,60,4130.29,2024-10-03,13-10-2024,Approved,200843,No,0,0,10,Current,No
L01326,C11326,Bhubaneswar,Bhubaneswar,Odisha,Male,24,Salaried,88629,705,3,Personal,29863,11.83,60,661.72,2025-08-25,28-08-2025,Approved,29863,Yes,33,12580,5,Current,Yes
L01327,C11327,Kolkata West,Kolkata,West Bengal,Male,49,Salaried,50634,652,3,Home,270103,8.4,60,5528.57,2024-08-25,,Rejected,0,No,0,0,4,Current,No
L01328,C11328,Jaipur,Jaipur,Rajasthan,Female,30,Business,158351,667,3,Home,203941,15.58,48,5735.97,2025-12-19,29-12-2025,Approved,203941,No,0,0,14,Savings,Yes
L01329,C11329,Delhi Central,Delhi,Delhi,Male,55,Self-employed,107681,729,1,Home,205519,8.07,180,1972.36,2024-08-23,,Rejected,0,No,0,0,11,Savings,No
L01330,C11330,Mumbai South,Mumbai,Maharashtra,Female,34,Business,61588,650,0,Auto,77542,10.2,180,842.78,2024-02-20,28-02-2024,Approved,77542,No,0,0,14,Savings,No
L01331,C11331,Jaipur,Jaipur,Rajasthan,Male,44,Business,90883,715,0,Personal,50967,13.87,60,1182.48,2025-10-05,,Rejected,0,No,0,0,10,Savings,Yes
L01332,C11332,Kochi,Kochi,Kerala,Male,40,Self-employed,151642,658,3,Home,408321,13.21,120,6147.35,2024-07-22,,Pending,0,No,0,0,7,Savings,No
L01333,C11333,Pune East,Pune,Maharashtra,Male,43,Self-employed,39984,729,4,Auto,163584,9.97,120,2159.06,2024-12-07,13-12-2024,Approved,163584,No,0,0,6,Savings,No
L01334,C11334,Kochi,Kochi,Kerala,Female,51,Salaried,70062,757,0,Education,64881,11.08,48,1679.41,2025-11-05,08-11-2025,Approved,64881,No,0,0,6,Current,No
L01335,C11335,Mumbai South,Mumbai,Maharashtra,Female,31,Business,70249,716,0,Personal,66224,14.06,180,884.6,2025-10-12,17-10-2025,Approved,66224,No,0,0,13,Savings,No
L01336,C11336,Bhubaneswar,Bhubaneswar,Odisha,Male,21,Salaried,69440,749,1,Home,293406,8.28,120,3603.38,2025-08-10,11-08-2025,Approved,293406,No,0,0,13,Current,Yes
L01337,C11337,Patna,Patna,Bihar,Female,23,Salaried,129464,846,2,Education,36896,16.17,60,900.58,2025-03-16,18-03-2025,Approved,36896,No,0,0,9,Savings,Yes
L01338,C11338,Kochi,Kochi,Kerala,Male,60,Salaried,47125,690,4,Home,344372,14.37,120,5423.82,2025-09-26,29-09-2025,Approved,344372,No,0,0,14,Savings,Yes
L01339,C11339,Kolkata West,Kolkata,West Bengal,Male,45,Self-employed,37262,677,4,Home,404727,13.43,60,9298.12,2025-02-13,15-02-2025,Approved,404727,No,0,0,13,Savings,No
L01340,C11340,Ahmedabad,Ahmedabad,Gujarat,Male,46,Salaried,162814,697,2,Home,450124,10.43,84,7572.98,2024-06-26,03-07-2024,Approved,450124,Yes,138,76867,7,Savings,Yes
L01341,C11341,Patna,Patna,Bihar,Male,47,Salaried,92888,683,3,Home,254883,13.94,84,4768.07,2024-12-23,28-12-2024,Approved,254883,No,0,0,6,Current,Yes
L01342,C11342,Jaipur,Jaipur,Rajasthan,Female,45,Salaried,149940,720,3,Business,96591,11.3,180,1116.11,2024-08-01,11-08-2024,Approved,96591,No,0,0,1,Current,No
L01343,C11343,Bhopal,Bhopal,Madhya Pradesh,Male,51,Salaried,114176,761,0,Business,339215,13.08,120,5080.86,2024-07-12,15-07-2024,Approved,339215,Yes,73,75243,7,Current,No
L01344,C11344,Hyderabad Central,Hyderabad,Telangana,Female,25,Self-employed,69097,742,1,Home,374605,14.53,48,10336.51,2025-05-28,07-06-2025,Approved,374605,No,0,0,0,Savings,No
L01345,C11345,Patna,Patna,Bihar,Female,55,Salaried,84085,604,3,Auto,60869,10.03,84,1011.44,2024-06-26,03-07-2024,Approved,60869,No,0,0,8,Savings,Yes
L01346,C11346,Delhi Central,Delhi,Delhi,Female,35,Salaried,113399,771,2,Personal,55116,9.07,84,888.72,2024-10-12,22-10-2024,Approved,55116,No,0,0,1,Savings,No
L01347,C11347,Lucknow,Lucknow,Uttar Pradesh,Male,37,Business,38083,644,3,Education,68482,9.5,120,886.14,2025-06-19,23-06-2025,Approved,68482,No,0,0,12,Current,Yes
L01348,C11348,Lucknow,Lucknow,Uttar Pradesh,Female,43,Self-employed,92215,817,3,Education,47219,13.61,84,874.74,2024-08-27,29-08-2024,Approved,47219,No,0,0,9,Savings,No
L01349,C11349,Patna,Patna,Bihar,Male,24,Salaried,149617,727,0,Home,421069,10.27,36,13640.15,2025-12-15,24-12-2025,Approved,421069,No,0,0,9,Savings,No
L01350,C11350,Ahmedabad,Ahmedabad,Gujarat,Female,23,Salaried,34569,670,1,Education,88223,9.9,84,1460.05,2025-08-29,02-09-2025,Approved,88223,Yes,153,42245,14,Savings,Yes
L01351,C11351,Patna,Patna,Bihar,Female,51,Business,56520,653,1,Personal,82308,15.7,180,1191.69,2024-10-14,,Rejected,0,No,0,0,0,Current,No
L01352,C11352,Pune East,Pune,Maharashtra,Male,53,Self-employed,37239,678,3,Personal,46902,12.65,48,1250.13,2024-11-07,10-11-2024,Approved,46902,No,0,0,15,Current,Yes
L01353,C11353,Kochi,Kochi,Kerala,Female,41,Self-employed,104346,655,0,Auto,65383,9.86,120,858.98,2025-03-08,,Rejected,0,No,0,0,2,Current,No
L01354,C11354,Delhi Central,Delhi,Delhi,Female,46,Salaried,41041,673,0,Personal,41346,12.7,180,514.99,2024-01-16,26-01-2024,Approved,41346,No,0,0,2,Savings,No
L01355,C11355,Mumbai South,Mumbai,Maharashtra,Male,47,Business,78496,697,0,Personal,20796,12.31,60,465.86,2025-09-17,24-09-2025,Approved,20796,No,0,0,5,Savings,Yes
L01356,C11356,Kochi,Kochi,Kerala,Male,26,Business,87234,639,2,Personal,103851,12.91,36,3494.65,2024-04-25,05-05-2024,Approved,103851,No,0,0,13,Current,Yes
L01357,C11357,Ahmedabad,Ahmedabad,Gujarat,Male,25,Business,166192,685,2,Business,358135,8.96,60,7427.34,2024-08-25,03-09-2024,Approved,358135,No,0,0,8,Savings,Yes
L01358,C11358,Kochi,Kochi,Kerala,Male,25,Salaried,166237,691,0,Personal,85797,15.24,36,2984.27,2025-01-30,04-02-2025,Approved,85797,No,0,0,3,Current,Yes
L01359,C11359,Mumbai South,Mumbai,Maharashtra,Female,37,Self-employed,177284,780,4,Home,150772,9.3,84,2448.8,2024-02-17,18-02-2024,Approved,150772,No,0,0,4,Current,No
L01360,C11360,Delhi Central,Delhi,Delhi,Female,24,Salaried,159526,641,4,Home,485870,15.58,36,16981.17,2025-04-10,13-04-2025,Approved,485870,No,0,0,13,Savings,No
L01361,C11361,Patna,Patna,Bihar,Female,54,Salaried,32914,682,1,Personal,106477,12.72,60,2407.44,2025-08-01,09-08-2025,Approved,106477,No,0,0,2,Savings,No
L01362,C11362,Lucknow,Lucknow,Uttar Pradesh,Male,48,Self-employed,54447,678,4,Business,281787,15.23,48,7875.24,2025-04-28,01-05-2025,Approved,281787,Yes,38,139036,4,Savings,Yes
L01363,C11363,Kolkata West,Kolkata,West Bengal,Male,50,Salaried,70935,763,2,Home,264474,10.43,120,3558.32,2025-01-25,28-01-2025,Approved,264474,No,0,0,10,Current,Yes
L01364,C11364,Mumbai South,Mumbai,Maharashtra,Male,21,Business,102394,687,1,Home,494787,15.39,48,13868.31,2025-02-21,03-03-2025,Approved,494787,Yes,69,116826,14,Current,Yes
L01365,C11365,Delhi Central,Delhi,Delhi,Male,56,Self-employed,174389,565,0,Home,347511,13.34,84,6386.32,2024-01-01,06-01-2024,Approved,347511,No,0,0,10,Savings,No
L01366,C11366,Delhi Central,Delhi,Delhi,Female,43,Salaried,136388,729,2,Personal,30375,13.8,84,565.88,2025-01-11,16-01-2025,Approved,30375,No,0,0,7,Current,No
L01367,C11367,Patna,Patna,Bihar,Male,28,Salaried,174410,611,4,Personal,113362,11.1,48,2935.41,2024-07-21,,Pending,0,No,0,0,7,Current,Yes
L01368,C11368,Ahmedabad,Ahmedabad,Gujarat,Female,50,Business,163658,714,3,Home,188634,8.66,120,2354.96,2024-11-13,21-11-2024,Approved,188634,No,0,0,5,Savings,Yes
L01369,C11369,Hyderabad Central,Hyderabad,Telangana,Male,59,Salaried,73370,726,4,Home,351238,11.25,36,11540.71,2025-04-09,,Pending,0,No,0,0,13,Savings,Yes
L01370,C11370,Bhubaneswar,Bhubaneswar,Odisha,Female,45,Business,179667,752,4,Auto,90454,12.79,180,1131.99,2025-09-09,18-09-2025,Approved,90454,No,0,0,10,Current,No
L01371,C11371,Lucknow,Lucknow,Uttar Pradesh,Female,52,Salaried,74097,605,0,Personal,52382,9.79,48,1323.27,2024-02-20,,Rejected,0,No,0,0,8,Savings,Yes
L01372,C11372,Pune East,Pune,Maharashtra,Male,59,Salaried,74702,777,4,Home,216088,11.12,36,7086.73,2024-01-05,,Rejected,0,No,0,0,9,Current,Yes
L01373,C11373,Chandigarh,Chandigarh,Chandigarh,Female,46,Salaried,42652,747,1,Business,229025,14.08,120,3567.01,2024-03-13,15-03-2024,Approved,229025,Yes,162,129946,10,Savings,No
L01374,C11374,Bengaluru East,Bengaluru,Karnataka,Male,58,Business,138974,673,2,Education,80298,10.17,180,871.26,2025-11-14,,Pending,0,No,0,0,4,Current,Yes
L01375,C11375,Pune East,Pune,Maharashtra,Male,24,Salaried,86219,663,4,Business,303674,11.35,36,9992.31,2025-09-29,,Pending,0,No,0,0,12,Savings,Yes
L01376,C11376,Chandigarh,Chandigarh,Chandigarh,Female,46,Salaried,26130,733,0,Personal,67775,9.71,36,2177.69,2025-04-04,11-04-2025,Approved,67775,No,0,0,13,Current,No
L01377,C11377,Bengaluru East,Bengaluru,Karnataka,Female,21,Salaried,105570,654,1,Personal,29508,13.41,84,543.41,2025-11-07,14-11-2025,Approved,29508,Yes,43,16259,15,Current,Yes
L01378,C11378,Chandigarh,Chandigarh,Chandigarh,Male,25,Salaried,116648,692,0,Home,195173,14.32,180,2641.29,2024-07-02,,Pending,0,No,0,0,4,Current,Yes
L01379,C11379,Kolkata West,Kolkata,West Bengal,Male,54,Salaried,80041,646,1,Education,141645,16.47,60,3480,2025-04-04,14-04-2025,Approved,141645,Yes,99,64668,13,Savings,No
L01380,C11380,Kochi,Kochi,Kerala,Female,29,Self-employed,107631,701,0,Business,82693,13.73,84,1537.36,2025-02-27,09-03-2025,Approved,82693,Yes,150,41279,1,Current,Yes
L01381,C11381,Jaipur,Jaipur,Rajasthan,Male,31,Self-employed,115993,747,1,Business,99419,12.95,36,3347.43,2025-07-25,03-08-2025,Approved,99419,Yes,118,35691,2,Savings,No
L01382,C11382,Bhubaneswar,Bhubaneswar,Odisha,Female,37,Salaried,127865,720,2,Home,499388,8.55,84,7921.11,2024-02-18,26-02-2024,Approved,499388,Yes,102,5928,7,Savings,No
L01383,C11383,Pune East,Pune,Maharashtra,Female,28,Salaried,29816,742,4,Home,192695,14.74,36,6655.33,2025-11-28,05-12-2025,Approved,192695,No,0,0,5,Savings,Yes
L01384,C11384,Lucknow,Lucknow,Uttar Pradesh,Female,55,Business,98059,688,0,Auto,190031,12.36,48,5037.9,2025-02-05,15-02-2025,Approved,190031,No,0,0,2,Current,No
L01385,C11385,Kochi,Kochi,Kerala,Female,59,Salaried,78404,678,3,Home,179094,15.89,120,2987.79,2025-04-24,25-04-2025,Approved,179094,No,0,0,1,Current,No
L01386,C11386,Delhi Central,Delhi,Delhi,Female,23,Business,35754,626,0,Auto,74289,12.37,180,909.35,2025-12-10,,Rejected,0,No,0,0,9,Savings,Yes
L01387,C11387,Mumbai South,Mumbai,Maharashtra,Male,30,Self-employed,124240,741,2,Auto,197030,7.92,48,4802.68,2025-02-12,14-02-2025,Approved,197030,No,0,0,12,Savings,No
L01388,C11388,Jaipur,Jaipur,Rajasthan,Male,30,Salaried,84215,727,4,Business,83675,11.78,60,1852.02,2025-01-07,12-01-2025,Approved,83675,No,0,0,1,Savings,Yes
L01389,C11389,Mumbai South,Mumbai,Maharashtra,Female,25,Salaried,44248,730,1,Auto,160421,15.39,84,3130.81,2025-01-31,,Pending,0,No,0,0,4,Current,Yes
L01390,C11390,Chennai North,Chennai,Tamil Nadu,Female,57,Salaried,25727,608,2,Home,157135,8.74,84,2507.47,2024-03-16,,Rejected,0,No,0,0,9,Savings,Yes
L01391,C11391,Pune East,Pune,Maharashtra,Female,56,Self-employed,26556,704,3,Home,576036,7.97,48,14054.61,2024-02-12,16-02-2024,Approved,576036,No,0,0,0,Current,Yes
L01392,C11392,Bengaluru East,Bengaluru,Karnataka,Male,48,Salaried,27100,757,4,Personal,35818,7.6,48,867.71,2025-08-23,25-08-2025,Approved,35818,No,0,0,1,Savings,Yes
L01393,C11393,Bengaluru East,Bengaluru,Karnataka,Female,29,Salaried,93758,633,3,Education,104504,11.71,120,1481.86,2025-01-10,12-01-2025,Approved,104504,No,0,0,5,Current,Yes
L01394,C11394,Delhi Central,Delhi,Delhi,Female,23,Salaried,146495,780,2,Business,338472,15.91,180,4949.92,2024-11-25,30-11-2024,Approved,338472,No,0,0,4,Savings,No
L01395,C11395,Hyderabad Central,Hyderabad,Telangana,Female,39,Self-employed,84016,654,0,Auto,81660,13.97,120,1266.43,2025-02-02,08-02-2025,Approved,81660,No,0,0,9,Current,No
L01396,C11396,Ahmedabad,Ahmedabad,Gujarat,Female,31,Self-employed,122254,686,1,Home,473239,11.96,60,10517.38,2025-12-17,18-12-2025,Approved,473239,No,0,0,13,Savings,No
L01397,C11397,Patna,Patna,Bihar,Male,40,Salaried,32991,634,1,Education,148200,15.79,36,5194.92,2024-05-14,16-05-2024,Approved,148200,No,0,0,11,Savings,Yes
L01398,C11398,Pune East,Pune,Maharashtra,Male,21,Salaried,85397,708,0,Personal,32306,10.34,36,1047.59,2024-12-21,31-12-2024,Approved,32306,Yes,63,5873,8,Current,Yes
L01399,C11399,Chennai North,Chennai,Tamil Nadu,Male,58,Salaried,140956,668,3,Business,271557,9.42,180,2822.57,2024-11-23,01-12-2024,Approved,271557,No,0,0,10,Current,Yes
L01400,C11400,Kolkata West,Kolkata,West Bengal,Male,54,Business,164334,680,3,Personal,117464,15.93,180,1719.47,2025-02-18,25-02-2025,Approved,117464,No,0,0,3,Savings,Yes
L01401,C11401,Bhubaneswar,Bhubaneswar,Odisha,Female,59,Salaried,171686,604,0,Personal,81434,7.94,48,1985.75,2024-09-05,,Pending,0,No,0,0,15,Current,Yes
L01402,C11402,Lucknow,Lucknow,Uttar Pradesh,Female,36,Self-employed,51282,711,4,Home,163386,12.93,84,2966.1,2025-05-15,19-05-2025,Approved,163386,No,0,0,4,Current,Yes
L01403,C11403,Bhopal,Bhopal,Madhya Pradesh,Male,34,Business,131134,685,4,Business,248904,9.66,48,6272.28,2025-02-08,,Pending,0,No,0,0,14,Current,Yes
L01404,C11404,Hyderabad Central,Hyderabad,Telangana,Male,49,Salaried,87064,709,4,Business,163599,9.51,120,2117.83,2024-12-12,13-12-2024,Approved,163599,No,0,0,5,Savings,Yes
L01405,C11405,Hyderabad Central,Hyderabad,Telangana,Male,25,Salaried,74518,707,4,Home,222509,9.41,60,4663.32,2025-05-21,31-05-2025,Approved,222509,No,0,0,4,Savings,No
L01406,C11406,Pune East,Pune,Maharashtra,Female,26,Salaried,95445,814,2,Home,353950,8.02,84,5520.27,2024-11-27,07-12-2024,Approved,353950,No,0,0,6,Savings,Yes
L01407,C11407,Delhi Central,Delhi,Delhi,Male,46,Self-employed,89449,699,3,Business,158930,15.72,84,3131.39,2025-04-05,09-04-2025,Approved,158930,No,0,0,2,Current,Yes
L01408,C11408,Ahmedabad,Ahmedabad,Gujarat,Female,40,Business,32412,729,3,Home,442820,10.75,48,11391.23,2025-01-22,,Rejected,0,No,0,0,10,Current,Yes
L01409,C11409,Kolkata West,Kolkata,West Bengal,Female,29,Business,47233,687,3,Education,68995,14.05,48,1887.12,2025-05-22,29-05-2025,Approved,68995,No,0,0,11,Savings,No
L01410,C11410,Jaipur,Jaipur,Rajasthan,Female,29,Salaried,25634,670,3,Education,31807,15.08,48,886.5,2025-12-24,02-01-2026,Approved,31807,No,0,0,11,Current,No
L01411,C11411,Ahmedabad,Ahmedabad,Gujarat,Male,39,Business,95062,657,4,Home,424055,15.83,120,7058.62,2025-12-16,,Rejected,0,No,0,0,15,Current,Yes
L01412,C11412,Hyderabad Central,Hyderabad,Telangana,Female,23,Business,107573,764,2,Home,297899,12.87,180,3743.7,2024-07-31,07-08-2024,Approved,297899,No,0,0,13,Current,Yes
L01413,C11413,Bengaluru East,Bengaluru,Karnataka,Male,35,Student,92439,715,0,Home,437337,12.77,120,6470.72,2025-10-28,30-10-2025,Approved,437337,No,0,0,9,Current,Yes
L01414,C11414,Hyderabad Central,Hyderabad,Telangana,Male,21,Business,72828,669,3,Personal,111620,16.39,48,3185.68,2024-05-20,,Pending,0,No,0,0,9,Current,No
L01415,C11415,Bengaluru East,Bengaluru,Karnataka,Male,42,Salaried,145873,687,0,Education,131495,12.01,48,3463.41,2024-05-11,20-05-2024,Approved,131495,No,0,0,15,Savings,No
L01416,C11416,Chandigarh,Chandigarh,Chandigarh,Female,25,Salaried,37969,581,3,Auto,102410,13.78,60,2371.24,2025-08-12,,Rejected,0,No,0,0,12,Current,No
L01417,C11417,Kochi,Kochi,Kerala,Female,46,Salaried,110083,583,4,Home,556346,14.67,48,15390.62,2025-11-25,,Rejected,0,No,0,0,0,Current,Yes
L01418,C11418,Chennai North,Chennai,Tamil Nadu,Female,28,Salaried,167345,679,0,Auto,86885,11.25,84,1499.13,2025-02-14,16-02-2025,Approved,86885,No,0,0,11,Current,No
L01419,C11419,Chandigarh,Chandigarh,Chandigarh,Female,38,Salaried,162032,748,2,Business,264583,8.4,48,6509.04,2024-09-17,22-09-2024,Approved,264583,Yes,43,101296,14,Current,No
L01420,C11420,Bhopal,Bhopal,Madhya Pradesh,Male,39,Business,118693,669,0,Personal,66255,9.8,36,2131.65,2024-06-06,11-06-2024,Approved,66255,No,0,0,8,Savings,No
L01421,C11421,Bhubaneswar,Bhubaneswar,Odisha,Female,21,Salaried,77878,711,4,Business,88906,12.11,48,2346.04,2024-11-21,,Rejected,0,No,0,0,1,Savings,No
L01422,C11422,Delhi Central,Delhi,Delhi,Male,47,Salaried,103197,758,2,Home,261233,12.11,84,4626.86,2024-03-03,09-03-2024,Approved,261233,No,0,0,7,Savings,No
L01423,C11423,Kochi,Kochi,Kerala,Male,34,Salaried,176620,809,0,Education,92341,12.87,120,1371.68,2025-05-13,18-05-2025,Approved,92341,No,0,0,4,Current,Yes
L01424,C11424,Chennai North,Chennai,Tamil Nadu,Female,45,Business,163052,699,0,Home,172144,11.68,60,3801.47,2025-01-21,,Rejected,0,No,0,0,15,Current,Yes
L01425,C11425,Kolkata West,Kolkata,West Bengal,Female,52,Business,83398,595,2,Auto,193787,7.91,180,1841.88,2025-03-18,28-03-2025,Approved,193787,No,0,0,4,Savings,Yes
L01426,C11426,Mumbai South,Mumbai,Maharashtra,Female,54,Business,61677,643,2,Personal,100022,15.07,36,3470.73,2025-04-24,29-04-2025,Approved,100022,Yes,88,6315,14,Current,No
L01427,C11427,Hyderabad Central,Hyderabad,Telangana,Female,50,Salaried,120761,723,2,Home,373011,14.14,180,5002.68,2025-06-19,23-06-2025,Approved,373011,Yes,163,197817,4,Current,No
L01428,C11428,Kochi,Kochi,Kerala,Female,27,Business,66726,680,1,Auto,107614,9.01,84,1731.96,2024-02-01,,Rejected,0,No,0,0,11,Current,No
L01429,C11429,Bengaluru East,Bengaluru,Karnataka,Female,47,Self-employed,101686,733,3,Home,151304,10.96,48,3907.59,2025-08-27,29-08-2025,Approved,151304,No,0,0,2,Current,Yes
L01430,C11430,Hyderabad Central,Hyderabad,Telangana,Male,45,Self-employed,114099,669,4,Personal,101639,12.44,36,3397.27,2025-03-06,,Pending,0,No,0,0,7,Savings,No
L01431,C11431,Kochi,Kochi,Kerala,Male,35,Business,56207,611,4,Home,229431,15.46,48,6438.86,2025-04-27,,Rejected,0,No,0,0,1,Savings,No
L01432,C11432,Pune East,Pune,Maharashtra,Female,55,Business,142446,715,0,Auto,194753,10.03,84,3236.15,2025-04-02,07-04-2025,Approved,194753,Yes,143,55144,15,Current,No
L01433,C11433,Chennai North,Chennai,Tamil Nadu,Male,55,Salaried,35431,754,3,Personal,66234,12.75,60,1498.56,2025-05-20,29-05-2025,Approved,66234,No,0,0,11,Current,Yes
L01434,C11434,Ahmedabad,Ahmedabad,Gujarat,Male,53,Salaried,159146,592,3,Personal,88829,7.71,48,2156.5,2024-01-18,,Rejected,0,No,0,0,12,Savings,Yes
L01435,C11435,Chennai North,Chennai,Tamil Nadu,Female,27,Salaried,32302,647,0,Personal,91673,8.4,120,1131.72,2025-10-24,,Rejected,0,No,0,0,12,Savings,Yes
L01436,C11436,Patna,Patna,Bihar,Male,52,Salaried,130326,643,3,Education,141386,16.19,36,4983.98,2024-05-01,11-05-2024,Approved,141386,Yes,153,19232,4,Current,Yes
L01437,C11437,Chennai North,Chennai,Tamil Nadu,Female,53,Business,139467,639,3,Business,207197,13.92,36,7073.45,2025-03-06,,Rejected,0,No,0,0,14,Current,Yes
L01438,C11438,Chennai North,Chennai,Tamil Nadu,Female,43,Business,28478,608,3,Personal,116958,8.41,48,2877.85,2025-11-04,,Pending,0,No,0,0,6,Savings,No
L01439,C11439,Pune East,Pune,Maharashtra,Female,23,Business,108438,548,2,Home,199080,12.22,120,2881.6,2025-09-09,,Rejected,0,No,0,0,7,Current,No
L01440,C11440,Hyderabad Central,Hyderabad,Telangana,Male,40,Salaried,158457,745,4,Home,190029,10.3,60,4065.66,2025-05-09,,Pending,0,No,0,0,3,Savings,Yes
L01441,C11441,Chandigarh,Chandigarh,Chandigarh,Female,24,Salaried,165444,724,3,Education,131770,12.3,36,4395.55,2024-02-08,16-02-2024,Approved,131770,No,0,0,14,Current,Yes
L01442,C11442,Patna,Patna,Bihar,Male,35,Business,104312,687,2,Personal,87158,10.13,84,1452.79,2025-04-29,04-05-2025,Approved,87158,Yes,89,50603,13,Current,No
L01443,C11443,Patna,Patna,Bihar,Male,25,Salaried,60314,629,3,Personal,47303,15.32,60,1133.3,2025-08-19,,Pending,0,No,0,0,11,Current,Yes
L01444,C11444,Kolkata West,Kolkata,West Bengal,Male,49,Salaried,158442,637,3,Business,189249,13.9,48,5162.02,2025-08-01,,Rejected,0,No,0,0,10,Current,No
L01445,C11445,Chandigarh,Chandigarh,Chandigarh,Male,35,Salaried,103665,805,2,Home,331906,13.14,60,7575.69,2025-07-04,11-07-2025,Approved,331906,No,0,0,0,Current,Yes
L01446,C11446,Hyderabad Central,Hyderabad,Telangana,Female,45,Self-employed,91743,763,3,Home,214137,10.61,180,2381.69,2025-08-09,14-08-2025,Approved,214137,No,0,0,15,Current,Yes
L01447,C11447,Ahmedabad,Ahmedabad,Gujarat,Male,49,Salaried,28441,831,0,Personal,32326,11.14,120,447.86,2024-03-14,19-03-2024,Approved,32326,No,0,0,3,Savings,No
L01448,C11448,Patna,Patna,Bihar,Female,51,Salaried,40354,642,4,Home,444887,9.33,84,7232.55,2025-04-05,08-04-2025,Approved,444887,No,0,0,4,Current,No
L01449,C11449,Chandigarh,Chandigarh,Chandigarh,Male,33,Self-employed,32516,717,2,Business,95503,12.68,180,1188.31,2025-08-22,25-08-2025,Approved,95503,No,0,0,6,Current,No
L01450,C11450,Jaipur,Jaipur,Rajasthan,Female,28,Business,123973,621,3,Personal,30218,7.51,60,605.65,2025-02-07,,Pending,0,No,0,0,8,Savings,Yes
L01451,C11451,Bengaluru East,Bengaluru,Karnataka,Male,29,Business,82718,679,0,Home,259448,14.03,84,4866.36,2025-07-21,28-07-2025,Approved,259448,No,0,0,0,Savings,No
L01452,C11452,Patna,Patna,Bihar,Female,60,Salaried,64248,782,2,Home,361605,8.58,60,7432.83,2024-01-28,01-02-2024,Approved,361605,No,0,0,11,Savings,No
L01453,C11453,Hyderabad Central,Hyderabad,Telangana,Female,44,Salaried,105522,771,0,Home,351185,9.72,48,8859.81,2025-01-23,02-02-2025,Approved,351185,No,0,0,11,Current,No
L01454,C11454,Pune East,Pune,Maharashtra,Male,32,Salaried,139995,788,3,Business,217734,14.81,60,5158.19,2025-09-14,18-09-2025,Approved,217734,No,0,0,10,Savings,Yes
L01455,C11455,Kochi,Kochi,Kerala,Female,42,Salaried,79600,750,2,Education,119567,9.8,120,1566.87,2025-02-12,15-02-2025,Approved,119567,No,0,0,7,Savings,No
L01456,C11456,Jaipur,Jaipur,Rajasthan,Male,35,Salaried,119685,583,2,Personal,116853,13.76,60,2704.45,2025-12-04,,Rejected,0,No,0,0,6,Savings,No
L01457,C11457,Mumbai South,Mumbai,Maharashtra,Male,37,Business,179235,608,4,Education,58004,8.07,180,556.66,2024-01-09,19-01-2024,Approved,58004,No,0,0,7,Current,No
L01458,C11458,Chandigarh,Chandigarh,Chandigarh,Female,48,Salaried,75939,712,0,Auto,148035,12.02,36,4918.29,2024-04-12,,Rejected,0,No,0,0,15,Savings,Yes
L01459,C11459,Hyderabad Central,Hyderabad,Telangana,Male,58,Salaried,49143,739,3,Personal,74074,9.04,36,2356.91,2024-01-16,25-01-2024,Approved,74074,No,0,0,14,Savings,Yes
L01460,C11460,Kolkata West,Kolkata,West Bengal,Female,54,Salaried,103955,669,1,Personal,79525,15.05,84,1536.81,2025-10-19,20-10-2025,Approved,79525,No,0,0,13,Savings,Yes
L01461,C11461,Bhubaneswar,Bhubaneswar,Odisha,Male,44,Self-employed,71977,677,3,Home,246828,9.26,48,6172.84,2025-05-29,04-06-2025,Approved,246828,No,0,0,10,Savings,No
L01462,C11462,Bhubaneswar,Bhubaneswar,Odisha,Male,31,Salaried,50054,645,0,Home,230427,7.75,84,3562.85,2025-05-06,12-05-2025,Approved,230427,Yes,111,37137,0,Savings,No
L01463,C11463,Ahmedabad,Ahmedabad,Gujarat,Male,34,Self-employed,161133,713,1,Home,166518,16.42,48,4755.06,2025-08-24,27-08-2025,Approved,166518,Yes,126,18328,0,Savings,Yes
L01464,C11464,Patna,Patna,Bihar,Male,28,Self-employed,92115,719,4,Personal,49311,12.68,48,1315.07,2024-08-21,27-08-2024,Approved,49311,No,0,0,12,Savings,Yes
L01465,C11465,Bengaluru East,Bengaluru,Karnataka,Male,59,Salaried,132930,662,1,Personal,85614,11.1,60,1865.73,2025-09-16,17-09-2025,Approved,85614,No,0,0,13,Current,Yes
L01466,C11466,Hyderabad Central,Hyderabad,Telangana,Male,24,Business,177919,633,2,Home,543401,11.58,180,6375.62,2025-04-29,,Rejected,0,No,0,0,7,Current,No
L01467,C11467,Bengaluru East,Bengaluru,Karnataka,Female,35,Salaried,49147,667,3,Business,291961,10.84,60,6324.67,2025-07-30,,Rejected,0,No,0,0,8,Current,No
L01468,C11468,Bengaluru East,Bengaluru,Karnataka,Female,36,Self-employed,158928,727,0,Auto,159197,11.25,36,5230.77,2024-09-29,05-10-2024,Approved,159197,No,0,0,12,Current,Yes
L01469,C11469,Hyderabad Central,Hyderabad,Telangana,Female,38,Self-employed,128234,633,1,Personal,93556,12.73,180,1167.14,2025-12-17,,Pending,0,No,0,0,4,Current,Yes
L01470,C11470,Bengaluru East,Bengaluru,Karnataka,Female,33,Self-employed,126779,714,3,Business,159028,10.18,60,3392.98,2025-05-01,09-05-2025,Approved,159028,No,0,0,13,Savings,Yes
L01471,C11471,Pune East,Pune,Maharashtra,Female,34,Self-employed,100135,637,3,Home,452907,7.74,36,14138.2,2025-02-06,,Rejected,0,No,0,0,4,Current,No
L01472,C11472,Kolkata West,Kolkata,West Bengal,Male,60,Business,168229,723,0,Personal,66463,15.24,180,941.16,2025-05-27,03-06-2025,Approved,66463,No,0,0,6,Current,Yes
L01473,C11473,Delhi Central,Delhi,Delhi,Male,22,Salaried,79583,622,3,Auto,51066,15.99,60,1241.55,2025-07-03,,Rejected,0,No,0,0,15,Savings,Yes
L01474,C11474,Ahmedabad,Ahmedabad,Gujarat,Female,57,Salaried,59554,701,0,Business,288788,14.55,120,4579.9,2024-10-31,,Rejected,0,No,0,0,14,Current,Yes
L01475,C11475,Pune East,Pune,Maharashtra,Female,30,Business,68108,606,2,Education,56884,15.75,48,1604.83,2025-09-04,07-09-2025,Approved,56884,No,0,0,9,Savings,Yes
L01476,C11476,Ahmedabad,Ahmedabad,Gujarat,Female,53,Self-employed,45951,760,0,Home,366851,13.82,84,6838.37,2024-10-26,28-10-2024,Approved,366851,No,0,0,14,Savings,No
L01477,C11477,Chandigarh,Chandigarh,Chandigarh,Male,34,Salaried,54081,850,0,Home,561706,14.46,36,19323.51,2024-04-26,30-04-2024,Approved,561706,No,0,0,8,Savings,Yes
L01478,C11478,Chennai North,Chennai,Tamil Nadu,Male,35,Salaried,96276,725,1,Personal,107278,11.27,84,1852.13,2025-11-03,08-11-2025,Approved,107278,No,0,0,3,Current,Yes
L01479,C11479,Patna,Patna,Bihar,Female,26,Business,43653,743,1,Home,281620,15.68,36,9856.49,2024-04-16,21-04-2024,Approved,281620,No,0,0,2,Savings,Yes
L01480,C11480,Patna,Patna,Bihar,Female,31,Self-employed,35132,628,1,Personal,74687,15.18,36,2595.64,2025-02-17,,Pending,0,No,0,0,1,Savings,Yes
L01481,C11481,Chennai North,Chennai,Tamil Nadu,Female,30,Salaried,77578,682,2,Personal,54227,15.49,36,1892.83,2024-08-02,04-08-2024,Approved,54227,No,0,0,15,Savings,No
L01482,C11482,Patna,Patna,Bihar,Male,34,Self-employed,125180,838,0,Home,562721,11.82,180,6688.57,2024-03-29,31-03-2024,Approved,562721,No,0,0,4,Savings,No
L01483,C11483,Bhubaneswar,Bhubaneswar,Odisha,Male,29,Salaried,146616,686,4,Auto,73138,10.1,36,2363.39,2024-05-15,,Rejected,0,No,0,0,14,Current,No
L01484,C11484,Bengaluru East,Bengaluru,Karnataka,Female,25,Self-employed,80869,684,3,Personal,86856,10.82,84,1478.98,2024-10-28,,Rejected,0,No,0,0,6,Savings,Yes
L01485,C11485,Lucknow,Lucknow,Uttar Pradesh,Male,23,Self-employed,155892,630,3,Home,452826,16.49,48,12947.14,2024-09-12,,Rejected,0,No,0,0,3,Current,No
L01486,C11486,Bhubaneswar,Bhubaneswar,Odisha,Male,25,Business,46600,850,2,Home,176947,11.2,180,2033.45,2025-03-19,,Pending,0,No,0,0,5,Current,Yes
L01487,C11487,Ahmedabad,Ahmedabad,Gujarat,Female,43,Salaried,109718,736,2,Business,81057,8.75,60,1672.79,2024-10-16,18-10-2024,Approved,81057,No,0,0,14,Current,No
L01488,C11488,Ahmedabad,Ahmedabad,Gujarat,Female,59,Salaried,174477,781,4,Home,180594,7.78,36,5640.85,2025-08-28,,Pending,0,No,0,0,10,Current,No
L01489,C11489,Pune East,Pune,Maharashtra,Female,34,Salaried,157347,678,1,Personal,114949,8.28,48,2821.37,2025-02-03,09-02-2025,Approved,114949,No,0,0,0,Current,No
L01490,C11490,Patna,Patna,Bihar,Male,51,Salaried,36228,727,0,Home,492836,15.79,36,17275.6,2024-08-15,22-08-2024,Approved,492836,No,0,0,13,Savings,No
L01491,C11491,Delhi Central,Delhi,Delhi,Female,27,Self-employed,25899,850,3,Personal,98578,8.03,60,2000.22,2024-04-12,21-04-2024,Approved,98578,No,0,0,15,Current,Yes
L01492,C11492,Chennai North,Chennai,Tamil Nadu,Male,28,Salaried,67293,651,1,Home,439519,8.83,48,10902,2025-07-23,24-07-2025,Approved,439519,No,0,0,15,Current,Yes
L01493,C11493,Lucknow,Lucknow,Uttar Pradesh,Male,43,Student,179941,675,2,Home,530785,14.26,60,12422.1,2025-04-08,10-04-2025,Approved,530785,No,0,0,3,Savings,Yes
L01494,C11494,Pune East,Pune,Maharashtra,Male,41,Salaried,141128,679,1,Home,487184,12.28,48,12896.5,2024-01-08,,Rejected,0,No,0,0,13,Current,Yes
L01495,C11495,Chandigarh,Chandigarh,Chandigarh,Female,52,Business,35730,626,1,Home,433351,7.65,36,13509.78,2024-01-25,,Pending,0,No,0,0,3,Current,No
L01496,C11496,Chennai North,Chennai,Tamil Nadu,Female,25,Business,58095,644,4,Education,42531,15.87,60,1031.34,2024-10-21,,Rejected,0,No,0,0,13,Current,No
L01497,C11497,Kochi,Kochi,Kerala,Male,56,Salaried,47282,623,4,Home,352126,9.5,60,7395.3,2025-05-24,,Pending,0,No,0,0,0,Savings,No
L01498,C11498,Lucknow,Lucknow,Uttar Pradesh,Male,30,Salaried,141557,608,2,Business,205593,14.9,84,3955.75,2025-09-02,,Rejected,0,No,0,0,10,Current,No
L01499,C11499,Pune East,Pune,Maharashtra,Female,44,Business,105232,685,2,Home,536175,7.51,84,8226.65,2025-09-09,,Pending,0,No,0,0,1,Current,No
L01500,C11500,Bhubaneswar,Bhubaneswar,Odisha,Male,54,Business,167402,676,3,Home,184958,14.05,84,3471.23,2024-12-05,09-12-2024,Approved,184958,No,0,0,8,Current,No
L01501,C11501,Bhubaneswar,Bhubaneswar,Odisha,Male,26,Salaried,62722,660,1,Personal,93418,8.12,120,1139.35,2025-07-19,25-07-2025,Approved,93418,No,0,0,0,Current,Yes
L01502,C11502,Jaipur,Jaipur,Rajasthan,Female,60,Business,129272,700,2,Home,391084,14.46,84,7428.66,2024-07-03,04-07-2024,Approved,391084,No,0,0,5,Savings,Yes
L01503,C11503,Bhubaneswar,Bhubaneswar,Odisha,Female,32,Salaried,159292,707,0,Personal,36517,10.27,180,398.47,2024-12-04,11-12-2024,Approved,36517,No,0,0,10,Current,No
L01504,C11504,Jaipur,Jaipur,Rajasthan,Female,58,Self-employed,125708,690,1,Education,103806,14.78,36,3587.3,2024-06-15,21-06-2024,Approved,103806,No,0,0,7,Savings,Yes
L01505,C11505,Chandigarh,Chandigarh,Chandigarh,Male,60,Self-employed,101314,587,0,Personal,90493,15.79,48,2554.87,2025-06-21,,Rejected,0,No,0,0,1,Current,Yes
L01506,C11506,Bhubaneswar,Bhubaneswar,Odisha,Male,59,Salaried,73187,815,4,Auto,166030,8.92,84,2664.53,2024-10-29,,Pending,0,No,0,0,4,Savings,Yes
L01507,C11507,Hyderabad Central,Hyderabad,Telangana,Male,47,Salaried,71355,744,1,Auto,156461,10.94,48,4039.26,2025-05-01,,Rejected,0,No,0,0,0,Current,Yes
L01508,C11508,Bengaluru East,Bengaluru,Karnataka,Female,23,Student,56748,652,1,Auto,181101,7.91,120,2188.65,2025-01-01,04-01-2025,Approved,181101,Yes,54,88004,1,Savings,Yes
L01509,C11509,Chandigarh,Chandigarh,Chandigarh,Male,34,Salaried,84164,609,4,Home,180479,13.32,48,4870.51,2025-12-26,,Rejected,0,No,0,0,10,Current,Yes
L01510,C11510,Ahmedabad,Ahmedabad,Gujarat,Male,32,Self-employed,123716,695,2,Education,38387,12.13,60,856.42,2024-12-28,,Pending,0,No,0,0,9,Savings,No
L01511,C11511,Kolkata West,Kolkata,West Bengal,Male,35,Salaried,115211,662,1,Education,40858,16.16,180,604.65,2025-10-04,13-10-2025,Approved,40858,No,0,0,9,Current,No
L01512,C11512,Hyderabad Central,Hyderabad,Telangana,Female,39,Self-employed,141375,499,0,Education,45501,13.03,60,1035.99,2024-07-19,,Rejected,0,No,0,0,3,Savings,No
L01513,C11513,Jaipur,Jaipur,Rajasthan,Female,47,Business,114124,730,3,Auto,159599,8.1,36,5008.62,2025-08-12,14-08-2025,Approved,159599,No,0,0,10,Current,Yes
L01514,C11514,Ahmedabad,Ahmedabad,Gujarat,Male,60,Salaried,59614,705,1,Home,209704,11.02,180,2386.12,2025-07-14,22-07-2025,Approved,209704,Yes,152,82917,13,Savings,No
L01515,C11515,Chennai North,Chennai,Tamil Nadu,Male,30,Salaried,152479,736,1,Home,222382,10.91,180,2515.03,2025-06-13,22-06-2025,Approved,222382,No,0,0,7,Current,Yes
L01516,C11516,Mumbai South,Mumbai,Maharashtra,Female,30,Business,75479,735,0,Home,541358,9.7,60,11422.51,2024-09-08,17-09-2024,Approved,541358,No,0,0,4,Savings,Yes
L01517,C11517,Chennai North,Chennai,Tamil Nadu,Male,37,Salaried,156649,730,1,Home,401001,14.29,120,6296.31,2025-12-31,08-01-2026,Approved,401001,No,0,0,6,Current,No
L01518,C11518,Pune East,Pune,Maharashtra,Male,42,Self-employed,162309,634,1,Home,201569,14.51,180,2753.79,2024-02-01,,Rejected,0,No,0,0,11,Savings,No
L01519,C11519,Ahmedabad,Ahmedabad,Gujarat,Female,32,Salaried,82757,736,1,Personal,56654,10.34,60,1213.23,2024-08-13,,Pending,0,No,0,0,7,Current,No
L01520,C11520,Chandigarh,Chandigarh,Chandigarh,Female,41,Self-employed,126162,641,4,Personal,73835,9.84,84,1219.65,2025-06-07,14-06-2025,Approved,73835,Yes,101,37863,9,Current,Yes
L01521,C11521,Delhi Central,Delhi,Delhi,Female,47,Business,107549,762,1,Business,299575,10.44,120,4032.26,2024-12-07,,Rejected,0,No,0,0,4,Savings,No
L01522,C11522,Bhopal,Bhopal,Madhya Pradesh,Male,49,Self-employed,154024,692,1,Auto,110664,14.16,180,1485.67,2024-01-23,02-02-2024,Approved,110664,No,0,0,8,Current,Yes
L01523,C11523,Mumbai South,Mumbai,Maharashtra,Male,57,Salaried,139579,759,0,Home,562835,9.26,84,9129.94,2025-04-17,18-04-2025,Approved,562835,No,0,0,11,Current,No
L01524,C11524,Patna,Patna,Bihar,Male,44,Salaried,161249,614,2,Auto,63615,11.63,48,1663.69,2024-08-23,,Rejected,0,No,0,0,4,Savings,No
L01525,C11525,Jaipur,Jaipur,Rajasthan,Male,36,Salaried,65910,634,2,Personal,114079,15.8,84,2252.87,2025-02-13,,Rejected,0,No,0,0,14,Savings,No
L01526,C11526,Chennai North,Chennai,Tamil Nadu,Female,35,Business,161372,540,3,Home,209152,8.11,48,5116.82,2024-06-04,05-06-2024,Approved,209152,No,0,0,9,Current,Yes
L01527,C11527,Ahmedabad,Ahmedabad,Gujarat,Female,55,Salaried,80709,622,4,Personal,86782,9,180,880.2,2025-07-07,,Rejected,0,No,0,0,15,Savings,Yes
L01528,C11528,Ahmedabad,Ahmedabad,Gujarat,Male,42,Business,91373,725,4,Business,307994,15.39,120,5042.83,2024-05-16,22-05-2024,Approved,307994,No,0,0,8,Savings,Yes
L01529,C11529,Patna,Patna,Bihar,Male,30,Salaried,121886,692,4,Business,276188,7.95,180,2631.43,2024-01-01,07-01-2024,Approved,276188,No,0,0,3,Current,No
L01530,C11530,Bhopal,Bhopal,Madhya Pradesh,Male,55,Self-employed,81816,659,4,Education,105638,13.25,180,1354,2024-02-06,08-02-2024,Approved,105638,Yes,45,17821,7,Savings,No
L01531,C11531,Ahmedabad,Ahmedabad,Gujarat,Female,53,Salaried,80987,712,0,Home,488546,9.46,60,10250.83,2025-04-14,23-04-2025,Approved,488546,Yes,40,6303,3,Current,No
L01532,C11532,Ahmedabad,Ahmedabad,Gujarat,Female,49,Salaried,143175,650,4,Home,197820,16.16,120,3333.5,2024-02-08,16-02-2024,Approved,197820,No,0,0,3,Current,Yes
L01533,C11533,Jaipur,Jaipur,Rajasthan,Male,48,Salaried,120895,620,4,Business,139151,8.27,120,1708.2,2025-04-26,,Rejected,0,No,0,0,12,Current,No
L01534,C11534,Kolkata West,Kolkata,West Bengal,Male,33,Salaried,42215,683,3,Business,248216,15.28,60,5941.59,2025-07-03,07-07-2025,Approved,248216,No,0,0,2,Current,No
L01535,C11535,Pune East,Pune,Maharashtra,Female,30,Salaried,89726,655,1,Auto,183478,8.97,48,4563.24,2025-02-01,04-02-2025,Approved,183478,Yes,153,43928,1,Savings,No
L01536,C11536,Lucknow,Lucknow,Uttar Pradesh,Female,48,Salaried,152107,728,4,Business,82254,14.83,48,2282.11,2024-01-07,16-01-2024,Approved,82254,No,0,0,5,Current,Yes
L01537,C11537,Jaipur,Jaipur,Rajasthan,Female,48,Business,83190,689,2,Education,123076,8.05,60,2498.48,2024-05-08,,Rejected,0,No,0,0,11,Current,No
L01538,C11538,Mumbai South,Mumbai,Maharashtra,Male,21,Self-employed,147451,716,1,Business,84012,12.32,120,1220.92,2025-04-28,29-04-2025,Approved,84012,No,0,0,7,Savings,No
L01539,C11539,Bhopal,Bhopal,Madhya Pradesh,Female,51,Salaried,55396,775,2,Home,217251,13.74,84,4040.15,2025-10-30,06-11-2025,Approved,217251,No,0,0,1,Savings,No
L01540,C11540,Bhubaneswar,Bhubaneswar,Odisha,Male,30,Salaried,62108,771,2,Home,304771,13.58,84,5640.93,2024-08-09,,Rejected,0,No,0,0,1,Current,No
L01541,C11541,Patna,Patna,Bihar,Female,51,Salaried,136986,786,4,Auto,78399,10.89,180,885.67,2025-09-16,23-09-2025,Approved,78399,No,0,0,14,Current,No
L01542,C11542,Delhi Central,Delhi,Delhi,Female,54,Self-employed,76058,647,2,Education,32107,7.66,180,300.56,2025-01-10,15-01-2025,Approved,32107,No,0,0,12,Current,Yes
L01543,C11543,Bhopal,Bhopal,Madhya Pradesh,Female,60,Salaried,72788,710,0,Education,61965,16.36,180,925.68,2024-01-14,20-01-2024,Approved,61965,No,0,0,15,Savings,No
L01544,C11544,Delhi Central,Delhi,Delhi,Male,42,Salaried,178811,711,0,Home,322361,7.83,180,3049.1,2024-04-08,15-04-2024,Approved,322361,No,0,0,4,Current,Yes
L01545,C11545,Delhi Central,Delhi,Delhi,Male,29,Salaried,171938,646,2,Education,149240,10.53,84,2518.62,2025-07-23,,Pending,0,No,0,0,6,Savings,No
L01546,C11546,Hyderabad Central,Hyderabad,Telangana,Male,43,Salaried,48398,669,4,Home,298734,12.63,84,5374.65,2025-08-06,11-08-2025,Approved,298734,No,0,0,13,Current,No
L01547,C11547,Chandigarh,Chandigarh,Chandigarh,Male,30,Salaried,79439,850,3,Auto,156867,11.31,48,4077.97,2025-06-14,21-06-2025,Approved,156867,No,0,0,8,Savings,No
L01548,C11548,Chandigarh,Chandigarh,Chandigarh,Male,39,Salaried,34013,813,1,Home,355061,13.48,36,12045.66,2024-11-07,14-11-2024,Approved,355061,No,0,0,10,Savings,Yes
L01549,C11549,Lucknow,Lucknow,Uttar Pradesh,Female,38,Salaried,62549,655,1,Education,145226,13.3,180,1866.22,2024-07-21,,Pending,0,No,0,0,10,Current,Yes
L01550,C11550,Ahmedabad,Ahmedabad,Gujarat,Male,21,Salaried,40260,690,0,Education,107245,7.97,120,1299.48,2025-08-25,03-09-2025,Approved,107245,No,0,0,3,Savings,No
L01551,C11551,Patna,Patna,Bihar,Male,32,Salaried,85461,601,0,Personal,98661,14.3,120,1549.72,2025-11-30,04-12-2025,Approved,98661,Yes,97,46286,7,Current,No
L01552,C11552,Ahmedabad,Ahmedabad,Gujarat,Male,36,Self-employed,128260,837,1,Personal,104239,7.72,36,3253.02,2024-05-23,,Pending,0,No,0,0,13,Savings,No
L01553,C11553,Patna,Patna,Bihar,Female,50,Self-employed,92222,706,2,Business,195494,8.16,36,6140.51,2024-02-07,,Pending,0,No,0,0,6,Savings,Yes
L01554,C11554,Patna,Patna,Bihar,Female,52,Self-employed,142405,555,4,Personal,38285,8.35,120,471.61,2024-05-07,,Rejected,0,No,0,0,4,Current,Yes
L01555,C11555,Jaipur,Jaipur,Rajasthan,Female,43,Business,52222,623,3,Auto,75767,12.08,84,1340.74,2025-02-11,,Pending,0,No,0,0,4,Savings,No
L01556,C11556,Bhubaneswar,Bhubaneswar,Odisha,Male,48,Salaried,118725,735,0,Home,493272,11.07,180,5628.22,2024-06-14,21-06-2024,Approved,493272,No,0,0,5,Savings,No
L01557,C11557,Ahmedabad,Ahmedabad,Gujarat,Female,49,Salaried,159972,798,1,Personal,72046,8.27,84,1132.64,2024-11-28,07-12-2024,Approved,72046,No,0,0,0,Current,No
L01558,C11558,Kolkata West,Kolkata,West Bengal,Male,41,Business,52832,697,1,Personal,101590,11.79,84,1781.95,2024-06-04,14-06-2024,Approved,101590,No,0,0,12,Current,Yes
L01559,C11559,Lucknow,Lucknow,Uttar Pradesh,Male,56,Salaried,164513,706,0,Business,232519,8.62,84,3696.33,2024-04-21,,Rejected,0,No,0,0,12,Current,No
L01560,C11560,Lucknow,Lucknow,Uttar Pradesh,Male,57,Salaried,61457,692,4,Business,264800,15.31,60,6342.74,2024-04-05,13-04-2024,Approved,264800,Yes,59,80837,13,Savings,Yes
L01561,C11561,Patna,Patna,Bihar,Female,23,Salaried,73138,682,1,Personal,78616,12.55,84,1411.02,2024-12-23,24-12-2024,Approved,78616,No,0,0,0,Savings,Yes
L01562,C11562,Delhi Central,Delhi,Delhi,Male,27,Business,64302,783,2,Auto,66726,13.29,84,1224.42,2025-10-02,07-10-2025,Approved,66726,No,0,0,0,Current,No
L01563,C11563,Bengaluru East,Bengaluru,Karnataka,Male,31,Salaried,74553,649,0,Auto,54109,10.96,36,1770.43,2024-01-14,,Rejected,0,No,0,0,15,Savings,Yes
L01564,C11564,Bengaluru East,Bengaluru,Karnataka,Female,32,Self-employed,136011,716,1,Home,572015,12.67,60,12918.67,2024-09-01,06-09-2024,Approved,572015,No,0,0,10,Current,Yes
L01565,C11565,Bhopal,Bhopal,Madhya Pradesh,Female,40,Salaried,121332,775,3,Home,527676,10.92,84,9012.92,2024-08-01,06-08-2024,Approved,527676,No,0,0,11,Savings,No
L01566,C11566,Pune East,Pune,Maharashtra,Male,38,Salaried,137495,628,4,Business,299589,10.69,120,4074.44,2024-07-22,,Rejected,0,No,0,0,8,Savings,No
L01567,C11567,Lucknow,Lucknow,Uttar Pradesh,Male,43,Business,137449,595,3,Home,355330,14.97,120,5726.19,2024-11-16,17-11-2024,Approved,355330,No,0,0,14,Current,No
L01568,C11568,Lucknow,Lucknow,Uttar Pradesh,Female,21,Self-employed,101212,589,1,Home,491020,11.18,120,6813.93,2025-07-28,02-08-2025,Approved,491020,No,0,0,13,Current,Yes
L01569,C11569,Pune East,Pune,Maharashtra,Male,40,Salaried,40616,618,4,Home,291106,11.11,48,7539.35,2024-01-09,13-01-2024,Approved,291106,No,0,0,6,Savings,No
L01570,C11570,Jaipur,Jaipur,Rajasthan,Male,52,Self-employed,179741,775,2,Home,563384,15.8,180,8196,2025-10-05,,Pending,0,No,0,0,0,Savings,Yes
L01571,C11571,Mumbai South,Mumbai,Maharashtra,Female,29,Salaried,117055,705,1,Auto,51275,10.2,60,1094.49,2024-01-24,02-02-2024,Approved,51275,Yes,83,11253,7,Savings,Yes
L01572,C11572,Bhubaneswar,Bhubaneswar,Odisha,Female,59,Salaried,85959,702,1,Education,111322,15.23,60,2661.8,2024-07-11,13-07-2024,Approved,111322,No,0,0,7,Current,Yes
L01573,C11573,Hyderabad Central,Hyderabad,Telangana,Male,46,Salaried,145774,706,3,Education,79847,15.65,180,1153.29,2024-12-18,19-12-2024,Approved,79847,No,0,0,15,Savings,Yes
L01574,C11574,Lucknow,Lucknow,Uttar Pradesh,Female,43,Salaried,46036,653,2,Auto,163086,16.29,120,2761.45,2025-10-02,06-10-2025,Approved,163086,No,0,0,2,Current,No
L01575,C11575,Pune East,Pune,Maharashtra,Female,41,Self-employed,82650,649,3,Home,247767,12.39,36,8275.64,2025-03-01,,Rejected,0,No,0,0,7,Current,No
L01576,C11576,Ahmedabad,Ahmedabad,Gujarat,Male,29,Self-employed,108220,589,3,Personal,75466,13.97,180,1003.49,2024-06-19,,Rejected,0,No,0,0,8,Savings,Yes
L01577,C11577,Bhopal,Bhopal,Madhya Pradesh,Female,22,Salaried,162814,830,3,Personal,21850,12.8,36,734.11,2025-03-10,12-03-2025,Approved,21850,No,0,0,13,Savings,Yes
L01578,C11578,Bhopal,Bhopal,Madhya Pradesh,Male,60,Business,44334,819,3,Education,37774,10.3,36,1224.19,2025-12-30,09-01-2026,Approved,37774,No,0,0,4,Savings,No
L01579,C11579,Jaipur,Jaipur,Rajasthan,Male,27,Self-employed,81443,680,4,Business,358183,16.12,60,8733.17,2025-05-29,31-05-2025,Approved,358183,No,0,0,4,Savings,Yes
L01580,C11580,Pune East,Pune,Maharashtra,Male,46,Salaried,37110,739,1,Auto,112271,8.46,60,2301.25,2024-05-15,21-05-2024,Approved,112271,No,0,0,14,Savings,Yes
L01581,C11581,Mumbai South,Mumbai,Maharashtra,Female,39,Business,99773,658,0,Personal,112700,9.33,60,2357.56,2024-09-11,21-09-2024,Approved,112700,No,0,0,2,Savings,Yes
L01582,C11582,Chandigarh,Chandigarh,Chandigarh,Female,51,Salaried,53102,656,2,Home,227110,13.65,36,7723.53,2025-11-20,,Pending,0,No,0,0,4,Current,No
L01583,C11583,Bhopal,Bhopal,Madhya Pradesh,Male,49,Salaried,67394,555,1,Auto,71857,14.19,180,966.14,2025-05-30,,Rejected,0,No,0,0,4,Savings,Yes
L01584,C11584,Kolkata West,Kolkata,West Bengal,Male,46,Business,44796,682,2,Personal,109049,11.64,84,1904.08,2024-04-26,,Rejected,0,No,0,0,11,Savings,No
L01585,C11585,Jaipur,Jaipur,Rajasthan,Male,49,Business,115769,757,0,Personal,45755,8.01,60,927.97,2024-11-21,24-11-2024,Approved,45755,Yes,126,24327,7,Current,Yes
L01586,C11586,Bhubaneswar,Bhubaneswar,Odisha,Male,40,Business,39493,597,1,Auto,181858,11.1,84,3123.42,2024-02-18,19-02-2024,Approved,181858,No,0,0,6,Current,No
L01587,C11587,Chandigarh,Chandigarh,Chandigarh,Female,43,Salaried,43037,580,1,Education,101002,12.04,36,3356.64,2024-03-18,,Pending,0,No,0,0,4,Current,Yes
L01588,C11588,Mumbai South,Mumbai,Maharashtra,Male,41,Salaried,89111,664,2,Personal,33179,12.41,48,880.42,2024-06-01,05-06-2024,Approved,33179,No,0,0,5,Current,Yes
L01589,C11589,Bengaluru East,Bengaluru,Karnataka,Male,56,Business,45131,766,4,Home,558805,13.23,48,15055.21,2025-03-01,,Rejected,0,No,0,0,7,Savings,No
L01590,C11590,Chennai North,Chennai,Tamil Nadu,Female,59,Salaried,158767,619,4,Education,114936,11.87,84,2020.95,2024-07-07,08-07-2024,Approved,114936,No,0,0,2,Current,Yes
L01591,C11591,Bhopal,Bhopal,Madhya Pradesh,Male,51,Self-employed,144734,729,4,Personal,23615,14.65,180,324.87,2025-06-29,05-07-2025,Approved,23615,No,0,0,6,Current,Yes
L01592,C11592,Lucknow,Lucknow,Uttar Pradesh,Female,26,Self-employed,178129,724,0,Auto,129674,10.76,60,2803.93,2025-03-06,09-03-2025,Approved,129674,No,0,0,11,Current,No
L01593,C11593,Patna,Patna,Bihar,Male,59,Salaried,137141,638,3,Education,136283,8.55,180,1346.03,2025-05-28,,Rejected,0,No,0,0,4,Current,Yes
L01594,C11594,Kolkata West,Kolkata,West Bengal,Female,46,Salaried,130309,690,3,Business,311011,12.4,36,10389.53,2025-01-16,20-01-2025,Approved,311011,No,0,0,6,Current,No
L01595,C11595,Patna,Patna,Bihar,Male,31,Business,81994,628,2,Auto,68047,10.22,84,1137.41,2025-01-25,01-02-2025,Approved,68047,No,0,0,6,Savings,No
L01596,C11596,Chandigarh,Chandigarh,Chandigarh,Male,25,Self-employed,134077,541,0,Auto,95643,13.14,36,3229.04,2025-01-18,27-01-2025,Approved,95643,No,0,0,12,Current,Yes
L01597,C11597,Bhubaneswar,Bhubaneswar,Odisha,Female,37,Salaried,90602,637,4,Personal,86914,15.62,36,3039.36,2024-08-09,,Rejected,0,No,0,0,7,Savings,Yes
L01598,C11598,Hyderabad Central,Hyderabad,Telangana,Male,52,Business,84726,733,3,Education,120452,15.09,60,2871.24,2025-08-13,,Pending,0,No,0,0,4,Savings,Yes
L01599,C11599,Jaipur,Jaipur,Rajasthan,Male,45,Salaried,83472,686,2,Home,539455,15.93,48,15268.97,2025-08-15,24-08-2025,Approved,539455,No,0,0,4,Savings,No
L01600,C11600,Jaipur,Jaipur,Rajasthan,Male,54,Salaried,47938,710,4,Home,515178,12.75,84,9302.22,2025-10-29,06-11-2025,Approved,515178,No,0,0,14,Current,No
L01601,C11601,Bhubaneswar,Bhubaneswar,Odisha,Female,58,Business,39910,625,1,Home,215136,8.49,120,2666.23,2025-02-23,,Rejected,0,No,0,0,13,Current,Yes
L01602,C11602,Lucknow,Lucknow,Uttar Pradesh,Male,21,Salaried,154110,837,1,Auto,132151,11.16,48,3425.79,2024-04-06,,Pending,0,No,0,0,6,Savings,Yes
L01603,C11603,Kolkata West,Kolkata,West Bengal,Female,44,Self-employed,142606,737,3,Home,462833,10.25,84,7743.49,2024-08-11,20-08-2024,Approved,462833,No,0,0,2,Savings,Yes
L01604,C11604,Ahmedabad,Ahmedabad,Gujarat,Male,24,Salaried,79311,584,0,Personal,75839,16.42,60,1861.22,2024-07-12,,Rejected,0,No,0,0,5,Savings,No
L01605,C11605,Chennai North,Chennai,Tamil Nadu,Male,47,Self-employed,88459,775,4,Personal,95811,7.83,36,2994.86,2024-11-13,14-11-2024,Approved,95811,No,0,0,5,Current,No
L01606,C11606,Pune East,Pune,Maharashtra,Female,53,Salaried,135388,734,1,Auto,193696,14.33,36,6651.16,2024-06-05,10-06-2024,Approved,193696,No,0,0,6,Savings,Yes
L01607,C11607,Bhubaneswar,Bhubaneswar,Odisha,Female,42,Salaried,96389,775,1,Personal,28751,13.16,60,656.53,2025-05-20,,Rejected,0,No,0,0,5,Savings,Yes
L01608,C11608,Kochi,Kochi,Kerala,Male,46,Self-employed,56854,730,4,Personal,94900,12.88,60,2153.44,2024-09-21,25-09-2024,Approved,94900,No,0,0,8,Current,Yes
L01609,C11609,Mumbai South,Mumbai,Maharashtra,Female,45,Salaried,38820,682,3,Auto,186659,13.45,60,4290.19,2025-09-28,08-10-2025,Approved,186659,No,0,0,9,Current,No
L01610,C11610,Bengaluru East,Bengaluru,Karnataka,Female,23,Business,71095,684,0,Personal,103368,14.49,48,2850.16,2024-12-02,04-12-2024,Approved,103368,No,0,0,2,Savings,Yes
L01611,C11611,Chennai North,Chennai,Tamil Nadu,Female,33,Self-employed,143704,795,0,Personal,49669,13.86,36,1694.19,2025-12-24,,Rejected,0,No,0,0,9,Savings,Yes
L01612,C11612,Chandigarh,Chandigarh,Chandigarh,Male,38,Salaried,162680,709,1,Education,38038,11.21,48,987,2024-07-08,,Rejected,0,No,0,0,13,Current,No
L01613,C11613,Bhubaneswar,Bhubaneswar,Odisha,Male,27,Self-employed,51182,654,2,Home,548867,16.25,60,13420.4,2024-06-08,09-06-2024,Approved,548867,No,0,0,8,Savings,No
L01614,C11614,Delhi Central,Delhi,Delhi,Female,49,Salaried,48818,641,0,Auto,184939,11.33,36,6083.61,2024-12-10,,Rejected,0,No,0,0,8,Savings,No
L01615,C11615,Mumbai South,Mumbai,Maharashtra,Female,52,Salaried,166335,671,1,Personal,61932,10.3,180,676.94,2024-05-17,23-05-2024,Approved,61932,No,0,0,1,Savings,No
L01616,C11616,Patna,Patna,Bihar,Male,25,Salaried,77332,672,2,Personal,100806,9.9,180,1077.11,2025-08-14,17-08-2025,Approved,100806,Yes,74,15850,15,Current,No
L01617,C11617,Ahmedabad,Ahmedabad,Gujarat,Female,59,Salaried,69008,643,4,Personal,94538,9.75,36,3039.39,2025-10-02,,Rejected,0,No,0,0,6,Savings,Yes
L01618,C11618,Bhopal,Bhopal,Madhya Pradesh,Female,29,Salaried,64006,668,2,Home,372633,13.56,120,5687.57,2024-07-11,15-07-2024,Approved,372633,No,0,0,9,Savings,Yes
L01619,C11619,Hyderabad Central,Hyderabad,Telangana,Male,51,Salaried,163100,579,2,Education,96549,11.41,60,2119,2024-10-21,25-10-2024,Approved,96549,No,0,0,5,Current,Yes
L01620,C11620,Lucknow,Lucknow,Uttar Pradesh,Female,42,Salaried,95513,792,1,Personal,22845,12.7,60,516.29,2024-06-16,,Pending,0,No,0,0,11,Current,No
L01621,C11621,Patna,Patna,Bihar,Male,36,Business,135611,680,4,Home,396585,11.14,36,13009.99,2024-09-21,30-09-2024,Approved,396585,No,0,0,0,Savings,No
L01622,C11622,Hyderabad Central,Hyderabad,Telangana,Male,56,Salaried,144361,736,1,Business,229318,14.16,120,3582.63,2025-10-22,29-10-2025,Approved,229318,No,0,0,13,Current,No
L01623,C11623,Kolkata West,Kolkata,West Bengal,Female,50,Salaried,52916,557,0,Business,307137,12.76,36,10313.19,2024-09-24,,Rejected,0,No,0,0,2,Savings,Yes
L01624,C11624,Bhopal,Bhopal,Madhya Pradesh,Male,54,Salaried,142448,726,0,Personal,82971,14.96,84,1599.21,2025-03-18,19-03-2025,Approved,82971,No,0,0,2,Current,Yes
L01625,C11625,Chandigarh,Chandigarh,Chandigarh,Male,45,Salaried,101685,680,1,Home,514010,9.37,60,10762.54,2025-09-17,,Rejected,0,No,0,0,13,Current,Yes
L01626,C11626,Bhubaneswar,Bhubaneswar,Odisha,Female,41,Self-employed,29361,835,2,Education,83546,15.21,120,1358.65,2024-08-22,27-08-2024,Approved,83546,Yes,97,11661,13,Savings,No
L01627,C11627,Patna,Patna,Bihar,Male,42,Self-employed,57603,684,1,Personal,109455,15.23,120,1781.34,2024-11-27,,Rejected,0,No,0,0,15,Current,Yes
L01628,C11628,Bhopal,Bhopal,Madhya Pradesh,Female,40,Salaried,43702,707,3,Education,62685,12.16,60,1399.47,2025-08-09,16-08-2025,Approved,62685,No,0,0,1,Current,Yes
L01629,C11629,Pune East,Pune,Maharashtra,Female,35,Salaried,47172,718,1,Personal,95773,10.9,60,2077.56,2024-03-27,,Pending,0,No,0,0,6,Savings,No
L01630,C11630,Chandigarh,Chandigarh,Chandigarh,Female,30,Self-employed,153378,693,3,Personal,69289,14.33,36,2379.25,2024-08-09,16-08-2024,Approved,69289,No,0,0,6,Current,Yes
L01631,C11631,Hyderabad Central,Hyderabad,Telangana,Female,39,Salaried,92676,590,3,Education,124205,9.7,36,3990.27,2025-07-04,07-07-2025,Approved,124205,Yes,124,57638,13,Savings,No
L01632,C11632,Kochi,Kochi,Kerala,Male,49,Self-employed,57514,759,3,Personal,66835,11.65,84,1167.35,2024-06-26,29-06-2024,Approved,66835,No,0,0,12,Current,No
L01633,C11633,Kochi,Kochi,Kerala,Male,53,Business,170298,772,3,Home,409939,16.2,60,10012.54,2025-09-19,24-09-2025,Approved,409939,No,0,0,9,Current,Yes
L01634,C11634,Kolkata West,Kolkata,West Bengal,Female,33,Salaried,145506,641,2,Business,94416,16.16,48,2683.52,2025-05-02,,Rejected,0,No,0,0,13,Current,No
L01635,C11635,Delhi Central,Delhi,Delhi,Female,30,Salaried,150833,632,2,Auto,141942,9.3,36,4533.56,2024-03-18,26-03-2024,Approved,141942,No,0,0,6,Savings,Yes
L01636,C11636,Bhopal,Bhopal,Madhya Pradesh,Male,23,Business,97813,721,0,Education,78837,11.09,180,900.52,2025-06-02,07-06-2025,Approved,78837,No,0,0,10,Savings,No
L01637,C11637,Chandigarh,Chandigarh,Chandigarh,Female,44,Salaried,72262,810,1,Business,305358,16.35,180,4559.53,2025-11-30,,Rejected,0,No,0,0,0,Savings,No
L01638,C11638,Jaipur,Jaipur,Rajasthan,Male,57,Business,43386,617,0,Education,136814,10.27,180,1492.89,2025-01-05,,Rejected,0,No,0,0,2,Savings,No
L01639,C11639,Patna,Patna,Bihar,Female,26,Salaried,51686,664,1,Education,88696,14.59,60,2091.03,2025-02-15,20-02-2025,Approved,88696,No,0,0,15,Current,No
L01640,C11640,Bhubaneswar,Bhubaneswar,Odisha,Male,53,Business,132049,634,4,Personal,20007,10.03,84,332.45,2025-08-20,,Rejected,0,No,0,0,12,Savings,Yes
L01641,C11641,Kochi,Kochi,Kerala,Female,29,Salaried,114939,782,0,Personal,101110,8.11,180,972.69,2024-06-17,21-06-2024,Approved,101110,Yes,76,37634,5,Current,No
L01642,C11642,Bhubaneswar,Bhubaneswar,Odisha,Female,22,Salaried,151138,677,1,Auto,160711,9.07,48,4004.64,2024-03-09,15-03-2024,Approved,160711,Yes,52,69721,12,Current,Yes
L01643,C11643,Hyderabad Central,Hyderabad,Telangana,Female,40,Salaried,88867,711,0,Home,534424,14.17,60,12482.26,2024-06-20,25-06-2024,Approved,534424,No,0,0,4,Savings,Yes
L01644,C11644,Pune East,Pune,Maharashtra,Female,39,Salaried,68642,781,1,Education,93026,13.31,60,2131.42,2024-03-25,01-04-2024,Approved,93026,No,0,0,15,Current,No
L01645,C11645,Mumbai South,Mumbai,Maharashtra,Male,26,Student,121067,783,0,Home,419545,10.86,60,9092.66,2025-03-04,13-03-2025,Approved,419545,No,0,0,11,Savings,No
L01646,C11646,Chandigarh,Chandigarh,Chandigarh,Male,28,Salaried,110948,738,2,Business,110348,14.78,120,1765.46,2024-11-06,08-11-2024,Approved,110348,No,0,0,12,Current,No
L01647,C11647,Bhopal,Bhopal,Madhya Pradesh,Male,45,Salaried,71613,700,0,Auto,131539,12.29,120,1909.32,2024-04-03,04-04-2024,Approved,131539,No,0,0,6,Savings,No
L01648,C11648,Patna,Patna,Bihar,Female,33,Salaried,70363,736,2,Business,133894,13.7,60,3094.69,2025-08-11,15-08-2025,Approved,133894,No,0,0,1,Savings,Yes
L01649,C11649,Mumbai South,Mumbai,Maharashtra,Female,30,Salaried,75644,630,2,Education,41550,9.27,36,1326.51,2024-12-06,,Pending,0,No,0,0,11,Current,Yes
L01650,C11650,Patna,Patna,Bihar,Male,25,Salaried,35221,850,1,Home,311119,10.17,84,5192.31,2025-03-27,29-03-2025,Approved,311119,No,0,0,13,Current,No
L01651,C11651,Chandigarh,Chandigarh,Chandigarh,Female,41,Salaried,138287,699,2,Business,239161,8.58,120,2975.5,2024-07-07,09-07-2024,Approved,239161,No,0,0,8,Current,Yes
L01652,C11652,Delhi Central,Delhi,Delhi,Female,40,Business,51995,815,0,Personal,33715,15.76,180,489.54,2025-01-26,,Pending,0,No,0,0,12,Savings,Yes
L01653,C11653,Delhi Central,Delhi,Delhi,Male,31,Business,60126,701,4,Home,582132,12.03,48,15338.34,2024-06-04,12-06-2024,Approved,582132,No,0,0,12,Savings,No
L01654,C11654,Patna,Patna,Bihar,Female,30,Salaried,75738,655,2,Personal,112853,8.28,36,3551,2024-01-12,16-01-2024,Approved,112853,No,0,0,11,Current,Yes
L01655,C11655,Bhopal,Bhopal,Madhya Pradesh,Male,56,Business,37886,678,0,Home,488369,13.45,60,11224.72,2025-07-26,03-08-2025,Approved,488369,No,0,0,8,Savings,No
L01656,C11656,Mumbai South,Mumbai,Maharashtra,Male,60,Salaried,102395,650,2,Home,526029,14.8,60,12459.04,2025-11-24,,Pending,0,No,0,0,0,Savings,No
L01657,C11657,Delhi Central,Delhi,Delhi,Female,23,Salaried,32518,765,1,Home,369419,14.55,60,8701.43,2025-05-03,10-05-2025,Approved,369419,No,0,0,10,Savings,Yes
L01658,C11658,Hyderabad Central,Hyderabad,Telangana,Male,53,Student,178203,835,4,Personal,71398,16.17,60,1742.72,2024-07-28,04-08-2024,Approved,71398,No,0,0,11,Current,Yes
L01659,C11659,Chennai North,Chennai,Tamil Nadu,Female,54,Salaried,158811,555,2,Personal,100392,13.11,48,2698.75,2024-03-16,17-03-2024,Approved,100392,No,0,0,4,Savings,Yes
L01660,C11660,Bhubaneswar,Bhubaneswar,Odisha,Male,27,Self-employed,75732,740,4,Personal,56627,11.84,120,807.2,2024-10-10,18-10-2024,Approved,56627,No,0,0,2,Savings,Yes
L01661,C11661,Lucknow,Lucknow,Uttar Pradesh,Male,34,Salaried,92200,742,2,Education,103415,9.02,180,1050.13,2025-08-06,08-08-2025,Approved,103415,No,0,0,3,Current,No
L01662,C11662,Bhopal,Bhopal,Madhya Pradesh,Male,44,Salaried,140474,623,1,Auto,143954,15.44,180,2058.32,2025-02-22,,Rejected,0,No,0,0,1,Current,Yes
L01663,C11663,Bengaluru East,Bengaluru,Karnataka,Female,52,Salaried,170907,686,4,Personal,102154,12.26,84,1817.53,2024-12-05,08-12-2024,Approved,102154,No,0,0,5,Current,Yes
L01664,C11664,Patna,Patna,Bihar,Male,54,Self-employed,165645,773,0,Education,44520,12.24,48,1177.64,2024-09-08,09-09-2024,Approved,44520,No,0,0,10,Current,No
L01665,C11665,Chandigarh,Chandigarh,Chandigarh,Female,52,Self-employed,154816,593,3,Home,570327,12.46,84,10208.67,2024-10-02,,Rejected,0,No,0,0,10,Current,No
L01666,C11666,Bengaluru East,Bengaluru,Karnataka,Male,35,Salaried,77603,688,0,Business,249018,15.58,180,3584.67,2025-12-27,30-12-2025,Approved,249018,No,0,0,15,Current,No
L01667,C11667,Hyderabad Central,Hyderabad,Telangana,Male,25,Business,101318,757,1,Personal,62366,14.35,180,845.27,2025-10-29,08-11-2025,Approved,62366,No,0,0,13,Current,No
L01668,C11668,Chennai North,Chennai,Tamil Nadu,Female,60,Salaried,108438,677,0,Education,132059,13.27,60,3023.03,2024-04-24,02-05-2024,Approved,132059,No,0,0,13,Savings,Yes
L01669,C11669,Bhubaneswar,Bhubaneswar,Odisha,Male,57,Student,117002,678,0,Education,81904,14.56,36,2821.61,2024-03-28,,Rejected,0,No,0,0,10,Current,Yes
L01670,C11670,Bengaluru East,Bengaluru,Karnataka,Female,30,Salaried,98600,561,4,Education,58176,10.25,180,634.09,2025-09-06,13-09-2025,Approved,58176,No,0,0,1,Current,No
L01671,C11671,Chandigarh,Chandigarh,Chandigarh,Male,26,Self-employed,157684,745,1,Home,307292,12.48,36,10277.08,2024-12-07,,Rejected,0,No,0,0,14,Savings,No
L01672,C11672,Bhopal,Bhopal,Madhya Pradesh,Female,46,Student,152394,679,0,Business,251073,9.85,84,4148.68,2024-01-17,27-01-2024,Approved,251073,No,0,0,12,Savings,No
L01673,C11673,Jaipur,Jaipur,Rajasthan,Female,46,Business,61119,668,2,Education,81784,15.83,60,1981.45,2025-10-01,03-10-2025,Approved,81784,No,0,0,4,Current,No
L01674,C11674,Jaipur,Jaipur,Rajasthan,Male,53,Salaried,36160,690,1,Business,267389,16.23,180,3970.11,2025-10-26,,Rejected,0,No,0,0,6,Savings,Yes
L01675,C11675,Chandigarh,Chandigarh,Chandigarh,Female,50,Salaried,108892,661,1,Personal,74628,9.84,120,979.61,2025-01-14,23-01-2025,Approved,74628,No,0,0,12,Savings,No
L01676,C11676,Lucknow,Lucknow,Uttar Pradesh,Male,51,Self-employed,46544,680,4,Auto,76228,12.96,36,2566.95,2025-04-12,18-04-2025,Approved,76228,Yes,176,44406,8,Current,Yes
L01677,C11677,Bhopal,Bhopal,Madhya Pradesh,Female,59,Self-employed,113880,698,2,Auto,96620,12.18,180,1170.81,2024-09-07,13-09-2024,Approved,96620,No,0,0,15,Current,No
L01678,C11678,Jaipur,Jaipur,Rajasthan,Female,43,Salaried,108686,720,4,Business,332396,7.67,60,6687.42,2024-11-06,11-11-2024,Approved,332396,No,0,0,6,Current,Yes
L01679,C11679,Bhopal,Bhopal,Madhya Pradesh,Female,55,Salaried,154139,801,4,Home,223853,14.03,120,3479.72,2024-09-29,30-09-2024,Approved,223853,No,0,0,7,Current,Yes
L01680,C11680,Pune East,Pune,Maharashtra,Male,44,Business,147321,772,0,Business,105028,8.49,60,2154.3,2025-10-20,28-10-2025,Approved,105028,No,0,0,9,Current,Yes
L01681,C11681,Chandigarh,Chandigarh,Chandigarh,Male,37,Business,151813,733,2,Personal,85599,10.53,60,1841.13,2024-04-16,21-04-2024,Approved,85599,No,0,0,15,Current,Yes
L01682,C11682,Ahmedabad,Ahmedabad,Gujarat,Female,44,Salaried,107332,738,1,Home,225794,12.33,60,5060.4,2024-12-23,02-01-2025,Approved,225794,No,0,0,11,Current,No
L01683,C11683,Patna,Patna,Bihar,Female,44,Self-employed,50616,649,1,Education,149268,12.28,60,3341.54,2025-10-05,,Rejected,0,No,0,0,6,Current,Yes
L01684,C11684,Chennai North,Chennai,Tamil Nadu,Male,40,Salaried,103796,631,0,Personal,52980,11.1,120,732.8,2025-03-31,,Rejected,0,No,0,0,3,Current,No
L01685,C11685,Chandigarh,Chandigarh,Chandigarh,Female,36,Student,57633,586,4,Personal,25470,12.16,48,672.73,2025-05-26,,Pending,0,No,0,0,11,Current,Yes
L01686,C11686,Mumbai South,Mumbai,Maharashtra,Female,22,Salaried,126791,651,0,Home,391233,10.63,180,4356.27,2024-02-01,02-02-2024,Approved,391233,No,0,0,14,Savings,No
L01687,C11687,Jaipur,Jaipur,Rajasthan,Female,57,Salaried,167343,603,4,Personal,109116,8.38,180,1066.85,2024-06-08,14-06-2024,Approved,109116,No,0,0,7,Current,No
L01688,C11688,Ahmedabad,Ahmedabad,Gujarat,Male,43,Student,137312,728,3,Business,272945,15.41,60,6552.23,2025-12-21,28-12-2025,Approved,272945,Yes,44,119132,4,Savings,Yes
L01689,C11689,Hyderabad Central,Hyderabad,Telangana,Male,34,Salaried,115546,740,4,Home,292661,9.21,120,3740.65,2025-04-24,,Rejected,0,No,0,0,9,Savings,No
L01690,C11690,Chandigarh,Chandigarh,Chandigarh,Female,60,Salaried,131217,584,1,Personal,113358,14.45,120,1790.87,2025-02-27,,Rejected,0,No,0,0,2,Current,Yes
L01691,C11691,Chennai North,Chennai,Tamil Nadu,Male,24,Self-employed,84854,730,3,Education,103494,14.82,84,1986.66,2024-01-26,01-02-2024,Approved,103494,No,0,0,13,Savings,No
L01692,C11692,Bhopal,Bhopal,Madhya Pradesh,Female,25,Salaried,157796,576,4,Personal,96450,8.43,48,2374.14,2025-11-19,23-11-2025,Approved,96450,No,0,0,5,Savings,No
L01693,C11693,Chandigarh,Chandigarh,Chandigarh,Male,41,Self-employed,123988,719,3,Education,101637,12.61,48,2707.03,2024-12-07,,Rejected,0,No,0,0,9,Current,No
L01694,C11694,Jaipur,Jaipur,Rajasthan,Female,38,Salaried,122596,706,1,Home,509892,14.87,60,12095.53,2024-10-20,,Pending,0,No,0,0,3,Savings,No
L01695,C11695,Mumbai South,Mumbai,Maharashtra,Male,45,Self-employed,74173,676,2,Home,258043,12.47,180,3175.4,2025-10-20,30-10-2025,Approved,258043,No,0,0,13,Current,Yes
L01696,C11696,Lucknow,Lucknow,Uttar Pradesh,Female,52,Self-employed,93202,689,3,Auto,93466,7.75,36,2918.12,2024-09-24,28-09-2024,Approved,93466,No,0,0,10,Current,Yes
L01697,C11697,Bhubaneswar,Bhubaneswar,Odisha,Male,28,Salaried,69298,541,0,Home,416421,11.84,84,7315.39,2024-10-25,,Rejected,0,No,0,0,15,Savings,Yes
L01698,C11698,Ahmedabad,Ahmedabad,Gujarat,Female,48,Salaried,167465,650,1,Education,79442,8.8,120,997.76,2025-01-17,24-01-2025,Approved,79442,No,0,0,2,Current,Yes
L01699,C11699,Mumbai South,Mumbai,Maharashtra,Female,30,Salaried,168025,606,4,Home,307183,8.43,84,4853.89,2025-08-11,15-08-2025,Approved,307183,No,0,0,5,Current,No
L01700,C11700,Chandigarh,Chandigarh,Chandigarh,Female,46,Salaried,137564,677,3,Home,458712,13.02,84,8349.86,2024-02-07,11-02-2024,Approved,458712,No,0,0,0,Current,No
L01701,C11701,Bhopal,Bhopal,Madhya Pradesh,Male,57,Business,152544,659,1,Personal,106770,16.48,180,1604.01,2025-09-02,03-09-2025,Approved,106770,No,0,0,2,Current,Yes
L01702,C11702,Chennai North,Chennai,Tamil Nadu,Female,55,Salaried,127566,650,3,Business,322415,10,36,10403.43,2024-12-06,,Pending,0,No,0,0,2,Savings,No
L01703,C11703,Kochi,Kochi,Kerala,Male,42,Student,130258,700,0,Personal,116334,15.86,36,4081.92,2025-07-17,,Rejected,0,No,0,0,14,Current,No
L01704,C11704,Lucknow,Lucknow,Uttar Pradesh,Male,30,Self-employed,85792,653,1,Education,78241,12.41,120,1141.15,2024-11-01,11-11-2024,Approved,78241,No,0,0,0,Current,No
L01705,C11705,Jaipur,Jaipur,Rajasthan,Male,41,Self-employed,150833,630,3,Auto,140481,8.6,48,3469.25,2024-03-24,26-03-2024,Approved,140481,Yes,169,32052,6,Savings,No
L01706,C11706,Pune East,Pune,Maharashtra,Female,57,Business,82815,835,2,Education,143026,12.93,36,4814.29,2025-05-19,,Rejected,0,No,0,0,2,Current,Yes
L01707,C11707,Chennai North,Chennai,Tamil Nadu,Male,43,Salaried,143463,813,2,Home,282985,15.69,180,4095.2,2025-01-26,28-01-2025,Approved,282985,No,0,0,8,Savings,No
L01708,C11708,Chennai North,Chennai,Tamil Nadu,Male,49,Salaried,92860,608,0,Education,89447,14.38,84,1695.07,2025-04-13,,Rejected,0,No,0,0,13,Savings,Yes
L01709,C11709,Ahmedabad,Ahmedabad,Gujarat,Female,35,Salaried,178910,713,1,Education,113761,14.36,48,3129.27,2024-02-15,18-02-2024,Approved,113761,No,0,0,13,Current,No
L01710,C11710,Bhubaneswar,Bhubaneswar,Odisha,Female,37,Student,114203,616,0,Education,69609,12.39,120,1014.44,2024-02-14,,Rejected,0,No,0,0,14,Savings,Yes
L01711,C11711,Lucknow,Lucknow,Uttar Pradesh,Male,43,Salaried,114366,713,0,Personal,96503,15.52,60,2322.22,2025-08-16,,Rejected,0,No,0,0,9,Current,No
L01712,C11712,Patna,Patna,Bihar,Male,27,Salaried,151908,655,4,Personal,60196,15.43,60,1445.68,2024-10-23,29-10-2024,Approved,60196,No,0,0,14,Savings,No
L01713,C11713,Bengaluru East,Bengaluru,Karnataka,Male,45,Business,80073,671,0,Education,106017,7.59,120,1263.43,2024-09-21,,Pending,0,No,0,0,12,Current,No
L01714,C11714,Delhi Central,Delhi,Delhi,Female,45,Business,72709,750,3,Home,422316,8.69,84,6728.42,2025-07-15,25-07-2025,Approved,422316,No,0,0,14,Current,No
L01715,C11715,Jaipur,Jaipur,Rajasthan,Female,50,Salaried,78771,555,3,Home,266822,11.97,120,3823.49,2024-07-07,,Pending,0,No,0,0,14,Savings,Yes
L01716,C11716,Delhi Central,Delhi,Delhi,Female,36,Student,57296,627,1,Auto,159954,9.05,180,1627.12,2024-02-03,,Rejected,0,No,0,0,5,Current,Yes
L01717,C11717,Bengaluru East,Bengaluru,Karnataka,Male,33,Business,88401,726,4,Auto,110236,9.77,84,1816.97,2024-01-24,25-01-2024,Approved,110236,No,0,0,12,Current,Yes
L01718,C11718,Chandigarh,Chandigarh,Chandigarh,Male,46,Business,59213,702,1,Personal,90475,15.42,60,2172.39,2024-05-23,25-05-2024,Approved,90475,No,0,0,10,Savings,No
L01719,C11719,Kochi,Kochi,Kerala,Male,23,Self-employed,94442,686,4,Personal,89692,11.81,60,1986.55,2024-09-08,18-09-2024,Approved,89692,No,0,0,0,Current,Yes
L01720,C11720,Pune East,Pune,Maharashtra,Female,40,Self-employed,163780,835,0,Personal,78204,11.19,60,1707.76,2024-05-15,16-05-2024,Approved,78204,No,0,0,13,Current,No
L01721,C11721,Delhi Central,Delhi,Delhi,Male,23,Salaried,179689,730,1,Business,331939,7.81,36,10372.69,2025-09-28,,Pending,0,No,0,0,10,Current,No
L01722,C11722,Bhubaneswar,Bhubaneswar,Odisha,Male,58,Self-employed,59529,677,4,Education,104168,12.22,84,1851.13,2024-06-12,,Pending,0,No,0,0,15,Savings,Yes
L01723,C11723,Hyderabad Central,Hyderabad,Telangana,Male,40,Business,132136,749,3,Business,382743,11.03,60,8327.49,2024-04-27,01-05-2024,Approved,382743,No,0,0,5,Savings,No
L01724,C11724,Delhi Central,Delhi,Delhi,Male,41,Salaried,35833,804,1,Personal,60923,10.55,36,1981.58,2024-06-02,,Pending,0,No,0,0,4,Savings,Yes
L01725,C11725,Mumbai South,Mumbai,Maharashtra,Female,44,Salaried,96195,741,3,Auto,67865,8,60,1376.06,2025-02-19,27-02-2025,Approved,67865,No,0,0,0,Savings,No
L01726,C11726,Bengaluru East,Bengaluru,Karnataka,Female,57,Salaried,97292,712,1,Education,60121,15.31,84,1170.62,2024-02-26,03-03-2024,Approved,60121,No,0,0,6,Savings,Yes
L01727,C11727,Kolkata West,Kolkata,West Bengal,Female,53,Student,62161,777,1,Personal,112696,13.3,84,2068.59,2024-02-20,25-02-2024,Approved,112696,No,0,0,4,Savings,Yes
L01728,C11728,Ahmedabad,Ahmedabad,Gujarat,Female,25,Salaried,164336,628,2,Personal,33070,13.09,84,603.23,2024-01-08,09-01-2024,Approved,33070,No,0,0,13,Current,No
L01729,C11729,Chandigarh,Chandigarh,Chandigarh,Male,22,Business,116854,723,0,Education,50281,12.45,180,618.09,2024-12-27,31-12-2024,Approved,50281,No,0,0,14,Savings,No
L01730,C11730,Kolkata West,Kolkata,West Bengal,Male,51,Business,157519,706,1,Auto,77037,10.59,180,855.87,2025-01-15,,Pending,0,No,0,0,3,Savings,No
L01731,C11731,Patna,Patna,Bihar,Male,59,Business,46831,681,0,Business,324656,10.51,84,5475.61,2024-11-05,07-11-2024,Approved,324656,No,0,0,9,Savings,No
L01732,C11732,Lucknow,Lucknow,Uttar Pradesh,Female,36,Business,66537,731,3,Home,465249,8.22,120,5698.98,2024-08-31,03-09-2024,Approved,465249,No,0,0,15,Current,Yes
L01733,C11733,Bhopal,Bhopal,Madhya Pradesh,Female,50,Salaried,92602,661,1,Auto,139812,15.24,120,2276.25,2025-04-18,21-04-2025,Approved,139812,No,0,0,12,Current,No
L01734,C11734,Mumbai South,Mumbai,Maharashtra,Female,46,Self-employed,105579,785,1,Business,102549,15.01,120,1655.1,2025-08-08,12-08-2025,Approved,102549,No,0,0,0,Current,Yes
L01735,C11735,Hyderabad Central,Hyderabad,Telangana,Female,58,Self-employed,38255,611,4,Home,465310,8.09,180,4470.95,2024-12-28,,Rejected,0,No,0,0,15,Current,Yes
L01736,C11736,Hyderabad Central,Hyderabad,Telangana,Male,46,Salaried,61286,610,1,Personal,97843,8.88,36,3105.92,2024-08-14,,Rejected,0,No,0,0,7,Savings,Yes
L01737,C11737,Kochi,Kochi,Kerala,Female,24,Self-employed,112054,721,0,Education,54162,14.88,84,1041.51,2024-11-14,,Rejected,0,No,0,0,8,Current,No
L01738,C11738,Ahmedabad,Ahmedabad,Gujarat,Male,21,Business,161761,731,2,Home,470013,14.67,48,13002.32,2024-12-03,08-12-2024,Approved,470013,No,0,0,9,Savings,Yes
L01739,C11739,Kolkata West,Kolkata,West Bengal,Male,41,Business,133904,758,3,Education,40802,16.35,48,1163.67,2025-09-01,04-09-2025,Approved,40802,No,0,0,5,Current,No
L01740,C11740,Kochi,Kochi,Kerala,Male,46,Salaried,36195,647,1,Home,445052,7.64,36,13872.52,2025-12-21,,Pending,0,No,0,0,1,Current,No
L01741,C11741,Patna,Patna,Bihar,Female,47,Salaried,106727,665,3,Home,536686,13.85,60,12446.05,2024-09-23,24-09-2024,Approved,536686,No,0,0,9,Savings,Yes
L01742,C11742,Mumbai South,Mumbai,Maharashtra,Female,60,Salaried,62646,762,0,Education,88048,16.05,60,2143.5,2025-08-07,11-08-2025,Approved,88048,No,0,0,7,Current,Yes
L01743,C11743,Hyderabad Central,Hyderabad,Telangana,Female,34,Business,179655,772,2,Home,395791,12.52,48,10524.03,2024-12-08,12-12-2024,Approved,395791,No,0,0,3,Savings,Yes
L01744,C11744,Delhi Central,Delhi,Delhi,Female,35,Salaried,90156,597,1,Home,270587,11.31,36,8898.45,2024-07-02,10-07-2024,Approved,270587,No,0,0,0,Current,Yes
L01745,C11745,Kochi,Kochi,Kerala,Female,31,Salaried,85332,654,0,Personal,36451,9.74,48,919.95,2024-11-30,01-12-2024,Approved,36451,No,0,0,2,Current,No
L01746,C11746,Pune East,Pune,Maharashtra,Female,24,Self-employed,94932,740,0,Home,229855,15.56,180,3305.64,2025-11-22,28-11-2025,Approved,229855,No,0,0,2,Savings,Yes
L01747,C11747,Pune East,Pune,Maharashtra,Female,26,Salaried,85966,562,3,Education,39878,12.78,48,1065.48,2024-12-19,,Pending,0,No,0,0,11,Savings,No
L01748,C11748,Kolkata West,Kolkata,West Bengal,Female,25,Business,148324,681,0,Personal,85170,15.22,60,2036.04,2025-01-01,03-01-2025,Approved,85170,No,0,0,12,Current,Yes
L01749,C11749,Bengaluru East,Bengaluru,Karnataka,Male,38,Salaried,29574,729,3,Home,596732,8.17,180,5761.4,2025-07-03,10-07-2025,Approved,596732,No,0,0,4,Savings,Yes
L01750,C11750,Jaipur,Jaipur,Rajasthan,Female,25,Salaried,100802,627,1,Home,468302,12.56,84,8407.71,2025-05-27,,Rejected,0,No,0,0,13,Current,No
L01751,C11751,Bhubaneswar,Bhubaneswar,Odisha,Male,40,Salaried,81563,664,4,Home,551322,12.84,36,18533.76,2024-02-15,20-02-2024,Approved,551322,No,0,0,13,Savings,Yes
L01752,C11752,Kochi,Kochi,Kerala,Male,59,Salaried,159596,621,4,Personal,32866,12.34,48,870.98,2024-02-09,16-02-2024,Approved,32866,No,0,0,12,Savings,Yes
L01753,C11753,Ahmedabad,Ahmedabad,Gujarat,Female,55,Business,48224,585,3,Business,103984,16.44,180,1559.23,2024-02-06,,Rejected,0,No,0,0,12,Current,No
L01754,C11754,Bhopal,Bhopal,Madhya Pradesh,Male,45,Salaried,162364,671,0,Home,231832,13.93,48,6327.01,2024-01-02,,Rejected,0,No,0,0,3,Current,No
L01755,C11755,Bengaluru East,Bengaluru,Karnataka,Male,50,Salaried,135093,673,1,Education,123312,14.53,120,1954.11,2024-08-15,22-08-2024,Approved,123312,No,0,0,11,Savings,No
L01756,C11756,Pune East,Pune,Maharashtra,Female,59,Salaried,132913,766,3,Business,216426,10.99,60,4704.55,2025-07-31,07-08-2025,Approved,216426,No,0,0,13,Current,No
L01757,C11757,Mumbai South,Mumbai,Maharashtra,Female,52,Self-employed,47020,631,0,Personal,99641,14.66,84,1903.79,2024-07-31,,Pending,0,No,0,0,7,Savings,Yes
L01758,C11758,Bhubaneswar,Bhubaneswar,Odisha,Female,34,Business,63417,719,0,Education,47655,10.65,60,1027.84,2025-03-14,18-03-2025,Approved,47655,No,0,0,15,Current,No
L01759,C11759,Bhopal,Bhopal,Madhya Pradesh,Male,22,Business,51062,612,3,Home,560394,8.95,84,9002.01,2024-04-20,,Rejected,0,No,0,0,15,Savings,Yes
L01760,C11760,Patna,Patna,Bihar,Male,30,Salaried,40093,763,1,Business,232081,10.53,36,7546.48,2025-11-04,10-11-2025,Approved,232081,No,0,0,1,Savings,Yes
L01761,C11761,Kolkata West,Kolkata,West Bengal,Female,46,Business,87102,610,2,Personal,71344,9.43,48,1790,2024-10-15,19-10-2024,Approved,71344,No,0,0,1,Savings,Yes
L01762,C11762,Kolkata West,Kolkata,West Bengal,Male,39,Salaried,66258,679,4,Personal,49625,16.37,84,996.14,2025-12-09,,Pending,0,No,0,0,8,Savings,No
L01763,C11763,Kolkata West,Kolkata,West Bengal,Female,41,Student,133347,691,4,Personal,45513,10.73,120,620.01,2025-09-12,,Rejected,0,No,0,0,5,Savings,No
L01764,C11764,Bengaluru East,Bengaluru,Karnataka,Female,41,Business,39597,649,0,Home,280973,7.84,48,6838.29,2024-10-20,27-10-2024,Approved,280973,No,0,0,14,Savings,Yes
L01765,C11765,Pune East,Pune,Maharashtra,Male,44,Salaried,36397,704,4,Business,167032,14.45,120,2638.83,2024-01-13,20-01-2024,Approved,167032,No,0,0,1,Savings,Yes
L01766,C11766,Chennai North,Chennai,Tamil Nadu,Male,52,Salaried,102047,661,2,Personal,100505,7.8,120,1208.81,2025-01-25,,Rejected,0,No,0,0,13,Savings,No
L01767,C11767,Bengaluru East,Bengaluru,Karnataka,Female,46,Business,169613,740,2,Personal,40354,7.63,48,978.17,2024-09-22,25-09-2024,Approved,40354,No,0,0,12,Savings,Yes
L01768,C11768,Chennai North,Chennai,Tamil Nadu,Female,36,Salaried,103696,562,2,Home,188626,15.04,36,6542.48,2025-06-29,02-07-2025,Approved,188626,No,0,0,12,Savings,No
L01769,C11769,Bhopal,Bhopal,Madhya Pradesh,Male,59,Self-employed,175405,632,0,Home,560261,14.59,120,8898.82,2025-08-04,,Rejected,0,No,0,0,3,Savings,Yes
L01770,C11770,Kochi,Kochi,Kerala,Female,45,Student,62490,727,2,Education,83635,12.54,180,1033,2024-08-04,05-08-2024,Approved,83635,No,0,0,2,Current,Yes
L01771,C11771,Chennai North,Chennai,Tamil Nadu,Male,54,Salaried,172420,649,2,Business,201349,8.91,180,2031.45,2024-04-28,,Rejected,0,No,0,0,0,Current,No
L01772,C11772,Jaipur,Jaipur,Rajasthan,Male,53,Salaried,25357,644,4,Education,133859,7.93,84,2081.69,2025-04-09,18-04-2025,Approved,133859,No,0,0,6,Savings,Yes
L01773,C11773,Chennai North,Chennai,Tamil Nadu,Male,37,Self-employed,117717,695,2,Personal,39984,11.62,180,470.14,2025-04-28,29-04-2025,Approved,39984,No,0,0,8,Savings,Yes
L01774,C11774,Chennai North,Chennai,Tamil Nadu,Female,37,Salaried,177207,620,4,Business,355388,11.55,120,5006.76,2024-08-23,25-08-2024,Approved,355388,No,0,0,12,Current,Yes
L01775,C11775,Bengaluru East,Bengaluru,Karnataka,Female,40,Salaried,126006,732,3,Personal,28567,13.83,120,440.63,2024-02-16,23-02-2024,Approved,28567,No,0,0,1,Savings,Yes
L01776,C11776,Lucknow,Lucknow,Uttar Pradesh,Female,42,Salaried,49804,694,1,Personal,71926,7.84,60,1452.9,2024-01-22,30-01-2024,Approved,71926,No,0,0,12,Current,No
L01777,C11777,Bhubaneswar,Bhubaneswar,Odisha,Female,58,Self-employed,179911,682,0,Personal,105148,9.72,36,3379.02,2024-01-26,,Pending,0,No,0,0,14,Current,Yes
L01778,C11778,Bhopal,Bhopal,Madhya Pradesh,Male,49,Salaried,83175,742,3,Personal,60624,12.86,48,1622.18,2024-02-07,09-02-2024,Approved,60624,No,0,0,2,Current,Yes
L01779,C11779,Kolkata West,Kolkata,West Bengal,Female,24,Student,97884,658,0,Home,303996,8.28,60,6204.76,2024-12-08,,Rejected,0,No,0,0,13,Current,No
L01780,C11780,Chennai North,Chennai,Tamil Nadu,Male,35,Business,161048,661,2,Auto,156733,16.36,60,3841.49,2025-01-18,,Pending,0,No,0,0,7,Savings,No
L01781,C11781,Bhopal,Bhopal,Madhya Pradesh,Male,34,Business,119422,690,0,Personal,111059,14.67,120,1769.39,2024-07-03,10-07-2024,Approved,111059,No,0,0,6,Current,Yes
L01782,C11782,Kochi,Kochi,Kerala,Female,50,Salaried,144126,693,1,Business,239089,14.37,180,3243.7,2024-06-07,15-06-2024,Approved,239089,No,0,0,4,Savings,No
L01783,C11783,Patna,Patna,Bihar,Female,42,Student,88858,710,3,Auto,151717,12.48,180,1867.97,2024-04-04,06-04-2024,Approved,151717,No,0,0,7,Current,Yes
L01784,C11784,Bhopal,Bhopal,Madhya Pradesh,Male,51,Self-employed,127371,655,3,Business,305664,7.55,60,6132.14,2025-07-26,03-08-2025,Approved,305664,No,0,0,10,Current,Yes
L01785,C11785,Mumbai South,Mumbai,Maharashtra,Male,45,Salaried,31421,589,4,Auto,147253,14.25,84,2779.9,2024-11-05,,Rejected,0,No,0,0,14,Savings,Yes
L01786,C11786,Hyderabad Central,Hyderabad,Telangana,Female,44,Salaried,85496,769,4,Education,62838,13.45,84,1158.58,2025-12-13,15-12-2025,Approved,62838,No,0,0,12,Current,Yes
L01787,C11787,Pune East,Pune,Maharashtra,Female,29,Business,39355,643,1,Personal,27024,7.56,180,251.44,2024-03-23,,Rejected,0,No,0,0,3,Savings,Yes
L01788,C11788,Patna,Patna,Bihar,Female,48,Salaried,43458,775,4,Personal,93642,9.82,60,1981.33,2025-09-30,02-10-2025,Approved,93642,No,0,0,2,Savings,Yes
L01789,C11789,Delhi Central,Delhi,Delhi,Male,33,Salaried,104417,655,4,Auto,196979,15.17,84,3819.87,2024-05-10,14-05-2024,Approved,196979,Yes,97,87203,8,Savings,No
L01790,C11790,Chandigarh,Chandigarh,Chandigarh,Female,36,Business,133184,631,2,Business,299671,8.13,48,7334.15,2024-05-09,,Pending,0,No,0,0,4,Savings,Yes
L01791,C11791,Ahmedabad,Ahmedabad,Gujarat,Male,26,Salaried,129237,705,3,Home,480140,13.15,180,6122.4,2024-08-16,,Rejected,0,No,0,0,4,Savings,No
L01792,C11792,Hyderabad Central,Hyderabad,Telangana,Male,48,Business,136033,657,4,Home,478034,12.99,36,16104.55,2025-02-27,,Rejected,0,No,0,0,13,Current,Yes
L01793,C11793,Patna,Patna,Bihar,Male,30,Salaried,176363,634,1,Auto,139991,8.76,120,1755.21,2024-06-01,,Pending,0,No,0,0,12,Current,Yes
L01794,C11794,Bengaluru East,Bengaluru,Karnataka,Female,59,Salaried,177875,594,2,Auto,198811,10.39,48,5079.68,2024-07-09,19-07-2024,Approved,198811,No,0,0,8,Current,No
L01795,C11795,Chandigarh,Chandigarh,Chandigarh,Female,36,Self-employed,137513,701,3,Personal,35223,8.17,48,862.71,2024-08-14,19-08-2024,Approved,35223,Yes,163,803,10,Current,No
L01796,C11796,Mumbai South,Mumbai,Maharashtra,Female,41,Business,39624,577,3,Auto,93751,14.52,120,1485.09,2025-05-05,,Pending,0,No,0,0,1,Savings,No
L01797,C11797,Kolkata West,Kolkata,West Bengal,Male,30,Salaried,94847,850,3,Home,366245,9.11,180,3738.7,2025-02-10,11-02-2025,Approved,366245,No,0,0,6,Current,No
L01798,C11798,Mumbai South,Mumbai,Maharashtra,Male,32,Business,115361,641,4,Auto,178373,11.72,48,4672.76,2025-04-11,,Pending,0,No,0,0,6,Current,No
L01799,C11799,Patna,Patna,Bihar,Female,43,Salaried,63285,687,0,Home,401387,13.58,84,7429.18,2025-04-11,20-04-2025,Approved,401387,No,0,0,11,Current,No
L01800,C11800,Patna,Patna,Bihar,Female,27,Salaried,120621,766,4,Home,595729,8.94,48,14807.77,2024-02-01,10-02-2024,Approved,595729,Yes,131,130676,1,Savings,Yes
L01801,C11801,Chandigarh,Chandigarh,Chandigarh,Female,56,Salaried,147247,715,1,Education,35153,15.49,180,503.85,2025-06-18,20-06-2025,Approved,35153,No,0,0,14,Savings,No
L01802,C11802,Pune East,Pune,Maharashtra,Female,55,Salaried,73206,841,0,Personal,20862,8.08,84,325.99,2024-01-24,27-01-2024,Approved,20862,No,0,0,8,Savings,No
L01803,C11803,Chandigarh,Chandigarh,Chandigarh,Male,52,Business,137690,693,3,Personal,40579,13.12,180,516.63,2024-12-01,03-12-2024,Approved,40579,No,0,0,0,Savings,No
L01804,C11804,Bhubaneswar,Bhubaneswar,Odisha,Male,23,Salaried,104580,642,4,Education,123061,8.66,84,1958.77,2024-06-26,27-06-2024,Approved,123061,Yes,137,1407,14,Savings,Yes
L01805,C11805,Chennai North,Chennai,Tamil Nadu,Female,23,Salaried,163660,703,1,Auto,87315,15.39,180,1245.46,2024-10-08,16-10-2024,Approved,87315,No,0,0,6,Savings,No
L01806,C11806,Bhopal,Bhopal,Madhya Pradesh,Male,56,Salaried,54322,798,3,Education,58981,8.62,84,937.61,2025-09-18,27-09-2025,Approved,58981,No,0,0,9,Savings,Yes
L01807,C11807,Chennai North,Chennai,Tamil Nadu,Male,37,Salaried,91249,702,0,Personal,54590,12.72,36,1832,2024-02-01,06-02-2024,Approved,54590,No,0,0,10,Savings,Yes
L01808,C11808,Pune East,Pune,Maharashtra,Male,52,Salaried,62408,695,4,Business,169106,12.14,120,2439.89,2024-05-12,14-05-2024,Approved,169106,No,0,0,10,Savings,No
L01809,C11809,Kolkata West,Kolkata,West Bengal,Female,27,Business,76155,785,2,Personal,111505,9.7,48,2812.02,2024-05-16,25-05-2024,Approved,111505,No,0,0,10,Savings,No
L01810,C11810,Chandigarh,Chandigarh,Chandigarh,Female,40,Salaried,96044,782,0,Business,240464,11.97,84,4240.99,2024-06-27,,Pending,0,No,0,0,6,Current,Yes
L01811,C11811,Bhopal,Bhopal,Madhya Pradesh,Male,26,Salaried,111405,711,2,Personal,77069,15.01,84,1487.61,2025-04-01,,Rejected,0,No,0,0,5,Current,Yes
L01812,C11812,Chennai North,Chennai,Tamil Nadu,Male,49,Salaried,179025,562,0,Business,90418,9.79,60,1911.79,2025-06-30,,Pending,0,No,0,0,0,Current,Yes
L01813,C11813,Patna,Patna,Bihar,Female,25,Self-employed,106133,707,4,Business,195440,10.81,180,2198.1,2024-12-02,,Pending,0,No,0,0,9,Current,Yes
L01814,C11814,Delhi Central,Delhi,Delhi,Female,43,Business,141117,657,2,Personal,98588,12.97,36,3320.39,2024-04-19,27-04-2024,Approved,98588,No,0,0,7,Savings,No
L01815,C11815,Bhopal,Bhopal,Madhya Pradesh,Female,50,Salaried,62433,640,0,Home,353976,7.51,120,4203.61,2024-12-31,,Pending,0,No,0,0,14,Savings,Yes
L01816,C11816,Bhubaneswar,Bhubaneswar,Odisha,Female,31,Salaried,78767,708,1,Personal,88378,12.86,84,1601.05,2024-03-03,12-03-2024,Approved,88378,No,0,0,14,Current,Yes
L01817,C11817,Bengaluru East,Bengaluru,Karnataka,Male,21,Business,154982,660,0,Education,125751,15.03,120,2031.11,2025-10-16,26-10-2025,Approved,125751,No,0,0,3,Current,No
L01818,C11818,Bhubaneswar,Bhubaneswar,Odisha,Male,35,Salaried,152336,838,4,Business,264950,15.44,48,7432.99,2025-06-09,18-06-2025,Approved,264950,No,0,0,12,Savings,No
L01819,C11819,Bhopal,Bhopal,Madhya Pradesh,Male,57,Salaried,88625,835,4,Home,152135,11.73,84,2663.68,2025-08-24,03-09-2025,Approved,152135,No,0,0,9,Current,No
L01820,C11820,Jaipur,Jaipur,Rajasthan,Female,40,Salaried,36328,738,3,Personal,42328,14.19,48,1160.71,2025-01-29,04-02-2025,Approved,42328,No,0,0,7,Current,No
L01821,C11821,Patna,Patna,Bihar,Female,57,Salaried,127498,813,2,Home,453950,13.37,120,6877.39,2024-08-02,,Rejected,0,No,0,0,10,Savings,No
L01822,C11822,Bhopal,Bhopal,Madhya Pradesh,Female,44,Salaried,107372,714,3,Personal,49224,15.8,84,972.09,2024-12-03,12-12-2024,Approved,49224,Yes,152,17244,9,Savings,No
L01823,C11823,Chandigarh,Chandigarh,Chandigarh,Male,52,Self-employed,80185,760,0,Education,140126,11.69,84,2450.44,2024-04-06,,Rejected,0,No,0,0,6,Current,Yes
L01824,C11824,Chandigarh,Chandigarh,Chandigarh,Male,52,Salaried,82124,716,3,Auto,88957,9.22,180,913.94,2025-12-29,03-01-2026,Approved,88957,Yes,78,26791,10,Savings,No
L01825,C11825,Chandigarh,Chandigarh,Chandigarh,Male,32,Salaried,61239,785,3,Personal,40790,11.63,60,899.74,2025-12-12,18-12-2025,Approved,40790,No,0,0,9,Current,Yes
L01826,C11826,Hyderabad Central,Hyderabad,Telangana,Male,33,Salaried,58543,644,1,Home,405484,8.17,84,6354.36,2025-09-19,20-09-2025,Approved,405484,No,0,0,11,Current,No
L01827,C11827,Pune East,Pune,Maharashtra,Female,23,Self-employed,64006,760,3,Home,252006,11.26,60,5511.95,2024-09-28,,Pending,0,No,0,0,11,Current,No
L01828,C11828,Bhopal,Bhopal,Madhya Pradesh,Female,28,Self-employed,53252,706,4,Auto,74443,16.11,48,2113.93,2025-05-04,05-05-2025,Approved,74443,No,0,0,10,Savings,No
L01829,C11829,Kochi,Kochi,Kerala,Female,27,Self-employed,69265,793,4,Auto,56924,10.78,60,1231.43,2024-10-17,23-10-2024,Approved,56924,No,0,0,0,Current,No
L01830,C11830,Pune East,Pune,Maharashtra,Female,42,Business,38383,578,1,Business,191278,13.85,84,3568.72,2024-01-07,,Rejected,0,No,0,0,15,Current,Yes
L01831,C11831,Chennai North,Chennai,Tamil Nadu,Male,52,Salaried,75249,605,2,Auto,157756,7.82,120,1899.04,2024-07-01,,Rejected,0,No,0,0,7,Current,No
L01832,C11832,Kochi,Kochi,Kerala,Male,48,Self-employed,172536,646,0,Home,509479,9.15,36,16236.89,2025-07-31,,Rejected,0,No,0,0,10,Savings,No
L01833,C11833,Mumbai South,Mumbai,Maharashtra,Female,59,Salaried,146170,800,2,Auto,95257,7.85,48,2318.8,2025-08-21,26-08-2025,Approved,95257,No,0,0,1,Current,No
L01834,C11834,Kolkata West,Kolkata,West Bengal,Female,31,Self-employed,125241,706,1,Education,102251,13.34,180,1316.68,2024-08-31,,Rejected,0,No,0,0,7,Savings,Yes
L01835,C11835,Kolkata West,Kolkata,West Bengal,Female,60,Salaried,25640,719,3,Home,240878,15.78,36,8442.42,2024-02-26,,Rejected,0,No,0,0,4,Savings,Yes
L01836,C11836,Chandigarh,Chandigarh,Chandigarh,Female,49,Business,72665,649,3,Education,71360,10.07,120,945.8,2024-11-27,,Rejected,0,No,0,0,14,Savings,Yes
L01837,C11837,Delhi Central,Delhi,Delhi,Female,33,Salaried,160935,746,0,Business,167771,11.29,120,2338.67,2025-07-20,25-07-2025,Approved,167771,No,0,0,13,Current,No
L01838,C11838,Bengaluru East,Bengaluru,Karnataka,Female,52,Salaried,173863,588,3,Education,137730,7.68,84,2124.8,2024-09-28,,Rejected,0,No,0,0,8,Current,Yes
L01839,C11839,Pune East,Pune,Maharashtra,Female,34,Salaried,147100,663,4,Business,216771,7.63,36,6755.88,2025-12-14,19-12-2025,Approved,216771,No,0,0,15,Current,No
L01840,C11840,Bhopal,Bhopal,Madhya Pradesh,Male,48,Salaried,159728,615,4,Auto,90148,12.41,48,2392.13,2025-02-12,,Rejected,0,No,0,0,4,Savings,No
L01841,C11841,Chandigarh,Chandigarh,Chandigarh,Male,45,Salaried,139700,753,3,Home,420504,15.97,36,14777.45,2024-12-08,15-12-2024,Approved,420504,No,0,0,0,Savings,Yes
L01842,C11842,Kochi,Kochi,Kerala,Female,45,Salaried,148718,700,4,Education,113358,8.08,84,1771.34,2025-08-19,21-08-2025,Approved,113358,No,0,0,8,Savings,No
L01843,C11843,Chennai North,Chennai,Tamil Nadu,Female,38,Salaried,129571,697,4,Home,473383,12.51,60,10652.55,2025-07-23,31-07-2025,Approved,473383,Yes,60,247087,0,Current,No
L01844,C11844,Patna,Patna,Bihar,Male,44,Salaried,150708,661,3,Auto,64369,11.74,60,1423.41,2024-02-29,04-03-2024,Approved,64369,No,0,0,11,Current,No
L01845,C11845,Jaipur,Jaipur,Rajasthan,Male,39,Salaried,39079,677,0,Business,379184,15.83,36,13299.18,2025-11-23,25-11-2025,Approved,379184,No,0,0,11,Savings,Yes
L01846,C11846,Delhi Central,Delhi,Delhi,Female,24,Salaried,100775,713,4,Personal,109925,14.36,180,1490.6,2024-08-23,,Rejected,0,No,0,0,5,Savings,Yes
L01847,C11847,Delhi Central,Delhi,Delhi,Male,60,Self-employed,148382,625,4,Personal,104989,11.65,180,1236.5,2025-10-31,,Rejected,0,No,0,0,10,Savings,No
L01848,C11848,Pune East,Pune,Maharashtra,Female,40,Salaried,68777,763,2,Home,497658,13.6,120,7607.72,2024-09-21,24-09-2024,Approved,497658,No,0,0,2,Current,No
L01849,C11849,Mumbai South,Mumbai,Maharashtra,Female,34,Salaried,35315,804,2,Home,248384,9.65,120,3234.46,2024-08-23,,Rejected,0,No,0,0,13,Current,No
L01850,C11850,Ahmedabad,Ahmedabad,Gujarat,Male,45,Self-employed,26257,645,4,Personal,85064,14.4,84,1612.96,2024-11-04,,Rejected,0,No,0,0,1,Current,No
L01851,C11851,Kolkata West,Kolkata,West Bengal,Female,54,Salaried,97098,676,4,Home,579647,14.67,120,9234.94,2025-02-14,15-02-2025,Approved,579647,No,0,0,14,Current,No
L01852,C11852,Pune East,Pune,Maharashtra,Male,57,Business,171234,785,3,Home,285495,10.86,48,7359.37,2024-11-20,28-11-2024,Approved,285495,No,0,0,3,Savings,Yes
L01853,C11853,Mumbai South,Mumbai,Maharashtra,Male,54,Salaried,43565,741,3,Business,399652,12.49,180,4923.2,2024-11-25,28-11-2024,Approved,399652,No,0,0,11,Current,Yes
L01854,C11854,Lucknow,Lucknow,Uttar Pradesh,Male,24,Self-employed,144002,677,1,Auto,189427,7.57,36,5898.45,2024-06-08,15-06-2024,Approved,189427,No,0,0,11,Current,Yes
L01855,C11855,Delhi Central,Delhi,Delhi,Female,42,Salaried,67982,727,3,Business,367341,15.28,180,5211.89,2025-09-16,18-09-2025,Approved,367341,No,0,0,9,Current,No
L01856,C11856,Kolkata West,Kolkata,West Bengal,Female,49,Salaried,26289,614,2,Home,279974,15.92,36,9832,2025-05-08,,Rejected,0,No,0,0,8,Current,Yes
L01857,C11857,Mumbai South,Mumbai,Maharashtra,Female,48,Salaried,73014,603,2,Personal,38881,13.09,48,1044.82,2025-03-09,,Rejected,0,No,0,0,13,Current,No
L01858,C11858,Jaipur,Jaipur,Rajasthan,Female,39,Salaried,159406,690,2,Business,234618,16.2,48,6673.2,2024-10-11,21-10-2024,Approved,234618,No,0,0,4,Savings,No
L01859,C11859,Bhubaneswar,Bhubaneswar,Odisha,Male,42,Student,139023,721,0,Business,384835,9.38,84,6266.11,2024-09-12,13-09-2024,Approved,384835,No,0,0,8,Current,No
L01860,C11860,Jaipur,Jaipur,Rajasthan,Male,48,Business,116612,760,3,Home,186650,16.33,84,3742.42,2025-07-21,24-07-2025,Approved,186650,No,0,0,7,Savings,No
L01861,C11861,Delhi Central,Delhi,Delhi,Female,42,Business,160911,749,1,Home,168414,8.68,48,4165.45,2025-04-05,10-04-2025,Approved,168414,No,0,0,1,Savings,No
L01862,C11862,Chandigarh,Chandigarh,Chandigarh,Male,52,Salaried,133489,701,1,Home,389373,15.35,60,9334.85,2025-03-04,06-03-2025,Approved,389373,No,0,0,3,Savings,Yes
L01863,C11863,Chennai North,Chennai,Tamil Nadu,Male,52,Salaried,73760,614,0,Business,298206,8.2,180,2884.35,2024-11-01,10-11-2024,Approved,298206,No,0,0,12,Current,Yes
L01864,C11864,Pune East,Pune,Maharashtra,Female,41,Business,102713,661,0,Personal,23764,8.99,120,300.9,2025-11-27,03-12-2025,Approved,23764,No,0,0,5,Current,No
L01865,C11865,Kolkata West,Kolkata,West Bengal,Male,41,Self-employed,96436,567,4,Personal,60653,9.08,120,770.96,2024-06-09,,Pending,0,No,0,0,9,Current,Yes
L01866,C11866,Pune East,Pune,Maharashtra,Male,23,Salaried,82729,790,1,Education,100830,12.5,84,1807,2024-04-03,06-04-2024,Approved,100830,No,0,0,5,Savings,Yes
L01867,C11867,Patna,Patna,Bihar,Female,45,Salaried,101802,742,3,Personal,37849,11.35,120,528.9,2025-12-20,26-12-2025,Approved,37849,No,0,0,4,Current,No
L01868,C11868,Delhi Central,Delhi,Delhi,Male,30,Salaried,151646,744,3,Auto,120421,11.44,36,3967.57,2024-01-08,17-01-2024,Approved,120421,No,0,0,7,Current,No
L01869,C11869,Patna,Patna,Bihar,Female,51,Salaried,136485,770,1,Business,317458,12,180,3810.03,2024-02-07,13-02-2024,Approved,317458,No,0,0,11,Current,Yes
L01870,C11870,Delhi Central,Delhi,Delhi,Male,50,Salaried,58177,844,1,Auto,167483,15.81,36,5872.51,2024-11-15,20-11-2024,Approved,167483,Yes,69,43393,10,Current,No
L01871,C11871,Bhubaneswar,Bhubaneswar,Odisha,Female,54,Business,83440,813,3,Auto,126853,8.44,84,2005.08,2025-05-03,,Pending,0,No,0,0,2,Current,No
L01872,C11872,Chandigarh,Chandigarh,Chandigarh,Female,46,Self-employed,145647,675,1,Personal,64993,10.92,36,2125.33,2024-10-31,,Pending,0,No,0,0,8,Current,No
L01873,C11873,Jaipur,Jaipur,Rajasthan,Male,34,Salaried,71744,670,1,Home,465772,10.47,120,6277.07,2025-04-21,,Pending,0,No,0,0,14,Savings,Yes
L01874,C11874,Chandigarh,Chandigarh,Chandigarh,Female,31,Salaried,93621,671,2,Auto,123150,16.13,84,2455.14,2024-10-08,15-10-2024,Approved,123150,Yes,172,42340,6,Savings,Yes
L01875,C11875,Bengaluru East,Bengaluru,Karnataka,Male,35,Self-employed,89209,674,0,Home,414531,11.99,84,7315.39,2024-05-27,31-05-2024,Approved,414531,No,0,0,1,Current,Yes
L01876,C11876,Delhi Central,Delhi,Delhi,Male,28,Salaried,82267,682,1,Personal,45916,10.43,84,772.5,2024-01-22,30-01-2024,Approved,45916,No,0,0,14,Savings,No
L01877,C11877,Bhubaneswar,Bhubaneswar,Odisha,Female,44,Business,121492,538,2,Personal,84833,10.57,60,1826.34,2025-09-18,,Rejected,0,No,0,0,11,Savings,No
L01878,C11878,Pune East,Pune,Maharashtra,Male,45,Salaried,46752,726,3,Home,419455,10.78,60,9074.01,2024-03-17,27-03-2024,Approved,419455,No,0,0,5,Current,Yes
L01879,C11879,Kochi,Kochi,Kerala,Female,30,Self-employed,41175,828,4,Auto,181235,8.98,36,5761.54,2025-02-07,09-02-2025,Approved,181235,No,0,0,5,Savings,No
L01880,C11880,Patna,Patna,Bihar,Female,52,Salaried,102555,637,2,Home,571438,9.34,180,5912.05,2024-05-18,,Rejected,0,No,0,0,12,Current,No
L01881,C11881,Chennai North,Chennai,Tamil Nadu,Male,53,Business,168373,798,1,Education,77497,13.65,48,2104.14,2024-06-25,27-06-2024,Approved,77497,No,0,0,9,Current,Yes
L01882,C11882,Kochi,Kochi,Kerala,Male,58,Salaried,139427,823,1,Home,588040,14.65,36,20283.96,2025-08-12,15-08-2025,Approved,588040,No,0,0,2,Savings,No
L01883,C11883,Kochi,Kochi,Kerala,Male,43,Salaried,108095,668,0,Home,578500,11.81,60,12812.94,2024-03-31,04-04-2024,Approved,578500,No,0,0,10,Current,No
L01884,C11884,Delhi Central,Delhi,Delhi,Male,56,Self-employed,47796,677,0,Home,308651,14.17,180,4145.75,2024-08-26,04-09-2024,Approved,308651,No,0,0,15,Savings,Yes
L01885,C11885,Chennai North,Chennai,Tamil Nadu,Female,32,Self-employed,137071,661,3,Home,579594,8.66,36,18339.36,2024-06-03,06-06-2024,Approved,579594,No,0,0,6,Savings,Yes
L01886,C11886,Delhi Central,Delhi,Delhi,Male,39,Business,105036,681,4,Home,474046,12.23,120,6864.36,2024-02-21,01-03-2024,Approved,474046,No,0,0,12,Current,No
L01887,C11887,Bhopal,Bhopal,Madhya Pradesh,Female,31,Salaried,175019,761,4,Home,230782,8.13,48,5648.16,2024-07-15,24-07-2024,Approved,230782,No,0,0,6,Savings,No
L01888,C11888,Bengaluru East,Bengaluru,Karnataka,Male,48,Self-employed,129514,747,3,Home,307492,16.26,180,4572,2025-12-13,,Pending,0,No,0,0,15,Savings,Yes
L01889,C11889,Patna,Patna,Bihar,Male,56,Self-employed,49180,582,3,Home,318327,14.82,36,11006.87,2024-04-24,28-04-2024,Approved,318327,No,0,0,0,Savings,No
L01890,C11890,Bhopal,Bhopal,Madhya Pradesh,Female,58,Salaried,32291,590,3,Home,422230,11.77,84,7401.68,2024-12-19,27-12-2024,Approved,422230,No,0,0,4,Current,No
L01891,C11891,Bengaluru East,Bengaluru,Karnataka,Male,25,Self-employed,79779,701,1,Auto,182075,14.05,36,6227.31,2025-10-29,,Pending,0,No,0,0,1,Current,No
L01892,C11892,Patna,Patna,Bihar,Male,33,Self-employed,175295,700,4,Personal,46971,8.04,84,733.04,2025-04-17,23-04-2025,Approved,46971,No,0,0,8,Current,No
L01893,C11893,Ahmedabad,Ahmedabad,Gujarat,Male,29,Student,89964,705,0,Personal,117280,13.63,120,1794.96,2024-01-10,,Rejected,0,No,0,0,15,Savings,No
L01894,C11894,Chandigarh,Chandigarh,Chandigarh,Male,56,Salaried,90443,766,1,Home,262980,15.1,84,5089.43,2024-12-11,,Rejected,0,No,0,0,15,Current,No
L01895,C11895,Bhubaneswar,Bhubaneswar,Odisha,Male,60,Self-employed,69852,692,0,Education,94603,9.18,120,1207.63,2024-11-28,,Pending,0,No,0,0,4,Current,No
L01896,C11896,Kochi,Kochi,Kerala,Female,43,Salaried,54509,753,1,Auto,79970,15.55,84,1567.94,2024-01-25,,Pending,0,No,0,0,9,Savings,Yes
L01897,C11897,Ahmedabad,Ahmedabad,Gujarat,Female,55,Business,79051,612,3,Business,180929,8.81,48,4486.12,2025-06-28,03-07-2025,Approved,180929,No,0,0,13,Current,No
L01898,C11898,Pune East,Pune,Maharashtra,Female,47,Salaried,96688,665,4,Personal,82863,15.99,60,2014.63,2024-04-10,18-04-2024,Approved,82863,No,0,0,4,Savings,No
L01899,C11899,Chennai North,Chennai,Tamil Nadu,Male,50,Salaried,69212,618,0,Home,337878,12.12,36,11241.76,2025-06-09,14-06-2025,Approved,337878,No,0,0,2,Current,No
L01900,C11900,Bengaluru East,Bengaluru,Karnataka,Male,40,Business,124416,653,0,Home,432599,10.93,36,14148.4,2024-11-10,11-11-2024,Approved,432599,No,0,0,12,Savings,Yes
L01901,C11901,Lucknow,Lucknow,Uttar Pradesh,Male,46,Business,30802,703,2,Personal,65958,15.69,48,1858.81,2025-02-11,15-02-2025,Approved,65958,No,0,0,8,Savings,No
L01902,C11902,Jaipur,Jaipur,Rajasthan,Male,38,Self-employed,77010,627,2,Business,222968,13.19,60,5094.92,2024-10-14,,Pending,0,No,0,0,11,Current,No
L01903,C11903,Delhi Central,Delhi,Delhi,Male,35,Student,47605,835,1,Home,556551,8.85,48,13810.19,2025-06-19,29-06-2025,Approved,556551,No,0,0,8,Savings,Yes
L01904,C11904,Chandigarh,Chandigarh,Chandigarh,Female,34,Salaried,164035,786,1,Personal,106261,14.57,36,3661.24,2025-08-17,25-08-2025,Approved,106261,Yes,179,12692,8,Savings,Yes
L01905,C11905,Ahmedabad,Ahmedabad,Gujarat,Female,23,Salaried,43253,737,2,Business,90098,9.66,120,1173.75,2025-10-05,10-10-2025,Approved,90098,No,0,0,15,Current,Yes
L01906,C11906,Delhi Central,Delhi,Delhi,Female,32,Self-employed,174530,807,2,Education,105550,10.52,180,1168.06,2024-05-07,10-05-2024,Approved,105550,No,0,0,11,Current,No
L01907,C11907,Kolkata West,Kolkata,West Bengal,Female,48,Business,101987,709,3,Education,121509,16.22,84,2428.67,2024-05-13,16-05-2024,Approved,121509,No,0,0,0,Savings,No
L01908,C11908,Bhubaneswar,Bhubaneswar,Odisha,Male,49,Salaried,105224,712,3,Auto,124597,13.77,60,2884.32,2025-08-22,28-08-2025,Approved,124597,No,0,0,13,Savings,Yes
L01909,C11909,Patna,Patna,Bihar,Male,48,Salaried,159843,602,0,Home,383285,7.61,120,4571.7,2024-04-15,25-04-2024,Approved,383285,No,0,0,10,Current,No
L01910,C11910,Mumbai South,Mumbai,Maharashtra,Male,23,Self-employed,173446,621,2,Auto,73556,13.79,60,1703.52,2024-06-26,,Rejected,0,No,0,0,7,Current,No
L01911,C11911,Bhopal,Bhopal,Madhya Pradesh,Male,55,Salaried,80906,585,3,Education,142649,11.15,84,2453.76,2025-08-10,,Pending,0,No,0,0,3,Savings,Yes
L01912,C11912,Bhubaneswar,Bhubaneswar,Odisha,Male,47,Self-employed,124184,700,2,Auto,173824,8.36,36,5475.93,2024-12-15,18-12-2024,Approved,173824,No,0,0,2,Current,Yes
L01913,C11913,Chandigarh,Chandigarh,Chandigarh,Female,25,Self-employed,25531,598,0,Business,142526,8.18,84,2234.24,2024-09-20,22-09-2024,Approved,142526,No,0,0,7,Savings,No
L01914,C11914,Pune East,Pune,Maharashtra,Female,32,Business,104160,697,3,Home,533605,14.82,180,7402.59,2025-06-12,,Pending,0,No,0,0,10,Savings,Yes
L01915,C11915,Jaipur,Jaipur,Rajasthan,Female,39,Business,154912,666,4,Auto,81719,13.19,60,1867.32,2024-09-05,07-09-2024,Approved,81719,No,0,0,0,Savings,Yes
L01916,C11916,Ahmedabad,Ahmedabad,Gujarat,Female,57,Student,40834,696,4,Personal,73197,11.21,36,2403.66,2024-05-31,06-06-2024,Approved,73197,No,0,0,6,Savings,No
L01917,C11917,Jaipur,Jaipur,Rajasthan,Male,47,Salaried,163833,712,0,Education,54761,13.65,180,716.44,2025-04-28,08-05-2025,Approved,54761,No,0,0,0,Current,Yes
L01918,C11918,Bhopal,Bhopal,Madhya Pradesh,Male,52,Salaried,40930,714,4,Auto,159291,15.77,180,2314.01,2025-03-21,,Rejected,0,No,0,0,7,Savings,Yes
L01919,C11919,Jaipur,Jaipur,Rajasthan,Male,57,Student,159964,698,4,Home,514508,13.72,84,9562.48,2024-11-07,14-11-2024,Approved,514508,No,0,0,5,Current,No
L01920,C11920,Delhi Central,Delhi,Delhi,Female,39,Business,95522,772,2,Personal,77886,8.7,84,1241.29,2025-02-08,13-02-2025,Approved,77886,No,0,0,5,Savings,No
L01921,C11921,Kolkata West,Kolkata,West Bengal,Female,52,Salaried,116756,847,0,Home,325030,14.38,48,8944.01,2024-03-03,06-03-2024,Approved,325030,No,0,0,7,Savings,Yes
L01922,C11922,Bengaluru East,Bengaluru,Karnataka,Female,37,Salaried,122312,693,3,Home,155300,13.01,180,1965.94,2024-02-03,,Pending,0,No,0,0,14,Current,Yes
L01923,C11923,Kochi,Kochi,Kerala,Female,35,Salaried,138424,650,1,Home,359564,14.2,60,8403.75,2024-05-05,14-05-2024,Approved,359564,No,0,0,0,Savings,No
L01924,C11924,Patna,Patna,Bihar,Male,46,Business,132005,686,4,Business,181776,8.72,84,2898.84,2024-08-24,29-08-2024,Approved,181776,No,0,0,11,Current,Yes
L01925,C11925,Bhopal,Bhopal,Madhya Pradesh,Male,50,Salaried,82439,646,2,Education,57249,8.42,48,1408.93,2024-08-22,,Rejected,0,No,0,0,1,Savings,No
L01926,C11926,Bengaluru East,Bengaluru,Karnataka,Male,37,Self-employed,33920,690,1,Education,31460,9.9,48,796.4,2024-08-26,,Rejected,0,No,0,0,6,Savings,Yes
L01927,C11927,Lucknow,Lucknow,Uttar Pradesh,Female,44,Salaried,46624,759,4,Auto,53313,9.92,48,1350.11,2025-03-26,04-04-2025,Approved,53313,No,0,0,11,Savings,No
L01928,C11928,Ahmedabad,Ahmedabad,Gujarat,Female,55,Salaried,126230,762,2,Personal,112539,10.71,60,2430.63,2025-12-08,14-12-2025,Approved,112539,No,0,0,7,Current,Yes
L01929,C11929,Ahmedabad,Ahmedabad,Gujarat,Female,22,Salaried,63133,637,4,Personal,89378,10.76,48,2299.62,2024-09-26,,Rejected,0,No,0,0,4,Savings,Yes
L01930,C11930,Chennai North,Chennai,Tamil Nadu,Female,60,Self-employed,147879,634,4,Business,190743,8.22,60,3887.69,2024-01-24,26-01-2024,Approved,190743,No,0,0,11,Current,No
L01931,C11931,Bhopal,Bhopal,Madhya Pradesh,Female,26,Business,32825,697,3,Personal,116526,13.34,84,2141.44,2025-10-15,16-10-2025,Approved,116526,No,0,0,14,Savings,No
L01932,C11932,Jaipur,Jaipur,Rajasthan,Female,51,Salaried,103077,697,4,Auto,189432,11.36,48,4929.15,2025-07-26,05-08-2025,Approved,189432,Yes,30,30292,10,Savings,No
L01933,C11933,Bengaluru East,Bengaluru,Karnataka,Female,45,Salaried,52043,648,3,Home,504945,11.48,48,13168.58,2025-08-09,,Rejected,0,No,0,0,13,Savings,No
L01934,C11934,Kolkata West,Kolkata,West Bengal,Female,59,Salaried,77707,770,4,Auto,133987,14.59,60,3158.78,2025-02-28,06-03-2025,Approved,133987,No,0,0,15,Savings,No
L01935,C11935,Chennai North,Chennai,Tamil Nadu,Male,24,Salaried,48865,729,3,Business,279318,13.54,48,7568.48,2025-11-30,,Rejected,0,No,0,0,5,Current,No
L01936,C11936,Chandigarh,Chandigarh,Chandigarh,Female,34,Business,73729,693,1,Business,187219,10.07,120,2481.38,2025-04-07,11-04-2025,Approved,187219,No,0,0,2,Current,No
L01937,C11937,Delhi Central,Delhi,Delhi,Male,58,Salaried,27720,662,3,Education,125323,7.71,84,1935.25,2024-07-31,,Pending,0,No,0,0,4,Current,No
L01938,C11938,Hyderabad Central,Hyderabad,Telangana,Female,56,Self-employed,76826,770,3,Personal,100483,10.77,60,2173.24,2024-04-03,10-04-2024,Approved,100483,No,0,0,0,Savings,No
L01939,C11939,Mumbai South,Mumbai,Maharashtra,Female,39,Self-employed,120878,632,0,Home,543859,11.92,48,14300.54,2024-10-05,,Rejected,0,No,0,0,9,Current,No
L01940,C11940,Bhopal,Bhopal,Madhya Pradesh,Male,35,Salaried,168943,621,0,Education,133072,15.53,180,1911,2024-11-29,09-12-2024,Approved,133072,Yes,114,50985,13,Current,Yes
L01941,C11941,Lucknow,Lucknow,Uttar Pradesh,Male,49,Salaried,104414,685,4,Personal,118782,12.36,48,3149.02,2025-03-31,05-04-2025,Approved,118782,No,0,0,12,Current,Yes
L01942,C11942,Lucknow,Lucknow,Uttar Pradesh,Male,46,Salaried,109769,614,0,Home,173634,12.1,120,2501.19,2025-10-22,,Rejected,0,No,0,0,12,Current,No
L01943,C11943,Bhopal,Bhopal,Madhya Pradesh,Male,37,Self-employed,103163,697,2,Personal,97970,10.47,36,3182.88,2024-07-10,,Rejected,0,No,0,0,11,Current,Yes
L01944,C11944,Patna,Patna,Bihar,Male,53,Salaried,26339,639,4,Personal,47469,10.47,60,1019.59,2025-03-05,,Rejected,0,No,0,0,12,Current,Yes
L01945,C11945,Bhubaneswar,Bhubaneswar,Odisha,Female,58,Self-employed,80558,636,2,Personal,116292,15.73,36,4073,2025-11-03,,Rejected,0,No,0,0,2,Current,Yes
L01946,C11946,Bengaluru East,Bengaluru,Karnataka,Male,28,Self-employed,36607,697,1,Education,136974,13.63,180,1790.22,2024-11-16,,Pending,0,No,0,0,13,Savings,Yes
L01947,C11947,Delhi Central,Delhi,Delhi,Female,28,Salaried,83093,704,4,Personal,113732,13.45,36,3856.78,2024-04-12,,Rejected,0,No,0,0,10,Current,Yes
L01948,C11948,Bhopal,Bhopal,Madhya Pradesh,Male,31,Business,151332,755,1,Education,31515,8.45,36,994.12,2024-03-11,16-03-2024,Approved,31515,No,0,0,14,Savings,Yes
L01949,C11949,Bhubaneswar,Bhubaneswar,Odisha,Female,56,Salaried,48754,611,4,Home,360329,13.13,180,4589.9,2025-01-17,23-01-2025,Approved,360329,No,0,0,3,Savings,No
L01950,C11950,Lucknow,Lucknow,Uttar Pradesh,Female,26,Salaried,154094,634,0,Personal,90289,7.6,60,1813.5,2025-09-16,,Pending,0,No,0,0,6,Savings,No
L01951,C11951,Delhi Central,Delhi,Delhi,Female,27,Business,46949,743,1,Education,39728,14.36,60,931.83,2025-08-13,16-08-2025,Approved,39728,Yes,97,1354,1,Savings,No
L01952,C11952,Patna,Patna,Bihar,Male,51,Salaried,161878,766,4,Personal,40250,13.95,60,935.5,2025-07-07,14-07-2025,Approved,40250,No,0,0,5,Current,Yes
L01953,C11953,Kochi,Kochi,Kerala,Male,35,Self-employed,126798,579,0,Personal,84275,13.56,48,2284.38,2024-04-22,29-04-2024,Approved,84275,Yes,46,35523,2,Savings,Yes
L01954,C11954,Patna,Patna,Bihar,Male,60,Self-employed,83104,618,1,Home,320155,10.71,180,3580.78,2025-06-04,,Rejected,0,No,0,0,4,Savings,No
L01955,C11955,Bhopal,Bhopal,Madhya Pradesh,Male,35,Salaried,99577,715,3,Auto,182355,13.81,36,6215.65,2024-01-21,,Rejected,0,No,0,0,12,Savings,No
L01956,C11956,Patna,Patna,Bihar,Male,39,Salaried,115119,631,1,Home,223915,14.29,48,6151.43,2025-03-08,10-03-2025,Approved,223915,No,0,0,8,Savings,Yes
L01957,C11957,Hyderabad Central,Hyderabad,Telangana,Female,47,Self-employed,166850,657,3,Business,214560,7.84,120,2585.1,2024-08-29,08-09-2024,Approved,214560,No,0,0,8,Current,Yes
L01958,C11958,Patna,Patna,Bihar,Female,21,Business,112141,587,4,Home,583950,8.69,84,9303.61,2024-09-25,02-10-2024,Approved,583950,No,0,0,7,Current,Yes
L01959,C11959,Jaipur,Jaipur,Rajasthan,Female,30,Business,96874,724,4,Auto,126115,13.08,84,2299.77,2025-10-28,04-11-2025,Approved,126115,No,0,0,6,Current,No
L01960,C11960,Ahmedabad,Ahmedabad,Gujarat,Female,59,Salaried,115543,708,1,Home,354863,15.94,60,8618.27,2025-05-22,29-05-2025,Approved,354863,No,0,0,9,Current,No
L01961,C11961,Kolkata West,Kolkata,West Bengal,Male,29,Student,126559,777,3,Home,547701,11.01,48,14158.28,2025-07-07,08-07-2025,Approved,547701,No,0,0,9,Savings,No
L01962,C11962,Bhopal,Bhopal,Madhya Pradesh,Female,56,Business,133282,782,3,Auto,82751,11.06,84,1419.51,2024-06-10,18-06-2024,Approved,82751,No,0,0,9,Savings,Yes
L01963,C11963,Mumbai South,Mumbai,Maharashtra,Female,52,Student,79075,831,2,Home,244010,16.15,60,5953.31,2024-06-04,11-06-2024,Approved,244010,No,0,0,0,Current,No
L01964,C11964,Kolkata West,Kolkata,West Bengal,Female,25,Salaried,53311,775,2,Business,109656,10.56,48,2810.74,2024-01-09,13-01-2024,Approved,109656,No,0,0,2,Savings,Yes
L01965,C11965,Lucknow,Lucknow,Uttar Pradesh,Female,44,Self-employed,29366,604,4,Home,498065,8.84,48,12356.56,2024-05-09,,Rejected,0,No,0,0,3,Savings,Yes
L01966,C11966,Bhubaneswar,Bhubaneswar,Odisha,Male,58,Salaried,92670,846,1,Education,133917,14.83,180,1858.72,2025-10-18,23-10-2025,Approved,133917,No,0,0,15,Savings,No
L01967,C11967,Kochi,Kochi,Kerala,Male,50,Self-employed,151278,616,2,Home,227902,8.37,36,7180.58,2025-03-13,,Pending,0,No,0,0,4,Savings,Yes
L01968,C11968,Chennai North,Chennai,Tamil Nadu,Female,60,Self-employed,160540,642,0,Personal,105608,7.64,36,3291.86,2025-11-28,,Rejected,0,No,0,0,4,Current,Yes
L01969,C11969,Ahmedabad,Ahmedabad,Gujarat,Female,50,Salaried,139090,729,2,Personal,79199,16.25,60,1936.5,2024-05-10,15-05-2024,Approved,79199,No,0,0,4,Savings,No
L01970,C11970,Patna,Patna,Bihar,Male,41,Salaried,73674,592,1,Auto,103110,10.44,36,3348.41,2025-04-22,,Pending,0,No,0,0,5,Savings,No
L01971,C11971,Delhi Central,Delhi,Delhi,Male,37,Salaried,85398,609,4,Business,163276,7.56,60,3276.37,2025-03-27,,Rejected,0,No,0,0,13,Current,No
L01972,C11972,Kochi,Kochi,Kerala,Male,55,Salaried,168125,661,3,Home,520550,13.77,120,8010.56,2025-04-02,05-04-2025,Approved,520550,Yes,150,164314,6,Savings,Yes
L01973,C11973,Kochi,Kochi,Kerala,Female,56,Salaried,74697,786,1,Personal,32488,13.41,36,1101.08,2025-05-07,09-05-2025,Approved,32488,No,0,0,8,Savings,Yes
L01974,C11974,Chandigarh,Chandigarh,Chandigarh,Male,21,Self-employed,46396,762,2,Business,266369,8.78,120,3342.62,2025-01-26,,Pending,0,No,0,0,11,Current,No
L01975,C11975,Hyderabad Central,Hyderabad,Telangana,Male,34,Salaried,150521,719,2,Home,579228,9.69,60,12218.72,2025-08-17,,Pending,0,No,0,0,5,Current,No
L01976,C11976,Delhi Central,Delhi,Delhi,Male,22,Self-employed,79007,710,2,Home,308087,12.9,84,5587.97,2025-01-08,,Rejected,0,No,0,0,11,Current,Yes
L01977,C11977,Kochi,Kochi,Kerala,Male,51,Salaried,39073,850,1,Home,450253,12.82,84,8146.99,2025-09-13,21-09-2025,Approved,450253,No,0,0,7,Savings,No
L01978,C11978,Bhubaneswar,Bhubaneswar,Odisha,Female,58,Self-employed,80222,615,1,Home,237754,9.18,120,3034.98,2024-11-25,26-11-2024,Approved,237754,No,0,0,14,Savings,No
L01979,C11979,Jaipur,Jaipur,Rajasthan,Male,28,Student,162720,703,3,Personal,81813,14.01,84,1533.63,2024-09-18,19-09-2024,Approved,81813,No,0,0,12,Current,No
L01980,C11980,Ahmedabad,Ahmedabad,Gujarat,Male,21,Business,142776,758,3,Business,153006,8.96,120,1934.9,2024-06-07,10-06-2024,Approved,153006,No,0,0,4,Savings,Yes
L01981,C11981,Patna,Patna,Bihar,Female,55,Salaried,170646,719,1,Personal,112840,14.61,120,1793.65,2024-07-29,30-07-2024,Approved,112840,No,0,0,11,Current,Yes
L01982,C11982,Chandigarh,Chandigarh,Chandigarh,Male,46,Salaried,129095,575,0,Business,364730,10.67,48,9368.29,2024-04-06,11-04-2024,Approved,364730,No,0,0,8,Savings,No
L01983,C11983,Lucknow,Lucknow,Uttar Pradesh,Female,58,Self-employed,172435,843,2,Business,307015,10.66,48,7884.37,2024-09-24,25-09-2024,Approved,307015,No,0,0,7,Current,Yes
L01984,C11984,Jaipur,Jaipur,Rajasthan,Male,40,Business,84119,789,3,Home,427362,8.35,180,4170.91,2025-02-24,06-03-2025,Approved,427362,No,0,0,11,Current,No
L01985,C11985,Bengaluru East,Bengaluru,Karnataka,Male,60,Salaried,175420,694,1,Education,83754,9.24,180,861.49,2025-02-07,15-02-2025,Approved,83754,No,0,0,12,Current,No
L01986,C11986,Lucknow,Lucknow,Uttar Pradesh,Female,51,Salaried,173886,532,1,Personal,93269,11.33,48,2425.56,2024-11-12,17-11-2024,Approved,93269,No,0,0,2,Current,Yes
L01987,C11987,Bhopal,Bhopal,Madhya Pradesh,Male,56,Business,103061,742,1,Home,468665,12.96,180,5917.42,2025-05-16,18-05-2025,Approved,468665,No,0,0,0,Savings,Yes
L01988,C11988,Mumbai South,Mumbai,Maharashtra,Male,35,Business,112637,801,2,Personal,20029,10.27,48,510.59,2024-07-22,27-07-2024,Approved,20029,No,0,0,5,Savings,No
L01989,C11989,Kolkata West,Kolkata,West Bengal,Male,26,Salaried,162514,720,3,Education,148938,14.91,84,2866.5,2025-12-21,26-12-2025,Approved,148938,No,0,0,2,Current,No
L01990,C11990,Chennai North,Chennai,Tamil Nadu,Male,45,Salaried,175023,680,3,Personal,50299,10.98,48,1299.52,2024-02-07,14-02-2024,Approved,50299,No,0,0,5,Savings,No
L01991,C11991,Bengaluru East,Bengaluru,Karnataka,Female,40,Salaried,70469,768,3,Auto,165037,16.33,60,4042.37,2025-01-06,14-01-2025,Approved,165037,No,0,0,11,Current,No
L01992,C11992,Kolkata West,Kolkata,West Bengal,Male,31,Self-employed,153160,719,3,Home,210624,13.63,60,4860.54,2025-11-25,03-12-2025,Approved,210624,No,0,0,6,Savings,No
L01993,C11993,Delhi Central,Delhi,Delhi,Female,53,Salaried,158270,607,4,Personal,28236,7.81,120,339.75,2024-12-17,,Rejected,0,No,0,0,15,Savings,No
L01994,C11994,Lucknow,Lucknow,Uttar Pradesh,Female,51,Self-employed,179969,662,2,Education,121338,15.74,84,2392.09,2024-10-07,15-10-2024,Approved,121338,Yes,127,26314,4,Current,No
L01995,C11995,Patna,Patna,Bihar,Female,48,Self-employed,116920,584,2,Education,97927,11.5,180,1143.97,2025-01-31,,Rejected,0,No,0,0,8,Current,No
L01996,C11996,Kochi,Kochi,Kerala,Male,43,Salaried,87551,618,2,Business,212509,15.27,180,3013.65,2024-02-06,,Rejected,0,No,0,0,4,Current,Yes
L01997,C11997,Bhopal,Bhopal,Madhya Pradesh,Female,36,Salaried,69473,684,2,Auto,187420,13,60,4264.38,2024-08-20,25-08-2024,Approved,187420,No,0,0,0,Savings,No
L01998,C11998,Bhopal,Bhopal,Madhya Pradesh,Female,38,Business,33529,685,3,Personal,69099,9.57,48,1738.29,2024-07-22,,Rejected,0,No,0,0,11,Current,Yes
L01999,C11999,Bengaluru East,Bengaluru,Karnataka,Male,36,Salaried,124555,652,0,Auto,122534,14.8,36,4235.69,2025-05-01,05-05-2025,Approved,122534,Yes,100,11450,11,Savings,No
L02000,C12000,Chennai North,Chennai,Tamil Nadu,Male,37,Self-employed,107372,798,0,Home,536974,15.42,84,10488.79,2025-01-04,13-01-2025,Approved,536974,No,0,0,13,Savings,Yes
